,0.5,0.6,0.7,0.8,0.9,1
1,,,,,,
2,,,,,,
3,,,,,,
4,,,,,,
5,,,,,,
6,,,,,,
7,,,,,,
8,,,,,,
9,,,,,,
10,,,,,,
11,,,,,,
12,,,,,,
13,,,,,,
14,,,,,,
15,,,,,,
16,,,,,,
17,,,,,,
18,,,,,,
19,,,,,,
20,,,,,,
21,,,,,,
22,,,,,,
23,,,,,,
24,,,,,,
25,,,,,,
26,,,,,,
27,,,,,,
28,,,,,,
29,,,,,,
30,,,,,,
31,,,,,,
32,,,,,,
33,,,,,,
34,,,,,,
35,,,,,,
36,,,,,,
37,,,,,,
38,,,,,,
39,,,,,,
40,,,,,,
41,,,,,,
42,,,,,,
43,,,,,,
44,,,,,,
45,,,,,,
46,,,,,,
47,,,,,,
48,,,,,,
49,,,,,,
50,17566.04007,17566.04007,17566.04007,17566.04007,17566.04007,17566.04007
51,,,,,,
52,,,,,,
53,,,,,,
54,,,,,,
55,,,,,,
56,,,,,,
57,,,,,,
58,,,,,,
59,,,,,,
60,,,,,,
61,,,,,,
62,,,,,,
63,,,,,,
64,,,,,,
65,,,,,,
66,,,,,,
67,,,,,,
68,,,,,,
69,,,,,,
70,,,,,,
71,15631.09931,,,,12214.87109,
72,,12214.87109,,,,12214.87109
73,,,,12214.87109,,
74,,,12214.87109,,,
75,,,,,,
76,,,,,,
77,,,,,,
78,,,,,,
79,,,,,,
80,,,,,,
81,,,,,,
82,,,,,,
83,,,,,,
84,,,,,,
85,,,,,,
86,,,,,,
87,,,,,,6703.971486
88,,,,,,
89,15568.33325,,,6703.971486,6703.971486,
90,,,15568.33325,,,
91,,15568.33325,,,,
92,,,,,,
93,,,,,,
94,,,,,,
95,,,,,,
96,,,,,,
97,,,,,,
98,,,,,,
99,,,,,,
100,,,,,,
101,,,,,,
102,,,,,,
103,,,,,,
104,,,,,,
105,,,,,,
106,,,,,,6703.971486
107,,,,,,
108,,,,,,
109,,,,6703.971486,,
110,15631.09931,,,,,
111,,10591.29351,,,6703.971486,
112,,,,,,
113,,,10591.29351,,,
114,,,,,,
115,,,,,,
116,,,,,,
117,,,,,,
118,,,,,,
119,,,,,,
120,,,,,,
121,,,,,,
122,,,,,,
123,,,,,,
124,,,,,,
125,,,,,,6703.971486
126,,,,,,
127,,,,,,
128,,,,,,
129,,,,,,
130,,,,,,
131,,,,,,
132,,,,,6703.971486,
133,,,,,,
134,,,,6703.971486,,
135,,,,,,
136,,,,,,
137,10910.424,8383.151122,10212.56725,,,
138,,,,,,
139,,,,,,
140,,,,,,
141,,,,,,
142,,,,,,6703.971486
143,,,,,,
144,,,,,,
145,,,,,,
146,,,,,,
147,,,,,,
148,,,,,,
149,,,,,,
150,,,,,,
151,,,,,6348.070334,
152,,,,,,
153,,,,,,
154,,,,,,
155,,,,,,
156,,,,5772.331232,,
157,,,,,,
158,,,,,,
159,,,5555.029756,,,
160,,,,,,
161,,,,,,
162,8526.701521,,,,,6382.403106
163,,7043.715071,,,,
164,,,,,,
165,,,,,,
166,,,,,,
167,,,,,,
168,,,,,,
169,,,,,,
170,,,,,,
171,,,,,,
172,,,,,,
173,,,,,6348.070334,
174,,,,,,
175,,,,,,
176,,,,,,6382.403106
177,,,,5772.331232,,
178,,,,,,
179,,,,,,
180,9807.599969,,5555.029756,,,
181,,7043.715071,,,,
182,,,,,,
183,,,,,,
184,,,,,,
185,,,,,,
186,,,,,,
187,,,,,,
188,,,,,,
189,,,,,,
190,,,,,,
191,,,,,4737.648051,
192,,,,,,
193,,,,,,3054.804348
194,,,,,,
195,,,,5312.364079,,
196,,,,,,
197,15150.56398,,,,,
198,,7994.127461,,,,
199,,,,,,
200,,,,,,
201,,,,,,
202,,,,,,
203,,,9138.477905,,,
204,,,,,,
205,,,,,,
206,,,,,,
207,,,,,4737.648051,
208,,,,4631.57682,,
209,,,,,,
210,,,,,,3054.804348
211,,,,,,
212,,,,,,
213,,,,,,
214,,,,,,
215,,,,,,
216,,,,,,
217,,,,,,
218,,,,,,
219,,,,,,
220,,,,,,
221,10500.59115,,,,,
222,,,5848.403845,,,
223,,7994.127461,,,,
224,,,,,,
225,,,,,,
226,,,,,,
227,,,,,,
228,,,,,4402.076728,3054.804348
229,,,,,,
230,,,,,,
231,,,,4791.09216,,
232,,,,,,
233,,,,,,
234,,,,,,
235,,,,,,
236,,,,,,
237,10500.59115,,,,,
238,,,,,,
239,,,,,,
240,,,,,,
241,,,,,,
242,,,,,,
243,,7994.127461,,,,
244,,,,,,
245,,,,,,2863.807941
246,,,,,,
247,,,,,,
248,,,5848.403845,,,
249,,,,,,
250,,,,,,
251,,,,,1385.287746,
252,,,,5674.754229,,
253,,,,,,
254,,,,,,
255,,,,,,
256,,,,,,
257,,,,,,
258,7770.067451,,,,,
259,,,,,,
260,,,,,,
261,,,,,,
262,,7994.127461,,,1385.287746,
263,,,,,,
264,,,,,,2424.812866
265,,,,,,
266,,,,,,
267,,,5848.403845,,,
268,,,,,,
269,,,,,,
270,,,,,,
271,,,,4961.413523,,
272,,,,,,
273,,,,,,
274,,,,,,
275,,,,,,
276,,,,,,
277,,,,,,
278,,,,,,2228.051293
279,,9244.849721,,,1385.287746,
280,,,,,,
281,,,,,,
282,10500.59115,,,,,
283,,,,,,
284,,,,4961.413523,,
285,,,,,,
286,,,6389.491895,,,
287,,,,,,
288,,,,,,
289,,,,,,
290,,,,,,
291,,,,,,
292,,,,,,
293,,,,,,
294,,,,,,1727.675653
295,,,,,,
296,,,,,1385.287746,
297,,,,3290.592734,,
298,,,,,,
299,,,,,,
300,,,,,,
301,,,,,,
302,,,,,,
303,,12265.76986,,,,
304,12556.41572,,7649.587842,,,
305,,,,,,
306,,,,,,
307,,,,,,
308,,,,,,1567.272674
309,,,,,,
310,,,,,535.3007167,
311,,,,,,
312,,,,3290.592734,,
313,,,,,,
314,,,,,,
315,,,,,,
316,,,,,,
317,,,,,,
318,,10332.05914,7649.587842,,,
319,,,,,,
320,,,,,,
321,,,,,,
322,,,,,,855.3252136
323,,,,,535.3007167,
324,,,,,,
325,13652.3873,,,,,
326,,,,,,
327,,,,,,
328,,,,,,
329,,,,,,
330,,,,3290.592734,,
331,,,,,,
332,,,,,,
333,,,7413.066411,,,
334,,,,,,855.3252136
335,,,,,,
336,,,,,,
337,,9362.987632,,,,
338,,,,,,
339,,,,,,
340,,,,,1632.328992,
341,,,,,,
342,,,,,,
343,,,,,,
344,,,,,,
345,13087.97314,,,,,
346,,,,,,
347,,,,,,
348,,,,,,560.4180903
349,,,,3290.592734,,
350,,,,,,
351,,,,,,
352,,,,,,
353,,7216.314943,,,,
354,,,6709.100462,,,
355,,,,,,
356,,,,,,
357,,,,,1448.547649,
358,,,,,,
359,,,,,,
360,,,,,,
361,,,,,,560.4180903
362,,,,,,
363,,,,,,
364,,,,,,
365,,,,3290.592734,,
366,,,,,,
367,12231.34762,,,,,
368,,,,,1448.547649,
369,,,,,,
370,,,,,,
371,,,,,,
372,,,,,,
373,,,,,,560.4180903
374,,,,,,
375,,,,,,
376,,7216.314943,,,,
377,,,6016.765572,,,
378,,,,,,
379,,,,,,
380,,,,2176.512397,,
381,,,,,,
382,,,,,,
383,,,,,1448.547649,
384,,,,,,
385,,,,,,
386,,,,,,
387,,,,,,560.4180903
388,,,,,,
389,,,,,,
390,11934.89613,,,,,
391,,,,,,
392,,,,,,
393,,,,,,
394,,,,,,
395,,,,,,
396,,8291.544794,,,,
397,,,,2176.512397,,
398,,,,,,
399,,,,,1448.547649,510.1300944
400,,,5582.914782,,,
401,,,,,,
402,,,,,,
403,,,,,,
404,,,,,,
405,,,,,,
406,,,,,,
407,,,,,,
408,,,,,,
409,,,,,,
410,11934.89613,,,,,
411,,,,,,313.4300374
412,,,,2176.512397,,
413,,,,,,
414,,5362.955836,5089.722105,,,
415,,,,,1448.547649,
416,,,,,,
417,,,,,,
418,,,,,,
419,,,,,,
420,,,,,,
421,,,,,,
422,,,,,,313.4300374
423,,,,2176.512397,,
424,,,,,,
425,,,,,,
426,,,,,,
427,,,,,,
428,,,,,,
429,11934.89613,,,,,
430,,,,,,
431,,,,,1196.529651,
432,,,,,,
433,,,,,,
434,,11151.78416,,,,
435,,,5315.685356,,,
436,,,,,,
437,,,,,,313.4300374
438,,,,,,
439,,,,2176.512397,,
440,,,,,,
441,,,,,,
442,,,,,,
443,,,,,,
444,,,,,,
445,,,,,,
446,,,,,,
447,,,,,,
448,,,,,,
449,,,,,,
450,,,,,854.9339467,
451,,,,,,
452,11256.85318,11151.78416,,,,
453,,,,,,
454,,,,,,313.4300374
455,,,5582.914782,,,
456,,,,,,
457,,,,,,
458,,,,,,
459,,,,2176.512397,,
460,,,,,,
461,,,,,,
462,,,,,,
463,,,,,,
464,,,,,,
465,,,,,811.1602323,
466,,,,,,
467,,,,,,
468,,,,,,
469,5138.28449,,,,,313.4300374
470,,,,,,
471,,,,,,
472,,9569.961813,,,,
473,,,,,,
474,,,,,,
475,,,,,,
476,,,5582.914782,,,
477,,,,,,
478,,,,2317.763376,,
479,,,,,,
480,,,,,,
481,,,,,,
482,,,,,,
483,,,,,,261.4080875
484,,,,,,
485,,,,,,
486,,,,,,
487,,,,,669.3336685,
488,11256.85318,,,,,
489,,,,,,
490,,,,,,
491,,,,,,
492,,7562.464514,,,,
493,,,5640.078448,,,
494,,,,,,
495,,,,,,
496,,,,,,
497,,,,,,206.3590145
498,,,,,,
499,,,,,669.3336685,
500,,,,2317.763376,,
501,,,,,,
502,,,,,,
503,,,,,,
504,,,,,,
505,,,,,,
506,,,,,,
507,,,,,,
508,,,,,,206.3590145
509,,,,,,
510,11256.85318,,,,,
511,,,,,,
512,,,,,,
513,,,,,669.3336685,
514,,,3020.165865,2186.711083,,
515,,5936.03976,,,,
516,,,,,,
517,,,,,,
518,,,,,,
519,,,,,,
520,,,,,,
521,,,,,,206.3590145
522,,,,,,
523,,,,,,
524,,,,,,
525,,,,,,
526,,,,,,
527,8620.090331,,,,,
528,,,,,669.3336685,
529,,,,1101.702814,,
530,,,,,,
531,,5936.03976,,,,
532,,,,,,206.3590145
533,,,,,,
534,,,3020.165865,,,
535,,,,,,
536,,,,,,
537,,,,,,
538,,,,,,
539,,,,,,
540,,,,,,
541,,,,,,
542,,,,,,
543,,,,,,
544,8620.090331,,,,,
545,,,,,669.3336685,
546,,,,,,
547,,,,,,206.3590145
548,,,,1086.895488,,
549,,5956.852124,,,,
550,,,3020.165865,,,
551,,,,,,
552,,,,,,
553,,,,,,
554,,,,,,
555,,,,,,
556,,,,,,
557,,,,,,
558,,,,,,
559,,,,,,
560,,,,,,
561,,,,,,171.8875167
562,,,,,,
563,,,,,406.4723984,
564,11256.85318,,,,,
565,,,,,,
566,,,,,,
567,,,,,,
568,,,,851.7642548,,
569,,5956.852124,,,,
570,,,,,,
571,,,,,,
572,,,,,,
573,,,3322.033873,,,
574,,,,,,
575,,,,,,
576,,,,,,
577,,,,,,161.3229923
578,,,,,,
579,,,,,,
580,,,,,,
581,,,,,406.4723984,
582,,,,,,
583,,,,,,
584,,,,,,
585,12453.53777,,,,,
586,,,,1086.895488,,
587,,,,,,
588,,,,,,
589,,5099.883682,,,,
590,,,3322.033873,,,
591,,,,,,161.3229923
592,,,,,,
593,,,,,406.4723984,
594,,,,,,
595,,,,,,
596,,,,,,
597,,,,,,
598,,,,,,
599,,,,,,
600,,,,,,
601,,,3204.672247,919.0077892,,
602,,,,,,
603,,,,,,
604,11121.79133,,,,,
605,,,,,,161.3229923
606,,,,,,
607,,,,,,
608,,3965.841189,,,,
609,,,,,,
610,,,,,,
611,,,,,,
612,,,,,406.4723984,
613,,,,,,
614,,,,,,
615,,,,,,
616,,,,,,
617,,,,,,
618,,,,,,
619,,,,,,
620,,,,,,
621,,,3204.672247,,,
622,,,,764.7748871,,
623,,,,,,154.6439289
624,11121.79133,,,,,
625,,,,,,
626,,,,,,
627,,,,,406.4723984,
628,,,,,,
629,,,,,,
630,,,,,,
631,,,,,,
632,,,,,,
633,,,,,,131.9355362
634,,,,,,
635,,3965.841189,,,,
636,,,,,,
637,,,,,,
638,,,,764.7748871,,
639,,,3106.166476,,,
640,,,,,378.1518199,
641,,,,,,
642,,,,,,
643,,,,,,
644,12617.49546,,,,,131.9355362
645,,,,,,
646,,,,,,
647,,,,,,
648,,,,,,
649,,,,,,
650,,,,,,
651,,,,,,
652,,,,,,
653,,,,,378.1518199,
654,,,,,,
655,,,,919.0077892,,
656,,6224.048154,,,,
657,,,,,,
658,,,,,,127.5031019
659,,,3106.166476,,,
660,,,,,,
661,,,,,,
662,,,,,,
663,,,,,,
664,,,,,,
665,,,,,,
666,,,,,,
667,,,,,,
668,6713.435609,,,,,
669,,,,,,
670,,,,,238.8330624,
671,,,,,,
672,,,,919.0077892,,
673,,,,,,127.5031019
674,,,,,,
675,,,,,,
676,,6224.048154,,,,
677,,,,,,
678,,,,,,
679,,,,,,
680,,,,,,
681,,,,,,
682,,,,,,
683,,,,,,
684,,,3089.249343,,,122.5777931
685,,,,,,
686,,,,,,
687,,,,,,
688,,,,919.0077892,238.8330624,
689,,,,,,
690,,,,,,
691,,,,,,
692,,,,,,
693,14080.08502,,,,,
694,,,,,,
695,,,,,,
696,,,,,,103.1034533
697,,,,,,
698,,,3089.249343,,,
699,,,,,,
700,,,,,,
701,,6224.048154,,,,
702,,,,,,
703,,,,,,
704,,,,,,
705,,,,883.0909898,238.8330624,
706,,,,,,
707,,,,,,
708,,,,,,
709,,,,,,
710,,,,,,89.86792193
711,,,,,,
712,,,,,,
713,,,,,,
714,,,,,,
715,10821.11666,6224.048154,,,,
716,,,,,,
717,,,,883.0909898,238.8330624,
718,,,,,,
719,,,2619.307352,,,
720,,,,,,
721,,,,,,
722,,,,,,89.86792193
723,,,,,,
724,,,,,,
725,,,,,,
726,,,,,,
727,,,,,,
728,,,,,,
729,,,,,,
730,,,,,,
731,,,,,,
732,,,,,,89.86792193
733,8817.54315,,,,,
734,,4035.470012,2619.307352,,,
735,,,,,,
736,,,,,238.8330624,
737,,,,,,
738,,,,,,
739,,,,,,
740,,,,883.0909898,,
741,,,,,,
742,,,,,,56.78915492
743,,,,,,
744,,,,,,
745,,,,,,
746,,,,,,
747,,,,,,
748,,,,,238.8330624,
749,,,,,,
750,9293.796521,,,,,56.78915492
751,,4035.470012,,,,
752,,,,,,
753,,,,,,
754,,,,,,
755,,,,,,
756,,,,,,
757,,,2619.307352,,,
758,,,,1149.652973,,56.78915492
759,,,,,,
760,,,,,,
761,,,,,,
762,,,,,,
763,,,,,,
764,,,,,,
765,,,,,,
766,,,,,238.8330624,
767,,,,,,
768,,,,,,
769,7301.34352,,,,,56.78915492
770,,,,,,
771,,,,,,
772,,,,,,
773,,3704.195464,,1097.716921,,
774,,,,,,
775,,,,,,
776,,,,,,
777,,,2619.307352,,,
778,,,,,,
779,,,,,,56.78915492
780,,,,,,
781,,,,,237.8863965,
782,,,,,,
783,,,,,,56.78915492
784,,,,,,
785,,,,,,
786,,,,,,
787,,,,,,
788,,,,1097.716921,,
789,,,,,,
790,,,,,,
791,,,,,,56.78915492
792,7301.34352,,,,,
793,,,,,,
794,,4035.470012,,,,
795,,,2619.307352,,,
796,,,,,,
797,,,,,,
798,,,,,187.4534774,56.78915492
799,,,,,,
800,,,,,,
801,,,,,,
802,,,,,,
803,,,,,,
804,,,,,,
805,,,,,,
806,,,,,,
807,,,,954.0763259,,56.78915492
808,,,,,,
809,,,,,,
810,6616.615881,,2619.307352,,,
811,,,,,187.4534774,
812,,,,,,56.78915492
813,,,,,,
814,,,,,,
815,,,,,,
816,,,,,,56.78915492
817,,4035.470012,,,,
818,,,,,,
819,,,,,,56.78915492
820,,,,,,
821,,,,,,
822,,,,,178.8529335,
823,,,,,,
824,,,,,,56.78915492
825,,,,,,
826,,,,948.831005,,
827,,,,,,
828,7301.34352,,,,,
829,,,2874.766545,,,56.78915492
830,,,,,,
831,,4035.470012,,,,
832,,,,,,
833,,,,,,
834,,,,,,
835,,,,,178.8529335,
836,,,,,,56.78915492
837,,,,,,
838,,,,,,
839,,,,,,
840,,,,,,
841,,,,,,
842,,,,,,
843,,,,753.4267215,,
844,,,,,,56.78915492
845,,,,,,
846,,,,,,
847,7301.34352,,,,,56.78915492
848,,,,,,
849,,,,,160.6476056,
850,,,,,,
851,,,,,,
852,,,3137.326156,,,56.78915492
853,,4035.470012,,,,
854,,,,,,
855,,,,,,
856,,,,,,40.22674754
857,,,,,,
858,,,,,,
859,,,,753.4267215,,
860,,,,,,
861,,,,,,
862,,,,,,
863,,,,,,40.22674754
864,,,,,164.6634477,
865,,,,,,40.22674754
866,,,,,,
867,,,,,,
868,,,,,,
869,,,,,,40.22674754
870,,,1874.547242,,,
871,,,,,,
872,2785.896115,,,,,
873,,2906.454727,,,,
874,,,,,,
875,,,,753.4267215,,
876,,,,,,40.22674754
877,,,,,,
878,,,,,,
879,,,,,,40.22674754
880,,,,,,
881,,,,,,40.22674754
882,,,,,161.5086123,
883,,,,,,
884,,,,,,
885,,,,,,
886,,,,,,
887,,2906.454727,,,,40.22674754
888,,,,753.4267215,,
889,,,,,,
890,,,,,,
891,,,,,,
892,3814.998561,,,,,
893,,,1874.547242,,,40.22674754
894,,,,,,
895,,,,,,
896,,,,,,
897,,,,,142.7709239,
898,,,,,,40.22674754
899,,,,,,
900,,,,,,
901,,,,,,
902,,,,,,
903,,,,,,
904,,,,,,40.22674754
905,,,,753.4267215,,
906,,,,,,40.22674754
907,,,,,,40.22674754
908,,,,,144.1232624,
909,,,,,,
910,,2906.454727,,,,
911,3814.998561,,,,,
912,,,,,,40.22674754
913,,,,,,
914,,,,,,
915,,,,,,
916,,,1874.547242,,,
917,,,,,,40.22674754
918,,,,,,
919,,,,,,
920,,,,501.1877832,,
921,,,,,,40.22674754
922,,,,,,
923,,,,,,
924,,,,,,
925,,,,,164.6634477,
926,,,,,,
927,,,,,,40.22674754
928,,,,,,40.22674754
929,,,,,,40.22674754
930,,,,,,
931,6549.119279,,,,,40.22674754
932,,2906.454727,,,,
933,,,,,,
934,,,,429.0165703,,40.22674754
935,,,,,,40.22674754
936,,,,,,
937,,,2535.361538,,,40.22674754
938,,,,,,
939,,,,,,
940,,,,,,38.70707153
941,,,,,,38.70707153
942,,,,,,38.70707153
943,,,,,,
944,,,,,160.3222558,
945,,,,,,38.70707153
946,,,,,,38.70707153
947,,,,,,
948,,,,,,
949,,,,,,38.70707153
950,,,,429.0165703,,38.70707153
951,,,,,,
952,,,,,,
953,,,,,,
954,,3655.658271,,,,38.70707153
955,3013.283637,,,,,
956,,,,,,
957,,,2535.361538,,,
958,,,,,,38.70707153
959,,,,,,38.70707153
960,,,,,,38.70707153
961,,,,,130.282516,
962,,,,,,
963,,,,,,38.70707153
964,,,,,,
965,,,,,,38.70707153
966,,,,429.0165703,,
967,,,,,,38.70707153
968,,,,,,38.70707153
969,,,,,,38.70707153
970,,,,,130.282516,
971,,,,,,
972,,,,,,
973,,6140.529012,,,,38.70707153
974,,,,,,38.70707153
975,11809.33984,,,,,
976,,,,,,
977,,,,,,38.70707153
978,,,2535.361538,,,
979,,,,,,
980,,,,,,38.70707153
981,,,,,,38.70707153
982,,,,,,
983,,,,,,36.10690497
984,,,,,130.282516,
985,,,,285.3483075,,
986,,,,,,36.10690497
987,,,,,,
988,,,,,,36.10690497
989,,,,,,
990,,,,,,
991,,,,,,36.10690497
992,11487.93626,,,,,36.10690497
993,,6077.310642,,,,
994,,,,,,
995,,,2163.43649,,,
996,,,,,,
997,,,,,130.282516,36.10690497
998,,,,,,
999,,,,,,
1000,,,,,,
1001,,,,,,36.10690497
1002,,,,,,
1003,,,,,,
1004,,,,,,
1005,,,,,,31.94359624
1006,,,,,,
1007,,,,285.3483075,,
1008,,,,,,31.94359624
1009,,,,,,
1010,,,,,,31.94359624
1011,,,2149.51424,,102.3630347,31.94359624
1012,10685.39841,7392.145012,,,,31.94359624
1013,,,,,,27.76754117
1014,,,,,,
1015,,,,,,27.76754117
1016,,,,,,
1017,,,,,,27.76754117
1018,,,,,,
1019,,,,,,
1020,,,,,,27.76754117
1021,,,,,,27.76754117
1022,,,,,,
1023,,,,,,
1024,,,,,,27.76754117
1025,,,,,102.3630347,27.76754117
1026,,,3021.930651,468.2099588,,27.76754117
1027,,,,,,
1028,,,,,,
1029,,,,,,27.76754117
1030,,3547.944069,,,,
1031,,,,,,27.76754117
1032,,,,,,
1033,,,,,,
1034,6134.990191,,,,,27.76754117
1035,,,,,,27.76754117
1036,,,,,,27.76754117
1037,,,,,,
1038,,,,,102.3630347,27.76754117
1039,,,,,,
1040,,,,,,27.76754117
1041,,,,,,
1042,,,,468.2099588,,27.76754117
1043,,,3021.930651,,,27.76754117
1044,,,,,,
1045,,,,,,27.76754117
1046,,,,,,27.76754117
1047,,,,,,25.20415817
1048,,,,,,25.20415817
1049,,,,,,
1050,,,,,102.3630347,25.20415817
1051,,,,,,25.20415817
1052,5124.203372,3381.263794,,,,
1053,,,,,,
1054,,,,468.2099588,,
1055,,,,,,21.0473997
1056,,,,,,
1057,,,,,,21.0473997
1058,,,,,,21.0473997
1059,,,,,,
1060,,,,,,21.0473997
1061,,,,,,21.0473997
1062,,,,,,21.0473997
1063,,,2341.749275,,,21.0473997
1064,,,,,102.3630347,21.0473997
1065,,,,,,21.0473997
1066,,,,,,
1067,,,,,,
1068,,,,,,21.0473997
1069,,3547.944069,,554.0335633,,
1070,,,,,,
1071,,,,,,21.0473997
1072,,,,,,21.0473997
1073,,,,,,21.0473997
1074,5124.203372,,,,,
1075,,,,,,21.0473997
1076,,,,,,
1077,,,,,102.3630347,
1078,,,,,,
1079,,,,,,21.0473997
1080,,,,,,
1081,,,,,,21.0473997
1082,,,,,,21.0473997
1083,,,,,,
1084,,,2445.857518,,,15.78920279
1085,,,,,,15.78920279
1086,,,,,,15.78920279
1087,,,,,,15.78920279
1088,,,,554.0335633,,
1089,10287.4332,,,,,15.78920279
1090,,,,,,15.78920279
1091,,,,,,15.78920279
1092,,,,,102.3630347,
1093,,3586.121388,,,,15.78920279
1094,,,,,,15.78920279
1095,,,,,,15.78920279
1096,,,,,,15.78920279
1097,,,,,,
1098,,,,,,
1099,,,,,,
1100,,,,,,15.78920279
1101,,,,,102.3630347,15.78920279
1102,,,2445.857518,554.0335633,,
1103,,,,,,15.78920279
1104,,,,,,15.78920279
1105,,,,,,15.78920279
1106,,,,,,
1107,,,,,,15.78920279
1108,,,,,,15.78920279
1109,9857.512521,,,,,15.78920279
1110,,,,,,15.78920279
1111,,,,,,
1112,,,,,,
1113,,,,,102.3630347,
1114,,,,,,
1115,,,,,,14.84533997
1116,,,,,,14.84533997
1117,,,,,,14.84533997
1118,,,2445.857518,,,
1119,,4722.337275,,554.0335633,,14.84533997
1120,,,,,,
1121,,,,,,14.84533997
1122,,,,,,14.84533997
1123,,,,,,
1124,,,,,,14.84533997
1125,,,,,,14.84533997
1126,,,,,87.98140187,14.84533997
1127,,,,,,
1128,11146.90784,,,,,
1129,,,,,,14.84533997
1130,,,,,,
1131,,,,564.5342494,,14.84533997
1132,,,,,,14.83086082
1133,,,,,,
1134,,,,,,14.83086082
1135,,,2281.384861,,,
1136,,,,,,
1137,,,,,,
1138,,,,,,12.21964092
1139,,,,,,
1140,,,,,,12.21964092
1141,,6182.209512,,,87.98140187,
1142,,,,,,12.21964092
1143,,,,,,
1144,,,,,,11.43515698
1145,,,,,,11.43515698
1146,,,,,,
1147,,,,,,11.43515698
1148,11146.90784,,,,,
1149,,,,,,8.418994171
1150,,,2107.46054,,,
1151,,,,,,8.418994171
1152,,,,,,
1153,,,,458.1341491,,8.418994171
1154,,,,,,
1155,,,,,,8.418994171
1156,,,,,87.98140187,8.295531264
1157,,,,,,8.295531264
1158,,,,,,8.295531264
1159,,,,,,8.295531264
1160,,,,,,
1161,,,,,,
1162,,,,,,7.905646357
1163,,,,,,
1164,,,,,,
1165,,,,,,6.78222141
1166,,3312.930995,,,,
1167,,,,,,6.78222141
1168,,,2820.680505,,87.98140187,
1169,,,,,,6.78222141
1170,,,,458.1341491,,
1171,,,,,,6.78222141
1172,6404.487008,,,,,6.78222141
1173,,,,,,6.78222141
1174,,,,,,
1175,,,,,,6.78222141
1176,,,,,,6.78222141
1177,,,,,,6.78222141
1178,,,,,,
1179,,,,,87.98140187,6.78222141
1180,,,,,,
1181,,,,,,
1182,,,,,,6.78222141
1183,,,,,,
1184,,,,,,
1185,,,2820.680505,,,6.78222141
1186,,,,,,6.78222141
1187,,,,,,
1188,,,,,,6.78222141
1189,,2926.545961,,458.1341491,,
1190,,,,,,6.78222141
1191,,,,,,
1192,,,,,,6.78222141
1193,,,,,94.21332298,6.78222141
1194,,,,,,6.78222141
1195,,,,,,
1196,,,,,,
1197,11146.90784,,,,,
1198,,,,,,5.887125808
1199,,,,,,5.887125808
1200,,,,,,5.887125808
1201,,,,,,
1202,,,,,,5.887125808
1203,,,2350.984973,,,5.887125808
1204,,,,,,
1205,,,,,,5.411997563
1206,,,,,,5.411997563
1207,,,,,,
1208,,,,503.0873809,,
1209,,,,,94.21332298,5.411997563
1210,,4174.69259,,,,
1211,,,,,,5.411997563
1212,,,,,,
1213,,,,,,5.411997563
1214,,,,,,
1215,,,,,,4.933052431
1216,,,2350.984973,,,
1217,,,,,,
1218,,,,,,
1219,,,,,,
1220,11146.90784,,,,98.40408898,4.933052431
1221,,,,,,
1222,,,,503.0873809,,4.933052431
1223,,,,,,
1224,,,,,,4.670858919
1225,,7567.9685,,,,
1226,,,,,,
1227,,,,,,4.670858919
1228,,,,,,
1229,,,,,,
1230,,,,,,4.670858919
1231,,,,,86.44712839,4.670858919
1232,,,,,,
1233,,,,,,4.670858919
1234,,,,,,
1235,,,,,,4.670858919
1236,,,2350.984973,,,
1237,,,,,,
1238,,,,,,
1239,,,,,,4.416628362
1240,,,,,,
1241,,,,,,
1242,11146.90784,,,503.0873809,,
1243,,,,,,
1244,,,,,,4.3321814
1245,,,,,,
1246,,,,,,
1247,,,,,98.40408898,4.042817328
1248,,7361.7645,,,,
1249,,,,,,4.042817328
1250,,,,,,
1251,,,,,,4.042817328
1252,,,1541.226068,,,
1253,,,,,,4.042817328
1254,,,,,,4.042817328
1255,,,,,,
1256,,,,,,
1257,,,,,,
1258,,,,,,4.042817328
1259,,,,503.0873809,,
1260,,,,,,
1261,,,,,,4.042817328
1262,,,,,,
1263,11146.90784,,,,89.1403707,4.042817328
1264,,,,,,
1265,,7361.7645,,,,4.042817328
1266,,,,,,
1267,,,,,,
1268,,,,,,3.329434999
1269,,,,,,3.329434999
1270,,,,,,
1271,,,,,,
1272,,,,,,
1273,,,1541.226068,,,3.329434999
1274,,,,,,
1275,,,,503.0873809,,
1276,,,,,,3.329434999
1277,,,,,,
1278,,,,,,
1279,,7361.7645,,,,3.329434999
1280,,,,,,
1281,,,,,,
1282,,,,,89.1403707,3.329434999
1283,5440.621055,,,,,
1284,,,,,,3.329434999
1285,,,,,,3.329434999
1286,,,,,,
1287,,,,,,
1288,,,,399.2335489,,
1289,,,,,,3.329434999
1290,,,,,,
1291,,,,,,
1292,,,,,,
1293,,,1476.715289,,,3.329434999
1294,,,,,,
1295,,,,,,
1296,,,,,,
1297,5440.621055,,,,,
1298,,7381.767934,,,,
1299,,,,,89.1403707,
1300,,,,,,
1301,,,,,,3.329434999
1302,,,,,,
1303,,,,,,
1304,,,,,,
1305,,,,,,
1306,,,,,,3.329434999
1307,,,,,,
1308,,,,,,3.329434999
1309,,,,399.2335489,,
1310,,,,,89.1403707,3.329434999
1311,,,,,,
1312,,,1256.602509,,,
1313,,,,,,
1314,,,,,,3.329434999
1315,,,,,,
1316,,,,,,
1317,,,,,,
1318,5440.621055,,,,,
1319,,,,,,
1320,,,,,,
1321,,,,,,3.329434999
1322,,5580.81069,,,,
1323,,,,,,
1324,,,,,,
1325,,,,,89.1403707,
1326,,,,,,
1327,,,,399.2335489,,3.329434999
1328,,,,,,
1329,,,1834.430043,,,
1330,,,,,,
1331,,,,,,3.329434999
1332,,,,,,
1333,,,,,,
1334,,,,,,
1335,,,,,,
1336,,,,,,
1337,,,,,,3.329434999
1338,,,,,96.59729415,
1339,5440.621055,,,,,
1340,,,,,,
1341,,,,,,
1342,,5580.81069,,,,
1343,,,,,,
1344,,,,,,
1345,,,,399.2335489,,3.227737015
1346,,,,,,
1347,,,,,,
1348,,,,,96.59729415,
1349,,,,,,
1350,,,,,,3.227737015
1351,,,2471.867471,,,
1352,,,,,,
1353,,,,,,
1354,,,,,,
1355,,,,,,
1356,,,,,,3.128234693
1357,,,,,,
1358,,,,,,
1359,,,,399.2335489,,
1360,,,,,,3.128234693
1361,,5915.897966,,,96.59729415,
1362,,,,,,
1363,1419.019139,,,,,
1364,,,,,,
1365,,,,,,
1366,,,,,,
1367,,,,,,
1368,,,,,,3.128234693
1369,,,2225.28755,,,
1370,,,,,,
1371,,,,,,
1372,,,,,,
1373,,,,436.8755533,,
1374,,,,,,3.128234693
1375,,,,,,
1376,,,,,96.59729415,
1377,,,,,,
1378,,,,,,
1379,,,,,,
1380,,,,,,
1381,,4886.306049,,,,2.213886478
1382,1419.019139,,,,,
1383,,,,,,
1384,,,,,,
1385,,,,,,
1386,,,,,96.59729415,
1387,,,2329.697067,,,
1388,,,,,,
1389,,,,,,2.213886478
1390,,,,436.8755533,,
1391,,,,,,
1392,,,,,,
1393,,,,,,
1394,,,,,,2.213886478
1395,,,,,,
1396,,,,,,
1397,,,,,,2.213886478
1398,,,,,,
1399,5594.417522,4050.793887,,,96.59729415,
1400,,,,,,
1401,,,2329.697067,,,
1402,,,,,,2.213886478
1403,,,,,,
1404,,,,,,
1405,,,,,,
1406,,,,,,
1407,,,,436.8755533,,
1408,,,,,,2.213886478
1409,,,,,,
1410,,,,,,
1411,,,,,74.24977926,
1412,,,1889.634232,,,
1413,,,,,,2.213886478
1414,,,,,,
1415,,,,,,
1416,,,,,,
1417,,,,,,2.213886478
1418,,,,,,
1419,,4050.793887,,,,
1420,5594.417522,,,,,2.213886478
1421,,,,,,
1422,,,,,,
1423,,,,,,2.213886478
1424,,,,,74.24977926,
1425,,,,,,
1426,,,,,,
1427,,,,436.8755533,,
1428,,,,,,2.213886478
1429,,,,,,
1430,,,,,,
1431,,,1179.013505,,,
1432,,,,,,
1433,,,,,,
1434,,,,,,
1435,,4050.793887,,,,
1436,,,,,74.24977926,2.12953158
1437,,,,,,
1438,,,,,,
1439,,,,,,2.12953158
1440,,,,,,
1441,,,,,,
1442,,,,,,
1443,2950.976504,,,434.7984114,,
1444,,,,,,
1445,,,,,,
1446,,,,,,
1447,,4050.793887,,,,2.12953158
1448,,,,,60.80963437,
1449,,,,,,
1450,,,,,,2.12953158
1451,,,1128.140141,,,
1452,,,,,,
1453,,,,,,
1454,,,,,,
1455,,,,,,2.12953158
1456,,,,434.7984114,,
1457,,,,,,
1458,,,,,,2.12953158
1459,,,,,,
1460,,,,,,
1461,2950.976504,,,,60.80963437,
1462,,,,,,
1463,,,,,,2.12953158
1464,,,,,,
1465,,,,,,
1466,,,,,,2.12953158
1467,,,,,,
1468,,,,,,
1469,,,,,,
1470,,,1128.140141,389.8135194,,
1471,,,,,,2.12953158
1472,,4050.793887,,,,
1473,,,,,60.80963437,
1474,,,,,,2.12953158
1475,,,,,,
1476,,,,,,
1477,,,,,,2.12953158
1478,,,,,,
1479,,,,,,
1480,,,,,,2.12953158
1481,,,,,,
1482,2950.976504,,,,,
1483,,,,389.8135194,,
1484,,,1128.140141,,,2.12953158
1485,,,,,,
1486,,,,,,
1487,,,,,,
1488,,,,,,
1489,,,,,60.80963437,
1490,,,,,,
1491,,,,,,2.12953158
1492,,,,,,
1493,,4050.793887,,,,
1494,,,,,,2.12953158
1495,,,,,,
1496,,,,,,
1497,,,,389.8135194,,
1498,,,,,,2.12953158
1499,,,,,,
1500,,,,,,
1501,,,,,,
1502,,,1128.140141,,,2.109952657
1503,,,,,60.80963437,
1504,,,,,,
1505,,,,,,
1506,,,,,,
1507,,,,,,2.109202448
1508,,,,,,
1509,,,,,,
1510,,,,,,
1511,2950.976504,,,,,2.109202448
1512,,,,,,
1513,,4050.793887,,389.8135194,,
1514,,,,,60.80963437,
1515,,,,,,
1516,,,,,,
1517,,,,,,2.106051179
1518,,,,,,
1519,,,,,,
1520,,,,,,
1521,,,,,,2.106051179
1522,,,1005.7944,,,
1523,,,,,,
1524,,,,,,
1525,,,,389.8135194,,
1526,,,,,,
1527,,,,,,
1528,,,,,60.80963437,2.106051179
1529,,,,,,
1530,,,,,,
1531,,,,,,
1532,,,,,,
1533,2950.976504,,,,,2.061502995
1534,,,,,,
1535,,,,,,
1536,,,,,,2.061502995
1537,,3707.001055,,,,
1538,,,,,60.80963437,
1539,,,,,,
1540,,,,,,2.061502995
1541,,,,,,
1542,,,1005.7944,358.8776503,,
1543,,,,,,
1544,,,,,,
1545,,,,,,
1546,,,,,,
1547,,,,,60.80963437,2.061502995
1548,,,,,,
1549,,,,,,
1550,2950.976504,,,,,
1551,,,,,,2.061502995
1552,,,,,,
1553,,,,,,
1554,,,,,,
1555,,,,,,
1556,,,,,,2.061502995
1557,,,,,,
1558,,,,,,2.061502995
1559,,3707.001055,1005.7944,,,
1560,,,,,77.22229215,
1561,,,,,,
1562,,,,,,
1563,,,,,,
1564,,,,358.8776503,,
1565,,,,,,
1566,,,,,,2.061502995
1567,,,,,,
1568,,,,,,
1569,,,,,,
1570,,,,,,
1571,,,,,,
1572,,,,,,
1573,,,,,77.22229215,2.041863414
1574,,,,,,
1575,,,1985.194955,,,
1576,,,,,,
1577,6486.056422,3707.001055,,,,
1578,,,,358.8776503,,
1579,,,,,,2.034436786
1580,,,,,,
1581,,,,,,2.034436786
1582,,,,,,
1583,,,,,,
1584,,,,,,
1585,,,,,,
1586,,,,,,
1587,,,,,,
1588,,,,,77.22229215,
1589,,,,,,2.011814432
1590,,,,,,
1591,,,,,,
1592,,,1985.194955,,,
1593,,,,,,2.011814432
1594,,3707.001055,,,,
1595,,,,,,
1596,,,,,,
1597,,,,,,
1598,,,,,,
1599,,,,,,2.011814432
1600,,,,358.8776503,,
1601,7354.35946,,,,,
1602,,,,,,
1603,,,,,,
1604,,,,,77.22229215,
1605,,,,,,
1606,,,,,,
1607,,,,,,2.011814432
1608,,,,,,
1609,,,,,,
1610,,,1985.194955,,,
1611,,,,,,
1612,,,,,,
1613,,,,,,2.011814432
1614,,,,,77.22229215,
1615,,,,,,
1616,,,,,,
1617,,2950.113856,,,,
1618,,,,,,
1619,,,,310.1410108,,
1620,,,,,,
1621,,,,,,2.011814432
1622,4263.780598,,969.3698669,,,
1623,,,,,,
1624,,,,,,
1625,,,,,,2.011814432
1626,,,,,77.22229215,
1627,,,,,,
1628,,,,,,
1629,,,,,,
1630,,,,,,
1631,,,,,,2.011814432
1632,,,,,,
1633,,,,,,
1634,,,,,,
1635,,,,,,
1636,,,,,,
1637,,,,296.8668029,,2.001227271
1638,,,,,,
1639,,2932.78136,,,,
1640,4263.780598,,,,79.22918816,
1641,,,,,,
1642,,,969.3698669,,,2.001227271
1643,,,,,,
1644,,,,,,2.001227271
1645,,,,,,
1646,,,,,,
1647,,,,,,
1648,,,,,,
1649,,,,,79.22918816,
1650,,,,,,
1651,,,,,,2.001227271
1652,,,,,,
1653,,,,,,
1654,,,,,,
1655,,,,,,2.001227271
1656,,,1044.815597,,,
1657,,,,,,
1658,,,,296.8668029,,
1659,,,,,,
1660,,2932.78136,,,,2.001227271
1661,,,,,,
1662,,,,,55.38990708,
1663,,,,,,2.001227271
1664,,,,,,
1665,6656.125146,,,,,
1666,,,,,,
1667,,,,,,
1668,,,,,,
1669,,,,,,
1670,,,,,,
1671,,,,,55.38990708,2.001227271
1672,,,1044.815597,,,
1673,,,,296.8668029,,
1674,,,,,,
1675,,,,,,
1676,,,,,,
1677,,2950.113856,,,,
1678,,,,,,
1679,,,,,,2.000532306
1680,,,,,,
1681,,,,,55.38990708,2.000532306
1682,,,,,,
1683,,,,,,
1684,,,,,,
1685,5873.025188,,1044.815597,,,
1686,,,,,,
1687,,,,,,2.000532306
1688,,,,,55.38990708,
1689,,,,,,
1690,,,,,,
1691,,,,,,
1692,,,,,,2.000532306
1693,,3121.302174,,307.7875319,,
1694,,,,,,
1695,,,,,,
1696,,,,,,
1697,,,,,,
1698,,,,,,
1699,,,,,,
1700,,,,,,1.999500284
1701,,,,,,
1702,,,,,,
1703,,,,,55.38990708,
1704,,,,,,
1705,,,,,,1.999500284
1706,,,,307.7875319,,
1707,5873.025188,,,,,
1708,,,,,,
1709,,,1008.328844,,,
1710,,,,,,
1711,,,,,,
1712,,,,,,1.997491725
1713,,1803.116765,,,,
1714,,,,,55.38990708,
1715,,,,,,
1716,,,,,,
1717,,,,,,
1718,,,,,,1.993802009
1719,,,,,,
1720,,,,,,
1721,,,1008.328844,,,1.993802009
1722,,,,,,
1723,,,,,,
1724,,,,307.7875319,,
1725,,,,,,
1726,,,,,55.38990708,
1727,,,,,,1.993802009
1728,5873.025188,,,,,
1729,,,,,,
1730,,1803.116765,,,,
1731,,,,,,
1732,,,,,,
1733,,,,,,
1734,,,,,,
1735,,,,,,
1736,,,,,55.38990708,
1737,,,,307.7875319,,1.993802009
1738,,,,,,
1739,,,,,,
1740,,,,,,
1741,,,,,,
1742,,,1044.815597,,,
1743,,,,,,1.993802009
1744,,,,,,
1745,,,,,,
1746,,,,,,
1747,5873.025188,1803.116765,,,79.22918816,1.993802009
1748,,,,,,
1749,,,,,,
1750,,,,,,
1751,,,,,,
1752,,,,271.1399753,,1.993802009
1753,,,,,,
1754,,,,,,
1755,,,,,,
1756,,,,,,
1757,,,,,,
1758,,,,,,1.993503181
1759,,,,,,
1760,,,,,,
1761,,,,,,
1762,,,,,,
1763,,,,,,
1764,,,706.6802689,,76.62143049,
1765,,,,,,
1766,,,,,,
1767,,1803.116765,,,,1.992730962
1768,,,,,,
1769,,,,,,
1770,4443.945926,,,,,
1771,,,,221.9825607,,
1772,,,,,,
1773,,,,,76.62143049,
1774,,,,,,1.992730962
1775,,,,,,
1776,,,,,,
1777,,,,,,
1778,,,,,,
1779,,,,,,
1780,,,,,,
1781,,,,,,
1782,4443.945926,,,,,1.992730962
1783,,2597.484081,,,,
1784,,,,,,
1785,,,616.417047,,,
1786,,,,,,
1787,,,,,,
1788,,,,,,
1789,,,,221.9825607,,
1790,,,,,76.62143049,
1791,,,,,,
1792,,,,,,1.992730962
1793,,,,,,
1794,,,,,,
1795,,,,,,
1796,,,,,,
1797,,,,,,
1798,,2597.484081,,,,
1799,,,,,,
1800,,,,,,
1801,,,,,,
1802,,,,,,1.992041347
1803,,,,,,
1804,,,616.417047,,,
1805,4443.945926,,,,76.62143049,
1806,,,,271.1399753,,
1807,,,,,,
1808,,,,,,
1809,,,,,,
1810,,,,,,1.992041347
1811,,,,,,
1812,,,,,,
1813,,,,,,
1814,,,,,,
1815,,,,,,
1816,,,,,,
1817,,,,,76.62143049,
1818,,,,,,
1819,,,616.417047,,,
1820,,,,,,1.992041347
1821,,,,,,
1822,,3510.230714,,,,
1823,,,,271.1399753,,
1824,,,,,,
1825,,,,,,
1826,4718.841796,,,,,
1827,,,,,,
1828,,,,,76.62143049,1.992041347
1829,,,,,,
1830,,,,,,
1831,,,,,,
1832,,,,,,
1833,,,,,,
1834,,,,,,
1835,,,,,,
1836,,,,,,
1837,,,,,,
1838,,,,,,
1839,,,616.417047,,76.62143049,
1840,,,,271.1399753,,1.992041347
1841,,,,,,
1842,,,,,,
1843,,3412.611972,,,,
1844,,,,,,
1845,,,,,,
1846,,,,,,
1847,,,,,,
1848,,,,,,
1849,,,,,,1.992041347
1850,4718.841796,,,,,
1851,,,616.417047,,,
1852,,,,,76.62143049,
1853,,,,,,
1854,,,,,,
1855,,,,,,
1856,,,,,,
1857,,,,,,1.99172959
1858,,,,,,
1859,,3412.611972,,258.3277226,,
1860,,,,,,
1861,,,,,,
1862,,,,,,
1863,,,,,,
1864,,,,,79.22918816,
1865,4718.841796,,,,,
1866,,,,,,1.99172959
1867,,,,,,
1868,,,,,,
1869,,,,,,
1870,,,,,,
1871,,,,,,
1872,,,616.417047,,,
1873,,,,,,1.991540476
1874,,,,,,
1875,,,,258.3277226,,
1876,,,,,79.22918816,
1877,,,,,,
1878,,,,,,
1879,,,,,,
1880,,2483.382639,,,,
1881,,,,,,
1882,,,,,,
1883,,,,,,1.991178708
1884,,,,,,
1885,,,616.417047,,,
1886,,,,,,
1887,,,,,,
1888,,,,,,
1889,,,,,,
1890,,,,258.3277226,,
1891,,,,,,
1892,9052.096786,,,,,
1893,,,,,,
1894,,,,,79.22918816,1.991178708
1895,,,,,,
1896,,,,,,
1897,,2483.382639,,,,
1898,,,,,,
1899,,,,,,
1900,,,,,,
1901,,,,,,
1902,,,616.417047,,,1.9910061
1903,,,,,,
1904,,,,,,
1905,,,,,,
1906,,,,,,
1907,9052.096786,,,,,
1908,,,,258.3277226,,
1909,,,,,82.07698781,
1910,,,,,,
1911,,,,,,1.9910061
1912,,,,,,
1913,,,,,,
1914,,,,,,
1915,,,,,,
1916,,,,,,
1917,,,,,,
1918,,,,,,
1919,,,,,,
1920,,,,,,1.990835229
1921,9052.096786,1609.318455,,,82.07698781,
1922,,,,,,
1923,,,616.417047,,,
1924,,,,,,
1925,,,,,,
1926,,,,,,
1927,,,,258.3277226,,
1928,,,,,,
1929,,,,,,
1930,,,,,,
1931,,,,,,1.990835229
1932,,,,,,
1933,,,,,63.31904599,
1934,,,,,,
1935,,2483.382639,,,,
1936,,,616.417047,,,
1937,,,,,,1.990642398
1938,,,,,,
1939,,,,,,
1940,,,,,,
1941,6968.210009,,,,,
1942,,,,258.3277226,,
1943,,,,,,
1944,,,,,,
1945,,,,,,
1946,,,,,,
1947,,,,,,
1948,,,,,63.31904599,1.99028994
1949,,,,,,
1950,,,,,,
1951,,2351.582798,,,,
1952,,,,,,
1953,,,,,,
1954,,,616.417047,258.3277226,,
1955,,,,,,1.99028994
1956,,,,,,
1957,,,,,,
1958,,,,,63.31904599,
1959,,,,,,
1960,,,,,,
1961,,,,,,
1962,6079.2068,,,,,
1963,,,,,,
1964,,,,,,
1965,,,,,,1.99028994
1966,,,,,,
1967,,1821.57923,,,,
1968,,,,,,
1969,,,,258.3277226,,
1970,,,,,,
1971,,,,,63.31904599,
1972,,,,,,
1973,,,,,,1.99028994
1974,,,616.417047,,,
1975,,,,,,
1976,,,,,,
1977,,,,,,
1978,,,,,,
1979,,,,,,
1980,,,,,,
1981,,,,,,
1982,,,,,,
1983,,,,,,
1984,,,,,63.31904599,
1985,7015.129591,,,278.6120419,,1.99028994
1986,,,,,,
1987,,,,,,
1988,,,,,,
1989,,,,,,
1990,,1358.052456,,,,
1991,,,,,,
1992,,,616.417047,,,
1993,,,,,,
1994,,,,,,
1995,,,,,63.31904599,1.990266985
1996,,,,,,
1997,,,,,,
1998,,,,,,
1999,,,,,,
2000,,,,,,