0,0.5,0.6,0.7,0.8,0.9,1,10
1,NaN,NaN,NaN,NaN,NaN,NaN,NaN
2,NaN,NaN,NaN,NaN,NaN,NaN,NaN
3,NaN,NaN,NaN,NaN,NaN,NaN,NaN
4,NaN,NaN,NaN,NaN,NaN,NaN,NaN
5,NaN,NaN,NaN,NaN,NaN,NaN,NaN
6,NaN,NaN,NaN,NaN,NaN,NaN,NaN
7,NaN,NaN,NaN,NaN,NaN,NaN,NaN
8,NaN,NaN,NaN,NaN,NaN,NaN,NaN
9,NaN,NaN,NaN,NaN,NaN,NaN,NaN
10,NaN,NaN,NaN,NaN,NaN,NaN,NaN
11,NaN,NaN,NaN,NaN,NaN,NaN,NaN
12,NaN,NaN,NaN,NaN,NaN,NaN,NaN
13,NaN,NaN,NaN,NaN,NaN,NaN,NaN
14,NaN,NaN,NaN,NaN,NaN,NaN,NaN
15,NaN,NaN,NaN,NaN,NaN,NaN,NaN
16,NaN,NaN,NaN,NaN,NaN,NaN,NaN
17,NaN,NaN,NaN,NaN,NaN,NaN,NaN
18,NaN,NaN,NaN,NaN,NaN,NaN,NaN
19,NaN,NaN,NaN,NaN,NaN,NaN,NaN
20,NaN,NaN,NaN,NaN,NaN,NaN,NaN
21,NaN,NaN,NaN,NaN,NaN,NaN,NaN
22,NaN,NaN,NaN,NaN,NaN,NaN,NaN
23,NaN,NaN,NaN,NaN,NaN,NaN,NaN
24,NaN,NaN,NaN,NaN,NaN,NaN,NaN
25,NaN,NaN,NaN,NaN,NaN,NaN,NaN
26,NaN,NaN,NaN,NaN,NaN,NaN,NaN
27,NaN,NaN,NaN,NaN,NaN,NaN,NaN
28,NaN,NaN,NaN,NaN,NaN,NaN,NaN
29,NaN,NaN,NaN,NaN,NaN,NaN,NaN
30,NaN,NaN,NaN,NaN,NaN,NaN,NaN
31,NaN,NaN,NaN,NaN,NaN,NaN,NaN
32,NaN,NaN,NaN,NaN,NaN,NaN,NaN
33,NaN,NaN,NaN,NaN,NaN,NaN,NaN
34,NaN,NaN,NaN,NaN,NaN,NaN,NaN
35,NaN,NaN,NaN,NaN,NaN,NaN,NaN
36,NaN,NaN,NaN,NaN,NaN,NaN,NaN
37,NaN,NaN,NaN,NaN,NaN,NaN,NaN
38,NaN,NaN,NaN,NaN,NaN,NaN,NaN
39,NaN,NaN,NaN,NaN,NaN,NaN,NaN
40,NaN,NaN,NaN,NaN,NaN,NaN,NaN
41,NaN,NaN,NaN,NaN,NaN,NaN,NaN
42,NaN,NaN,NaN,NaN,NaN,NaN,NaN
43,NaN,NaN,NaN,NaN,NaN,NaN,NaN
44,NaN,NaN,NaN,NaN,NaN,NaN,NaN
45,NaN,NaN,NaN,NaN,NaN,NaN,NaN
46,NaN,NaN,NaN,NaN,NaN,NaN,NaN
47,NaN,NaN,NaN,NaN,NaN,NaN,NaN
48,NaN,NaN,NaN,NaN,NaN,NaN,NaN
49,NaN,NaN,NaN,NaN,NaN,NaN,NaN
50,1.2765e+07,1.2765e+07,1.2765e+07,1.2765e+07,1.2765e+07,1.2765e+07,1.2765e+07
51,1.2765e+07,1.1588e+07,1.1568e+07,1.1789e+07,1.2306e+07,1.1031e+07,1.2765e+07
52,1.2765e+07,1.1588e+07,1.1568e+07,4.3754e+06,6.8169e+06,8.6788e+06,1.2765e+07
53,1.2765e+07,1.1588e+07,8.2958e+06,4.3754e+06,4.8075e+06,1.3425e+06,1.2765e+07
54,1.2765e+07,1.0631e+07,7.9245e+06,3.3903e+06,4.3455e+06,89040,1.2765e+07
55,7.9237e+06,6.8519e+06,3.3667e+06,2.7244e+06,2.6325e+06,30543,1.2765e+07
56,7.9236e+06,3.8167e+06,3.3667e+06,2.1417e+06,1.964e+06,29711,1.2765e+07
57,7.9236e+06,3.1633e+06,2.5121e+06,1.7826e+06,1.0287e+05,28601,1.2765e+07
58,7.9236e+06,3.1633e+06,2.5121e+06,2.2408e+05,81039,25076,1.2765e+07
59,7.4341e+06,2.3097e+06,2.5121e+06,1.5645e+05,67171,23813,1.2765e+07
60,7.4341e+06,2.3097e+06,2.5121e+06,1.2427e+05,46657,21597,1.2765e+07
61,7.4341e+06,1.8976e+06,2.5121e+06,41134,46374,19571,1.2765e+07
62,7.4341e+06,1.8583e+06,2.5121e+06,38624,44513,19431,1.2765e+07
63,7.4341e+06,1.8583e+06,2.1071e+06,24807,40071,19409,1.2765e+07
64,7.4341e+06,1.6683e+06,2.1071e+06,23842,33454,19409,1.2765e+07
65,7.4218e+06,1.6655e+06,2.1071e+06,23572,33402,19095,1.2765e+07
66,7.4218e+06,1.6655e+06,1.9279e+06,23552,31423,18228,1.2765e+07
67,7.4218e+06,1.6644e+06,1.8534e+06,23547,30897,17505,1.2765e+07
68,7.4218e+06,1.6644e+06,1.1687e+06,23545,30887,17172,1.2765e+07
69,7.4218e+06,1.6644e+06,1.1687e+06,23542,30881,17050,1.2765e+07
70,6.2086e+06,1.6644e+06,1.1367e+06,23539,30880,17036,1.2765e+07
71,6.2086e+06,1.6644e+06,1.1338e+06,23539,30878,16719,1.2765e+07
72,5.1379e+06,1.1038e+06,1.1338e+06,23539,30877,16141,1.2765e+07
73,4.6744e+06,1.1038e+06,1.1338e+06,23539,30877,15852,1.2765e+07
74,4.6744e+06,1.0044e+06,7.8004e+05,23538,30876,15791,1.2765e+07
75,4.6744e+06,1.0044e+06,7.8004e+05,23538,30876,15675,1.2765e+07
76,4.6744e+06,1.002e+06,7.5281e+05,23538,30876,15675,1.2765e+07
77,4.6744e+06,1.002e+06,7.5281e+05,23538,30876,15615,1.2765e+07
78,4.6744e+06,1.002e+06,7.4512e+05,23538,30876,15615,1.2765e+07
79,4.6744e+06,1.002e+06,4.6785e+05,23538,30876,15615,1.2765e+07
80,4.6744e+06,1.002e+06,4.2159e+05,23538,30876,15503,1.2765e+07
81,4.6744e+06,1.002e+06,4.2159e+05,23538,30876,15384,1.2765e+07
82,4.6744e+06,1.002e+06,4.2159e+05,23538,30876,15036,1.2765e+07
83,4.6744e+06,1.002e+06,4.2159e+05,23538,30876,14890,1.2765e+07
84,4.6744e+06,1.002e+06,4.0614e+05,23538,30876,14890,1.2765e+07
85,4.6744e+06,9.9932e+05,4.0614e+05,23538,30876,14728,1.2765e+07
86,4.657e+06,9.9932e+05,4.0614e+05,23538,30876,14721,1.2765e+07
87,4.657e+06,9.9932e+05,4.0614e+05,23538,30876,13413,1.2765e+07
88,4.657e+06,7.698e+05,4.0614e+05,23538,30876,13316,1.2765e+07
89,4.657e+06,7.698e+05,4.0614e+05,23538,30876,13316,1.2765e+07
90,4.657e+06,6.9741e+05,4.0606e+05,23538,30876,13316,5.0854e+06
91,4.657e+06,6.9741e+05,4.0606e+05,23538,30876,13214,5.0854e+06
92,4.607e+06,6.0106e+05,4.0606e+05,23538,30876,13109,5.0854e+06
93,4.607e+06,5.8298e+05,4.0606e+05,23538,30876,12821,5.0854e+06
94,4.607e+06,5.8298e+05,4.0606e+05,23538,30876,12759,5.0854e+06
95,4.607e+06,5.8298e+05,4.0606e+05,23538,30876,12682,5.0854e+06
96,4.607e+06,5.8298e+05,4.0606e+05,23538,30873,12476,5.0854e+06
97,4.607e+06,5.6862e+05,4.0606e+05,23538,30872,12367,5.0854e+06
98,4.607e+06,5.6862e+05,3.9595e+05,23538,30872,12355,5.0854e+06
99,4.5393e+06,5.6862e+05,3.9595e+05,23538,30872,11720,5.0854e+06
100,4.5393e+06,5.6862e+05,3.9595e+05,23538,30872,11646,5.0854e+06
101,4.5393e+06,5.6862e+05,3.9595e+05,23538,30872,11346,5.0854e+06
102,4.5393e+06,5.6842e+05,3.9595e+05,23538,30872,11205,5.0854e+06
103,4.5393e+06,5.6842e+05,3.9595e+05,23538,30872,10924,5.0854e+06
104,4.5393e+06,5.6842e+05,3.9595e+05,23538,30872,10886,5.0854e+06
105,4.5393e+06,5.6842e+05,3.9595e+05,23538,30872,10696,5.0854e+06
106,4.5375e+06,5.0804e+05,3.9595e+05,23538,30872,10361,5.0854e+06
107,4.5375e+06,5.0804e+05,3.9502e+05,23538,30872,10355,5.0854e+06
108,4.5375e+06,4.9523e+05,3.7858e+05,23538,30872,10294,5.0854e+06
109,4.5375e+06,4.9523e+05,3.6674e+05,23538,30872,10294,5.0854e+06
110,4.5375e+06,4.9523e+05,3.6674e+05,23538,30872,10075,5.0854e+06
111,4.5375e+06,4.9523e+05,3.4391e+05,23538,30872,10066,5.0854e+06
112,4.5375e+06,4.9523e+05,3.3803e+05,23538,30872,10014,5.0854e+06
113,4.5375e+06,4.9523e+05,3.3803e+05,23538,30872,10013,5.0854e+06
114,4.5375e+06,4.9206e+05,3.3803e+05,23538,30872,10013,5.0854e+06
115,3.1437e+06,4.9206e+05,3.3803e+05,23538,30872,9867.1,5.0854e+06
116,3.1395e+06,4.9206e+05,3.3777e+05,23538,30872,9582.7,5.0854e+06
117,3.1395e+06,4.9206e+05,3.3777e+05,23538,30872,9582.7,5.0854e+06
118,3.1395e+06,4.7001e+05,1.6222e+05,23538,30872,9490.6,5.0854e+06
119,3.1395e+06,4.7001e+05,1.5908e+05,23538,30872,9298.8,5.0854e+06
120,3.1395e+06,4.7001e+05,1.5759e+05,23538,30872,9284.2,5.0854e+06
121,3.1395e+06,4.7001e+05,1.5759e+05,23538,30872,8887.1,5.0854e+06
122,3.1395e+06,4.7001e+05,1.5759e+05,23538,30872,8716.3,5.0854e+06
123,3.1395e+06,4.7001e+05,1.5759e+05,23538,30872,8699.6,5.0854e+06
124,3.1255e+06,4.7001e+05,1.5445e+05,23538,30872,8697.5,5.0854e+06
125,3.1255e+06,4.7001e+05,1.5445e+05,23538,30870,8696.9,5.0854e+06
126,3.1255e+06,4.7001e+05,1.5445e+05,23538,30870,8696.8,5.0854e+06
127,3.1255e+06,4.7001e+05,1.5445e+05,23538,30870,8604.4,5.0854e+06
128,3.1255e+06,4.7001e+05,1.5445e+05,23538,30870,8425.8,5.0854e+06
129,3.1255e+06,4.7001e+05,1.5445e+05,23538,30870,8423,5.0854e+06
130,3.1255e+06,4.1624e+05,1.4866e+05,23538,30867,8423,6.0828e+05
131,3.1255e+06,3.0449e+05,1.4866e+05,23538,30866,8050.3,6.0828e+05
132,3.1255e+06,3.0449e+05,1.4866e+05,23538,30866,8040.3,6.0828e+05
133,3.1255e+06,2.9429e+05,1.4207e+05,23538,30866,8012.1,6.0828e+05
134,3.1255e+06,2.9429e+05,1.4207e+05,23538,30866,7890.8,6.0828e+05
135,3.1255e+06,2.9429e+05,1.4207e+05,23538,30866,7839.3,6.0828e+05
136,3.1255e+06,2.9429e+05,1.4207e+05,23538,30866,7696.3,6.0828e+05
137,3.1255e+06,2.9429e+05,1.4207e+05,23538,30866,7638.1,6.0828e+05
138,3.1206e+06,2.9429e+05,1.4207e+05,23538,30866,7543.5,6.0828e+05
139,3.1206e+06,2.9429e+05,1.4207e+05,23538,30866,7471.4,6.0828e+05
140,3.1206e+06,2.8836e+05,1.4207e+05,23538,30866,7468.2,6.0828e+05
141,3.1206e+06,2.8836e+05,1.4207e+05,23538,30866,7468.2,6.0828e+05
142,3.1206e+06,2.842e+05,1.4207e+05,23538,30866,7393.7,6.0828e+05
143,3.1206e+06,2.842e+05,1.4207e+05,23538,30866,7393.1,6.0828e+05
144,3.1206e+06,2.842e+05,1.4207e+05,23538,30866,7388,6.0828e+05
145,3.1206e+06,2.842e+05,1.4207e+05,23538,30866,7387.7,6.0828e+05
146,3.1206e+06,2.842e+05,1.4207e+05,23538,30866,7385.3,6.0828e+05
147,3.1206e+06,2.842e+05,1.4207e+05,23538,30866,7385.2,6.0828e+05
148,3.1206e+06,2.842e+05,1.3915e+05,23538,30866,7385.2,6.0828e+05
149,3.1195e+06,2.842e+05,1.3915e+05,23538,30866,7385.2,6.0828e+05
150,3.1195e+06,2.842e+05,1.3915e+05,23538,30866,7204,6.0828e+05
151,3.1195e+06,2.8058e+05,1.3915e+05,23538,30866,7122.4,6.0828e+05
152,2.8171e+06,2.8058e+05,1.3915e+05,23538,30866,7122.4,6.0828e+05
153,2.8171e+06,2.8058e+05,1.13e+05,23538,30866,7020.5,6.0828e+05
154,2.8171e+06,2.8058e+05,1.0091e+05,23538,30866,6631.1,6.0828e+05
155,2.8115e+06,2.4556e+05,1.0051e+05,23538,30866,6630.6,6.0828e+05
156,2.8115e+06,2.4556e+05,1.0051e+05,23538,30866,6630,6.0828e+05
157,2.8115e+06,2.4556e+05,1.0051e+05,23538,30866,6630,6.0828e+05
158,2.8115e+06,2.4556e+05,1.0051e+05,23538,30866,6560.2,6.0828e+05
159,2.8115e+06,2.1056e+05,1.0051e+05,23538,30866,6559.5,6.0828e+05
160,2.8115e+06,2.1056e+05,1.0051e+05,23538,30866,6519.1,6.0828e+05
161,2.8115e+06,2.1056e+05,1.0051e+05,23538,30866,6518.3,6.0828e+05
162,2.8115e+06,2.1056e+05,1.0051e+05,23538,30866,6399.5,6.0828e+05
163,2.8115e+06,2.1056e+05,1.0051e+05,23538,30866,6398.9,6.0828e+05
164,2.8115e+06,2.1056e+05,1.0051e+05,23538,30866,6398.8,6.0828e+05
165,2.8115e+06,2.1056e+05,1.0051e+05,23538,30866,6327.2,6.0828e+05
166,2.8115e+06,2.1056e+05,1.0051e+05,23538,30866,6327.2,6.0828e+05
167,2.8115e+06,2.1056e+05,1.0051e+05,23538,30866,6327.2,6.0828e+05
168,2.8115e+06,2.1056e+05,1.0051e+05,23538,30866,6327.2,6.0828e+05
169,2.8115e+06,2.1056e+05,98570,23538,30866,6327.2,6.0828e+05
170,2.8115e+06,2.1056e+05,98570,23538,30866,5798.9,3.2769e+05
171,2.8115e+06,2.1056e+05,94813,23538,30866,5781.5,3.2769e+05
172,2.8115e+06,1.2829e+05,94813,23538,30866,5781.4,3.2769e+05
173,2.8115e+06,1.23e+05,94813,23538,30866,5718.4,3.2769e+05
174,2.8115e+06,1.23e+05,94813,23538,30866,5718.4,3.2769e+05
175,2.8115e+06,1.23e+05,94813,23538,30866,5718.4,3.2769e+05
176,2.8115e+06,1.23e+05,94813,23538,30866,5702.4,3.2769e+05
177,2.8115e+06,1.23e+05,94813,23538,30866,5661.9,3.2769e+05
178,2.8115e+06,1.23e+05,94813,23538,30866,5584.6,3.2769e+05
179,2.8115e+06,1.23e+05,94813,23538,30866,5581.7,3.2769e+05
180,2.784e+06,1.23e+05,81398,23538,30866,5581.7,3.2769e+05
181,2.784e+06,1.23e+05,81398,23538,30866,5581.7,3.2769e+05
182,2.784e+06,1.23e+05,81398,23538,30866,5581.7,3.2769e+05
183,2.784e+06,1.23e+05,81398,23538,30866,5581.7,3.2769e+05
184,2.784e+06,1.23e+05,81398,23538,30866,5581.7,3.2769e+05
185,2.784e+06,1.23e+05,81398,23538,30866,5581.7,3.2769e+05
186,2.7833e+06,1.002e+05,45198,23538,30866,5581.7,3.2769e+05
187,2.7833e+06,1.002e+05,45198,23538,30866,5543.2,3.2769e+05
188,2.7833e+06,1.002e+05,44956,23538,30866,5486.4,3.2769e+05
189,2.7833e+06,1.002e+05,44956,23538,30866,5310,3.2769e+05
190,2.7833e+06,1.002e+05,44956,23538,30866,5162.8,3.2769e+05
191,2.7833e+06,1.002e+05,44956,23538,30866,5138.5,3.2769e+05
192,2.7833e+06,1.002e+05,44355,23538,30866,5111.5,3.2769e+05
193,2.7833e+06,1.002e+05,44355,23538,30866,4913.1,3.2769e+05
194,2.7833e+06,1.002e+05,44355,23537,30864,4913.1,3.2769e+05
195,2.7833e+06,1.002e+05,44355,23537,30864,4902.5,3.2769e+05
196,2.7833e+06,1.002e+05,44355,23537,30864,4845.4,3.2769e+05
197,2.7833e+06,1.002e+05,44355,23537,30864,4780.6,3.2769e+05
198,2.7833e+06,1.002e+05,44355,23537,30864,4779,3.2769e+05
199,2.7833e+06,1.002e+05,44355,23537,30864,4701.2,3.2769e+05
200,2.7833e+06,1.002e+05,44355,23537,30864,4701.2,3.2769e+05
201,2.7833e+06,1.002e+05,44355,23537,30864,4701.2,3.2769e+05
202,2.7833e+06,1.002e+05,43998,23537,30864,4701.2,3.2769e+05
203,2.7833e+06,1.002e+05,43998,23537,30864,4701.2,3.2769e+05
204,2.7833e+06,1.002e+05,43998,23537,30864,4700.9,3.2769e+05
205,2.7812e+06,1.002e+05,43998,23537,30864,4700.9,3.2769e+05
206,2.7812e+06,1.002e+05,43998,23537,30864,4700.9,3.2769e+05
207,2.7812e+06,1.002e+05,43998,23537,30864,4700.9,3.2769e+05
208,2.7812e+06,1.002e+05,43998,23537,30864,4665.6,3.2769e+05
209,2.7812e+06,1.002e+05,43998,23537,30864,4665.6,3.2769e+05
210,2.7812e+06,1.002e+05,43998,23537,30864,4654,2.9058e+05
211,2.7812e+06,1.002e+05,43998,23537,30864,4636.9,2.9058e+05
212,2.7812e+06,1.002e+05,43998,23537,30864,4636.9,2.9058e+05
213,2.7812e+06,1.002e+05,43998,23537,30864,4610.7,2.9058e+05
214,2.7812e+06,1.002e+05,43998,23537,30864,4518.4,2.9058e+05
215,2.7812e+06,1.002e+05,43998,23537,30864,4515.2,2.9058e+05
216,2.7812e+06,97476,43115,23537,30864,4514.8,2.9058e+05
217,2.7812e+06,97476,43115,23537,30860,4503.4,2.9058e+05
218,2.7812e+06,97476,43115,23537,30852,4503.2,2.9058e+05
219,2.7812e+06,97476,43115,23537,30852,4503.2,2.9058e+05
220,2.7812e+06,97476,43115,23537,30852,4503,2.9058e+05
221,2.7812e+06,97476,43115,23537,30852,4503,2.9058e+05
222,2.7812e+06,97476,43115,23537,30852,4502.8,2.9058e+05
223,1.8529e+06,93004,43115,23537,30852,4386.5,2.9058e+05
224,1.8529e+06,93004,43115,23537,30852,4383.2,2.9058e+05
225,1.8529e+06,93004,43115,23537,30852,4383.2,2.9058e+05
226,1.8529e+06,90436,43115,23537,30852,4383.2,2.9058e+05
227,1.8038e+06,90436,43115,23537,30852,4377.8,2.9058e+05
228,1.8038e+06,87882,43115,23537,30852,4377.8,2.9058e+05
229,1.8038e+06,87882,43115,23537,30852,4325.8,2.9058e+05
230,1.7671e+06,87882,43115,23537,30852,4325.8,2.9058e+05
231,1.7671e+06,87882,43115,23537,30852,4325.8,2.9058e+05
232,1.7444e+06,87882,43115,23537,30850,4325.8,2.9058e+05
233,1.7444e+06,87882,43115,23537,30848,4325.8,2.9058e+05
234,1.7444e+06,87882,43115,23537,30848,4325.8,2.9058e+05
235,1.7444e+06,87882,43115,23537,30848,4308.4,2.9058e+05
236,1.7444e+06,87882,43115,23537,30848,4308.4,2.9058e+05
237,1.7444e+06,87882,43115,23537,30848,4114.2,2.9058e+05
238,1.7444e+06,87882,43115,23537,30848,4114.2,2.9058e+05
239,1.7444e+06,87882,43115,23537,30848,4106.5,2.9058e+05
240,1.7444e+06,87882,43115,23537,30848,4106.5,2.9058e+05
241,1.7444e+06,87882,43115,23537,30848,4106.5,2.9058e+05
242,1.7444e+06,87882,43115,23537,30848,4106.5,2.9058e+05
243,1.6972e+06,87882,43115,23537,30848,4104.1,2.9058e+05
244,1.6972e+06,87882,43115,23537,30848,4104,2.9058e+05
245,1.6972e+06,87290,43115,23537,30848,4104,2.9058e+05
246,1.6972e+06,87290,43115,23537,30848,4104,2.9058e+05
247,1.6972e+06,87290,43115,23537,30848,4104,2.9058e+05
248,1.6972e+06,87290,43115,23537,30848,4104,2.9058e+05
249,1.6972e+06,87290,43115,23537,30848,4104,2.9058e+05
250,1.6972e+06,87290,43115,23537,30848,4090.2,2.1992e+05
251,1.6972e+06,87290,43115,23537,30848,4090.2,2.1992e+05
252,1.6972e+06,87290,43115,23537,30848,4090.2,2.1992e+05
253,1.6972e+06,87290,43115,23537,30848,4090.2,2.1992e+05
254,1.6972e+06,87290,43115,23537,30848,4087.4,2.1992e+05
255,1.6972e+06,87290,43115,23537,30848,4087.4,2.1992e+05
256,1.6972e+06,87290,43115,23537,30848,4087.4,2.1992e+05
257,1.6972e+06,87290,43115,23537,30848,4035.2,2.1992e+05
258,1.6972e+06,87290,43115,23537,30848,4035.2,2.1992e+05
259,1.6972e+06,87290,43062,23537,30848,3999,2.1992e+05
260,1.6972e+06,87290,43062,23537,30848,3996.9,2.1992e+05
261,1.6972e+06,72900,43062,23537,30848,3996.9,2.1992e+05
262,1.477e+06,72900,43062,23537,30848,3856.4,2.1992e+05
263,1.477e+06,72900,43062,23537,30848,3850.9,2.1992e+05
264,1.477e+06,72900,43062,23537,30848,3850.8,2.1992e+05
265,1.477e+06,72900,43062,23537,30848,3850.8,2.1992e+05
266,1.477e+06,72900,43062,23537,30848,3850.8,2.1992e+05
267,1.477e+06,72900,43062,23537,30848,3850.8,2.1992e+05
268,1.477e+06,72900,43062,23537,30848,3850.8,2.1992e+05
269,1.477e+06,72900,43062,23537,30848,3850.8,2.1992e+05
270,1.477e+06,72900,43062,23537,30848,3850.8,2.1992e+05
271,1.477e+06,72900,43062,23537,30848,3701.4,2.1992e+05
272,1.477e+06,72900,43062,23537,30848,3701.4,2.1992e+05
273,1.477e+06,72900,43062,23537,30848,3701.4,2.1992e+05
274,1.477e+06,72900,43062,23537,30848,3701.4,2.1992e+05
275,1.477e+06,72900,43062,23537,30848,3701.4,2.1992e+05
276,1.477e+06,72900,43062,23537,30848,3701.4,2.1992e+05
277,1.477e+06,72900,43062,23537,30848,3701.4,2.1992e+05
278,1.477e+06,72900,43062,23536,30848,3701.4,2.1992e+05
279,1.477e+06,72900,43062,23536,30848,3701.4,2.1992e+05
280,1.477e+06,72900,43062,23536,30848,3701.4,2.1992e+05
281,1.477e+06,72900,43062,23536,30848,3699.6,2.1992e+05
282,1.477e+06,72900,43062,23536,30848,3699.6,2.1992e+05
283,1.477e+06,72900,43062,23536,30848,3685.8,2.1992e+05
284,1.477e+06,72900,43062,23536,30848,3685.8,2.1992e+05
285,1.477e+06,72900,43062,23536,30848,3685.8,2.1992e+05
286,1.477e+06,72900,43062,23536,30848,3685.8,2.1992e+05
287,1.477e+06,72900,43062,23536,30848,3678.6,2.1992e+05
288,1.477e+06,72900,43062,23536,30848,3678.6,2.1992e+05
289,1.477e+06,72900,43062,23536,30848,3678.6,2.1992e+05
290,1.477e+06,72900,43062,23536,30848,3678.6,1.2556e+05
291,1.427e+06,72900,43062,23536,30848,3678.6,1.2556e+05
292,1.427e+06,72900,43062,23536,30848,3678.6,1.2556e+05
293,1.427e+06,72900,43062,23536,30848,3678.6,1.2556e+05
294,1.427e+06,72900,43062,23536,30848,3678.6,1.2556e+05
295,1.427e+06,72900,43062,23536,30848,3678.6,1.2556e+05
296,1.427e+06,72900,43062,23536,30848,3678.6,1.2556e+05
297,1.427e+06,46304,43062,23536,30848,3678.6,1.2556e+05
298,1.427e+06,46304,43062,23536,30848,3678.6,1.2556e+05
299,1.427e+06,46304,43062,23536,30848,3645.1,1.2556e+05
300,1.427e+06,46304,43062,23536,30848,3645.1,1.2556e+05
301,1.427e+06,46304,43062,23536,30848,3589.4,1.2556e+05
302,1.427e+06,46304,43062,23536,30848,3589.4,1.2556e+05
303,1.427e+06,46304,43062,23536,30845,3589.4,1.2556e+05
304,1.427e+06,46304,43062,23536,30845,3589.4,1.2556e+05
305,1.427e+06,46304,43062,23536,30845,3585.7,1.2556e+05
306,1.427e+06,46304,43062,23536,30845,3585.7,1.2556e+05
307,1.427e+06,46304,43062,23536,30845,3584.5,1.2556e+05
308,1.427e+06,46304,43062,23536,30845,3584.5,1.2556e+05
309,1.427e+06,46304,43062,23536,30845,3584.5,1.2556e+05
310,1.427e+06,46304,43062,23536,30845,3570.7,1.2556e+05
311,1.427e+06,46304,43062,23536,30845,3570.7,1.2556e+05
312,1.427e+06,46304,43062,23536,30845,3570.7,1.2556e+05
313,1.427e+06,46304,43062,23536,30845,3570.7,1.2556e+05
314,1.427e+06,46304,43062,23536,30845,3570.7,1.2556e+05
315,1.427e+06,46304,43062,23536,30845,3570.7,1.2556e+05
316,1.427e+06,46304,43062,23536,30845,3570.7,1.2556e+05
317,1.427e+06,46304,43062,23536,30845,3570.7,1.2556e+05
318,1.427e+06,46304,43062,23536,30845,3570.2,1.2556e+05
319,1.427e+06,46304,43062,23536,30845,3570.2,1.2556e+05
320,1.427e+06,46304,43062,23536,30845,3566.6,1.2556e+05
321,1.427e+06,46304,43062,23536,30845,3566.6,1.2556e+05
322,1.427e+06,46304,43062,23536,30845,3566.5,1.2556e+05
323,1.427e+06,46304,43062,23536,30845,3565.8,1.2556e+05
324,1.427e+06,46304,43062,23536,30663,3565.8,1.2556e+05
325,1.427e+06,46304,43062,23490,30663,3565.8,1.2556e+05
326,1.427e+06,46304,43062,23490,30663,3565.8,1.2556e+05
327,1.427e+06,46304,43062,23490,30663,3519.8,1.2556e+05
328,1.427e+06,46304,43062,23490,30663,3519.8,1.2556e+05
329,1.427e+06,46304,43062,23490,30663,3448.3,1.2556e+05
330,2.291e+05,46304,43062,23490,30663,3426.2,1.1933e+05
331,2.291e+05,46304,43062,23490,30663,3422.1,1.1933e+05
332,2.291e+05,46304,43062,23490,30663,3422.1,1.1933e+05
333,2.291e+05,46304,43062,23490,30663,3422.1,1.1933e+05
334,2.291e+05,46304,43062,23490,30663,3404.8,1.1933e+05
335,2.291e+05,44508,43062,23490,30663,3404.8,1.1933e+05
336,2.291e+05,44508,43062,23490,30663,3404.8,1.1933e+05
337,2.291e+05,44508,43062,23490,30663,3404.8,1.1933e+05
338,2.291e+05,44508,42394,23490,30663,3404.8,1.1933e+05
339,2.291e+05,44508,42394,23490,30663,3404.8,1.1933e+05
340,2.291e+05,44508,42394,23490,30663,3404.8,1.1933e+05
341,2.291e+05,44508,40622,23490,30663,3397.6,1.1933e+05
342,2.291e+05,44508,40622,23490,30663,3397.6,1.1933e+05
343,2.291e+05,44508,40622,23490,30663,3347.8,1.1933e+05
344,2.291e+05,44508,40622,23490,30663,3347.8,1.1933e+05
345,2.291e+05,44508,40350,23490,30663,3347.8,1.1933e+05
346,2.291e+05,44508,40350,23490,30663,3344,1.1933e+05
347,2.291e+05,44508,40350,23490,30663,3341.6,1.1933e+05
348,2.291e+05,44508,40350,23490,30663,3329,1.1933e+05
349,2.2904e+05,44508,40350,23490,30663,3284.4,1.1933e+05
350,2.2904e+05,44508,40108,23490,30663,3280.5,1.1933e+05
351,2.2904e+05,44508,40108,23490,30660,3254,1.1933e+05
352,2.2904e+05,44508,40108,23490,30660,3253.9,1.1933e+05
353,2.2904e+05,42934,40108,23490,30660,3253.9,1.1933e+05
354,2.2904e+05,42934,40108,23490,30660,3253.9,1.1933e+05
355,2.2904e+05,42934,40108,23490,30660,3253.9,1.1933e+05
356,2.2904e+05,42934,39012,23490,30660,3253.9,1.1933e+05
357,2.2904e+05,42934,39012,23490,30660,3253.9,1.1933e+05
358,2.2904e+05,42934,39012,23490,30660,3252,1.1933e+05
359,2.2904e+05,42934,39012,23490,30660,3252,1.1933e+05
360,2.2904e+05,42934,38721,23490,30660,3169.7,1.1933e+05
361,2.2904e+05,42934,38721,23490,30660,3169.7,1.1933e+05
362,2.2904e+05,42934,38721,23490,30660,3166.1,1.1933e+05
363,2.2904e+05,42934,38721,23490,30660,3162.1,1.1933e+05
364,2.0237e+05,42934,38721,23490,30660,3162.1,1.1933e+05
365,2.0237e+05,42934,38721,23490,30660,3153.8,1.1933e+05
366,2.0237e+05,42934,38721,23490,30660,3132.4,1.1933e+05
367,2.0237e+05,42928,38721,23490,30660,3131,1.1933e+05
368,2.0237e+05,42928,38721,23490,30660,3130.9,1.1933e+05
369,2.0237e+05,42928,38721,23490,30660,3130.9,1.1933e+05
370,2.0237e+05,42928,38721,23490,30660,3130.9,1.0715e+05
371,2.0237e+05,42928,38721,23490,30660,3130.9,1.0715e+05
372,2.0237e+05,42928,38721,23490,30660,3130.9,1.0715e+05
373,2.0237e+05,42928,38721,23490,30660,3130.9,1.0715e+05
374,2.0237e+05,42928,38721,23490,30660,3130.9,1.0715e+05
375,2.0237e+05,42928,38721,23490,30660,3130.9,1.0715e+05
376,2.0237e+05,42928,38721,23490,30660,3130.9,1.0715e+05
377,2.0237e+05,42928,38721,23490,30660,3130.7,1.0715e+05
378,2.0237e+05,42928,38721,23490,30660,3130.7,1.0715e+05
379,2.0237e+05,42928,38721,23490,30660,3130.7,1.0715e+05
380,2.0237e+05,42928,38721,23490,30660,3130.7,1.0715e+05
381,2.0237e+05,42928,38721,23490,30660,3130.7,1.0715e+05
382,2.0237e+05,42928,38721,23490,30660,3130.7,1.0715e+05
383,2.0237e+05,42928,38721,23490,30660,3130.7,1.0715e+05
384,2.0237e+05,42928,38721,23490,30660,3130.7,1.0715e+05
385,2.0237e+05,42928,38721,23490,30660,3130.7,1.0715e+05
386,2.0237e+05,42928,38721,23490,30660,3130.7,1.0715e+05
387,2.0237e+05,42928,38721,23490,30660,3130.7,1.0715e+05
388,2.0237e+05,42889,37568,23490,30660,3128.7,1.0715e+05
389,1.9615e+05,42889,37568,23490,30660,3128.7,1.0715e+05
390,1.9615e+05,42889,37568,23490,30660,3128.7,1.0715e+05
391,1.9615e+05,42889,37568,23490,30660,3128.7,1.0715e+05
392,1.9615e+05,42889,37568,23490,30660,3128.7,1.0715e+05
393,1.9615e+05,42889,37568,23490,30660,3128.7,1.0715e+05
394,1.9615e+05,42889,35734,23490,30660,3128.7,1.0715e+05
395,1.9615e+05,42889,35734,23490,30660,3128.7,1.0715e+05
396,1.9615e+05,42777,35734,23490,30660,3128.7,1.0715e+05
397,1.9615e+05,42777,35734,23490,30660,3128.7,1.0715e+05
398,1.9615e+05,42777,35734,23490,30660,3128.7,1.0715e+05
399,1.9615e+05,42777,35734,23490,30660,3102.7,1.0715e+05
400,1.9615e+05,42777,35734,23490,30660,3094,1.0715e+05
401,1.9615e+05,42777,35734,23490,30660,3094,1.0715e+05
402,1.9615e+05,42777,35734,23490,30660,3094,1.0715e+05
403,1.9615e+05,42777,35734,23490,30660,3094,1.0715e+05
404,1.9615e+05,42777,35734,23490,30660,3090.3,1.0715e+05
405,1.9615e+05,42777,35734,23490,30660,2946.4,1.0715e+05
406,1.9615e+05,42777,35734,23490,30660,2946.4,1.0715e+05
407,1.9615e+05,42777,35734,23490,30660,2946.3,1.0715e+05
408,1.9615e+05,42777,35734,23490,30660,2946.3,1.0715e+05
409,1.9615e+05,42777,35734,23490,30660,2937.8,1.0715e+05
410,1.9615e+05,42777,35734,23490,30660,2937.8,1.0028e+05
411,1.9615e+05,42777,35734,23490,30660,2937.8,1.0028e+05
412,1.8729e+05,42777,35734,23490,30660,2931.1,1.0028e+05
413,1.8729e+05,42777,35734,23490,30654,2931.1,1.0028e+05
414,1.8729e+05,42777,35734,23490,30651,2931.1,1.0028e+05
415,1.8729e+05,42777,35734,23490,30651,2898.6,1.0028e+05
416,1.8729e+05,42777,35734,23490,30651,2898.5,1.0028e+05
417,1.8729e+05,42777,35734,23490,30651,2886.4,1.0028e+05
418,1.8729e+05,42777,35734,23490,30651,2859.1,1.0028e+05
419,1.8729e+05,42777,34453,23490,30651,2858.5,1.0028e+05
420,1.8729e+05,42777,34453,23490,30651,2825.4,1.0028e+05
421,1.8729e+05,42777,34453,23490,30651,2810.8,1.0028e+05
422,1.8729e+05,42777,34453,23490,30651,2792.7,1.0028e+05
423,1.8729e+05,42777,34453,23490,30651,2792.7,1.0028e+05
424,1.8729e+05,42777,34453,23490,30651,2791.1,1.0028e+05
425,1.8729e+05,42777,34453,23490,30651,2791.1,1.0028e+05
426,1.8729e+05,42777,34453,23490,30651,2768.9,1.0028e+05
427,1.8729e+05,42777,34453,23490,30651,2756.6,1.0028e+05
428,1.8729e+05,42777,34453,23490,30651,2755.8,1.0028e+05
429,1.8729e+05,42777,34453,23490,30651,2755.8,1.0028e+05
430,1.8729e+05,42047,34453,23490,30651,2755.8,1.0028e+05
431,1.8729e+05,42047,34453,23490,30651,2755.8,1.0028e+05
432,1.8729e+05,42047,34453,23490,30651,2755.8,1.0028e+05
433,1.8729e+05,42047,34453,23490,30651,2755.8,1.0028e+05
434,1.8729e+05,42047,34453,23490,30651,2755.8,1.0028e+05
435,1.8729e+05,42047,34453,23490,30651,2755.8,1.0028e+05
436,1.4966e+05,42047,34453,23490,30651,2738.6,1.0028e+05
437,1.4966e+05,42047,34453,23490,30651,2738.6,1.0028e+05
438,1.4966e+05,42047,34453,23490,30651,2738.6,1.0028e+05
439,1.4966e+05,41484,34453,23490,30651,2721.7,1.0028e+05
440,1.3034e+05,41484,34453,23490,30651,2695.8,1.0028e+05
441,1.3034e+05,41484,34453,23490,30651,2695.8,1.0028e+05
442,1.3034e+05,41484,34453,23490,30651,2627.1,1.0028e+05
443,1.3034e+05,41484,34453,23490,30651,2627.1,1.0028e+05
444,1.3034e+05,41484,34453,23490,30651,2627.1,1.0028e+05
445,1.3034e+05,41484,34453,23490,30651,2627.1,1.0028e+05
446,1.3034e+05,41484,33961,23490,30651,2627.1,1.0028e+05
447,1.3034e+05,41484,33961,23490,30651,2627.1,1.0028e+05
448,1.3034e+05,41484,33961,23490,30651,2627.1,1.0028e+05
449,1.3034e+05,41484,33961,23490,30651,2627.1,1.0028e+05
450,1.3034e+05,41484,33961,23490,30651,2627.1,79986
451,1.3034e+05,41484,33961,23490,30651,2583.3,79986
452,1.3034e+05,41484,33961,23490,30651,2582.6,79986
453,1.3034e+05,41484,33961,23490,30651,2582.5,79986
454,1.3034e+05,41484,33961,23490,30651,2582.4,79986
455,1.3034e+05,41484,33961,23490,30651,2582.4,79986
456,1.3034e+05,41484,29801,23490,30651,2582.4,79986
457,1.3034e+05,41484,29801,23490,30651,2582.4,79986
458,1.3034e+05,41484,29801,23490,30651,2582.4,79986
459,1.3034e+05,41484,29801,23490,30651,2582.4,79986
460,1.3034e+05,41484,29801,23490,30651,2582.4,79986
461,1.3034e+05,41484,29801,23490,30651,2582.4,79986
462,1.3034e+05,41484,29801,23490,30651,2582.4,79986
463,1.3034e+05,41484,29801,23490,30651,2582.4,79986
464,1.3034e+05,41484,29801,23490,30651,2582.4,79986
465,1.3034e+05,41484,29801,23490,30651,2582.4,79986
466,1.3034e+05,41484,29801,23490,30651,2582.4,79986
467,1.3034e+05,41484,29801,23490,30651,2582.4,79986
468,1.3034e+05,41484,29801,23490,30651,2582.4,79986
469,1.3034e+05,41484,29801,23490,30651,2582.4,79986
470,1.3034e+05,41484,29801,23490,30651,2582.4,79986
471,1.3034e+05,41484,29801,23490,30651,2582.4,79986
472,1.3034e+05,41484,29801,23490,30651,2582.4,79986
473,1.3034e+05,41484,29801,23490,30651,2582.4,79986
474,1.0944e+05,41484,29801,23490,30651,2582.4,79986
475,1.0944e+05,41484,29801,23490,30651,2582.4,79986
476,1.0944e+05,41484,29801,23490,30651,2582.4,79986
477,1.0944e+05,41484,29801,23490,30651,2582.4,79986
478,1.0944e+05,41484,29801,23490,30651,2579.6,79986
479,1.0944e+05,41484,29801,23490,30651,2579.3,79986
480,1.0944e+05,41484,29801,23490,30651,2579.3,79986
481,1.0944e+05,41484,29801,23489,30651,2579.3,79986
482,1.0944e+05,41484,29801,23489,30651,2577.9,79986
483,1.0944e+05,41484,29801,23489,30651,2569,79986
484,1.0944e+05,41484,29801,23489,30651,2567.9,79986
485,1.0944e+05,41484,29801,23489,30651,2506.3,79986
486,1.0944e+05,41484,29801,23489,30651,2506.3,79986
487,1.0944e+05,41484,29801,23489,30651,2474.4,79986
488,1.0944e+05,41484,29801,23489,30651,2470.9,79986
489,1.0944e+05,41484,29801,23489,30651,2470.9,79986
490,1.0944e+05,41484,29801,23489,30651,2470.7,72819
491,1.0944e+05,41484,29801,23489,30651,2470.7,72819
492,1.0944e+05,41484,29801,23489,30651,2467.3,72819
493,1.0944e+05,41484,29801,23489,30651,2467.3,72819
494,1.0944e+05,41484,29801,23489,30651,2467.3,72819
495,1.0944e+05,41484,29801,23489,30651,2467.3,72819
496,1.0944e+05,41484,29801,23489,30651,2466.4,72819
497,1.0944e+05,41484,29801,23489,30651,2466.4,72819
498,1.0944e+05,41484,29801,23489,30651,2466.4,72819
499,1.0944e+05,41484,25258,23489,30651,2466.4,72819
500,1.0944e+05,41484,25258,23489,30651,2466.4,72819
501,1.0944e+05,41484,25258,23489,30651,2445.3,72819
502,1.0944e+05,41484,25258,23489,30651,2445.3,72819
503,1.0944e+05,37186,25258,23489,30651,2445.3,72819
504,1.0932e+05,37186,25258,23489,30651,2445.3,72819
505,1.0932e+05,37186,25258,23489,30651,2445.3,72819
506,1.0932e+05,37186,25258,23489,30651,2445.3,72819
507,1.0932e+05,37186,25258,23489,30651,2445.3,72819
508,1.0932e+05,37186,25258,23489,30651,2445.3,72819
509,1.0932e+05,37186,25258,23489,30651,2439.4,72819
510,74045,37186,25258,23489,30651,2437.4,72819
511,74045,37186,25258,23489,30651,2437.4,72819
512,74045,37186,25258,23489,30651,2436.7,72819
513,74045,37186,25258,23489,30651,2436.7,72819
514,74045,37186,25258,23489,30651,2429.2,72819
515,67617,37186,25258,23489,30651,2423.5,72819
516,67617,37186,25258,23489,30651,2423.3,72819
517,67617,37186,25258,23489,30651,2423.3,72819
518,67617,37186,25258,23489,30651,2423.3,72819
519,67617,37186,25258,23489,30651,2423.3,72819
520,67617,37186,25258,23489,30651,2423.3,72819
521,67617,37186,25258,23489,30651,2404.2,72819
522,67617,37186,25258,23489,30651,2386.4,72819
523,67617,36712,25258,23489,30651,2386.4,72819
524,67617,36712,25258,23489,30651,2386.4,72819
525,67617,36712,25258,23489,30651,2386.4,72819
526,67617,35648,25258,23489,30651,2386.4,72819
527,67617,35648,25258,23489,30651,2365.4,72819
528,67617,35648,25258,23489,30651,2365.4,72819
529,67617,35648,25258,23489,30651,2365.4,72819
530,67617,35648,24384,23489,30651,2365.4,58867
531,67617,35648,24384,23489,30651,2365.4,58867
532,67617,35648,24384,23489,30651,2365.4,58867
533,67617,35648,24384,23489,30651,2365.4,58867
534,67617,35648,24384,23489,30651,2365.4,58867
535,67617,35648,24384,23489,30651,2365.4,58867
536,67617,35648,24384,23489,30651,2365.4,58867
537,67617,35648,24384,23489,30651,2365.4,58867
538,67617,35648,24384,23489,30651,2365.4,58867
539,67617,35648,24384,23489,30651,2365.4,58867
540,67617,35648,24384,23489,30651,2365.4,58867
541,67617,35648,24384,23489,30651,2365.4,58867
542,67617,35648,24384,23489,30651,2365.4,58867
543,67617,35648,24384,23489,30651,2365.4,58867
544,66695,35648,24384,23489,30651,2348.8,58867
545,66695,35648,24384,23489,30651,2348.8,58867
546,66695,35648,24384,23489,30651,2348.8,58867
547,66695,35648,24384,23489,30651,2340,58867
548,66695,35648,24384,23489,30651,2340,58867
549,66695,35648,24384,23489,30651,2340,58867
550,66695,35648,24384,23489,30651,2340,58867
551,66695,35648,23715,23489,30651,2340,58867
552,66695,35648,23715,23489,30651,2340,58867
553,66695,35648,23715,23489,30651,2340,58867
554,66695,35648,23715,23489,30651,2339.4,58867
555,66695,35648,23715,23489,30650,2339.1,58867
556,66695,35648,23715,23489,30650,2339.1,58867
557,66695,35648,21781,23489,30650,2339.1,58867
558,66695,35648,21781,23489,30650,2339.1,58867
559,66695,35648,21781,23489,30650,2337.8,58867
560,66695,35648,21781,23489,30650,2334.3,58867
561,66695,35648,21781,23489,30650,2334.3,58867
562,66695,35648,21781,23489,30650,2334.3,58867
563,66695,35648,21781,23489,30650,2334.3,58867
564,66695,35648,21781,23489,30650,2334.3,58867
565,66695,35648,21781,23489,30650,2334.3,58867
566,66695,35648,21781,23489,30650,2334.3,58867
567,66695,35648,21781,23489,30650,2334.3,58867
568,66695,34677,21781,23489,30650,2334.3,58867
569,66695,34677,21781,23489,30650,2334.3,58867
570,66695,34677,21781,23489,30650,2334.3,48902
571,66695,34677,21781,23489,30650,2334.3,48902
572,66695,34677,21781,23489,30650,2334.3,48902
573,66695,34677,21781,23489,30650,2334.3,48902
574,66695,34677,21781,23489,30650,2334.3,48902
575,66695,34677,21781,23489,30650,2334.3,48902
576,66695,34677,21781,23489,30650,2320.6,48902
577,66695,34599,21781,23489,30650,2320.6,48902
578,66695,34599,21781,23489,30650,2320.6,48902
579,66695,34599,21781,23489,30650,2320.6,48902
580,66695,34599,21781,23489,30650,2320.5,48902
581,66695,34599,21781,23489,30650,2320.5,48902
582,66695,34599,21781,23489,30650,2320.5,48902
583,66695,34599,21781,23489,30650,2320.5,48902
584,66351,34599,21781,23489,30650,2320.5,48902
585,66351,34599,21781,23489,30650,2320.5,48902
586,66351,34599,21781,23489,30650,2320.5,48902
587,66351,34599,21781,23489,30650,2320.5,48902
588,66351,34599,21781,23489,30650,2320.5,48902
589,66351,34599,21781,23489,30650,2320.5,48902
590,66351,34599,21781,23489,30650,2320.5,48902
591,66351,34599,21781,23489,30650,2320.5,48902
592,66351,34599,21781,23489,30650,2320.5,48902
593,66351,34566,21781,23489,30650,2320.5,48902
594,66351,34566,21781,23489,30650,2320.5,48902
595,66351,34566,21781,23489,30650,2320.5,48902
596,66351,34566,21781,23489,30650,2320.5,48902
597,66351,34566,21781,23489,30650,2320.5,48902
598,66351,34566,21781,23489,30650,2320.5,48902
599,66351,34566,21600,23489,30650,2320.5,48902
600,66351,34566,21600,23489,30650,2320.5,48902
601,66351,34566,21600,23489,30650,2255.3,48902
602,66351,34566,21600,23489,30650,2255.3,48902
603,66351,34566,21600,23489,30650,2255.3,48902
604,63662,34566,21600,23489,30650,2255.3,48902
605,63662,34566,21600,23489,30650,2255.3,48902
606,63662,34566,21600,23489,30650,2255.3,48902
607,63662,34542,21600,23489,30650,2255.3,48902
608,63662,34542,21600,23489,30650,2255.3,48902
609,63662,34249,21600,23489,30650,2255.3,48902
610,63662,34249,21600,23489,30650,2255.3,48140
611,63662,34249,21600,23489,30650,2255.3,48140
612,63662,34249,21600,23489,30650,2255.3,48140
613,63662,34249,21600,23489,30650,2255.3,48140
614,63662,34249,21600,23489,30650,2255.3,48140
615,63662,34249,21600,23489,30650,2255.3,48140
616,63662,34249,21600,23489,30650,2255.3,48140
617,63662,34249,21600,23489,30650,2255.3,48140
618,63075,34249,21600,23489,30650,2255.3,48140
619,63075,34249,21600,23489,30650,2227.3,48140
620,63075,34249,21600,23489,30650,2227.3,48140
621,63075,33056,21600,23489,30650,2227.3,48140
622,63075,33056,21600,23489,30650,2227.3,48140
623,60731,33056,21600,23489,30650,2227.3,48140
624,60731,33056,21600,23489,30650,2227.3,48140
625,60731,33056,21600,23489,30650,2227.3,48140
626,60731,33056,21600,23489,30650,2209.4,48140
627,60731,33056,21600,23489,30650,2209.4,48140
628,60731,33056,21600,23489,30650,2209.4,48140
629,60731,33056,21600,23489,30642,2209.4,48140
630,60731,33056,21600,23489,30642,2209.4,48140
631,60731,33056,21600,23489,30642,2209.4,48140
632,60731,33056,21600,23489,30642,2209.4,48140
633,60731,33056,21600,23489,30642,2200.8,48140
634,60731,33056,21600,23489,30642,2200.8,48140
635,60731,33056,21600,23489,30642,2200.8,48140
636,60731,33056,21600,23489,30642,2200.8,48140
637,60731,33056,21600,23489,30642,2200.8,48140
638,60731,33056,21600,23489,29585,2137.5,48140
639,60731,33056,21600,23488,29585,2137.3,48140
640,60731,33056,21600,23488,29585,2137.3,48140
641,60669,33056,21600,23488,29585,2137.3,48140
642,60669,33056,21600,23488,29585,2137.3,48140
643,60669,33056,21600,23488,29585,2137.3,48140
644,60669,33056,21101,23488,29585,2137.3,48140
645,60669,33056,21101,23488,29585,2137.3,48140
646,60669,33056,21101,23488,29585,2137.3,48140
647,60669,33056,21101,23488,29585,2137.3,48140
648,60669,33056,20623,23488,29585,2137.3,48140
649,60669,33056,20623,23488,29585,2137.3,48140
650,60669,33056,20623,23488,29585,2137.3,44875
651,60669,33056,20623,23488,29584,2137.3,44875
652,60669,33056,20623,23488,29578,2137.3,44875
653,60669,33056,20623,23488,29578,2137.3,44875
654,60669,33056,20623,23488,29578,2137.3,44875
655,60669,33056,20525,23488,29578,2137.3,44875
656,60669,33056,20525,23488,29578,2137.3,44875
657,60669,33056,20525,23488,29578,2137.3,44875
658,60669,33056,20525,23488,29578,2137.3,44875
659,60669,33056,20525,23488,29578,2137.3,44875
660,60669,33056,20525,23488,29578,2137.3,44875
661,60669,33056,20525,23488,29578,2137.3,44875
662,60669,33056,20525,23488,29578,2137.3,44875
663,60669,33056,20525,23488,29578,2137.3,44875
664,60669,33056,20525,23488,29578,2137.3,44875
665,60669,33056,20525,23488,29578,2137.3,44875
666,60669,33056,20525,23488,29578,2137.3,44875
667,60669,33056,20525,23488,29578,2137,44875
668,60669,33056,20525,23488,29578,2137,44875
669,60669,33056,20525,23488,29578,2137,44875
670,60669,33056,20525,23488,29578,2137,44875
671,60669,32844,20525,23488,29578,2137,44875
672,60669,32844,20525,23488,29578,2137,44875
673,60669,32844,20525,23488,29578,2137,44875
674,60669,32844,20525,23488,29578,2137,44875
675,60669,32844,20525,23488,29578,2137,44875
676,60669,32844,20525,23488,29578,2137,44875
677,60669,32844,20525,23488,29578,2137,44875
678,60669,32844,20525,23488,29578,2137,44875
679,60669,32844,20525,23488,29578,2137,44875
680,60669,32844,20525,23488,29578,2137,44875
681,60669,32844,20525,23488,29578,2137,44875
682,60669,32844,20525,23488,29578,2131.1,44875
683,60669,32844,20525,23488,29578,2131.1,44875
684,60669,32844,20525,23488,29578,2131.1,44875
685,60669,32844,20525,23488,29578,2131.1,44875
686,60669,32844,20525,23488,29578,2131.1,44875
687,60669,32844,20525,23488,29578,2131.1,44875
688,60669,32844,20525,23488,29578,2131.1,44875
689,60669,32844,20525,23488,29578,2131.1,44875
690,60669,32844,20525,23488,29578,2131.1,44360
691,60669,32844,20525,23488,29578,2131.1,44360
692,60669,32844,20525,23488,29578,2131.1,44360
693,60669,32844,20525,23488,29578,2131.1,44360
694,60669,32844,20525,23488,29578,2129.1,44360
695,60669,32844,20525,23488,29578,2125.2,44360
696,60669,32844,20525,23488,29578,2124.9,44360
697,60669,32844,20525,23488,29578,2124.9,44360
698,60669,32844,20525,23488,29578,2124.9,44360
699,60669,32844,20525,23488,29578,2124.9,44360
700,60669,32844,20525,23488,29578,2124.9,44360
701,60669,32844,20525,23488,29578,2124.9,44360
702,60669,32844,20412,23488,29578,2124.9,44360
703,60669,32844,20412,23488,29578,2124.9,44360
704,60669,32844,20412,23488,29578,2122,44360
705,60669,32844,20412,23488,29578,2121.9,44360
706,60669,32844,20412,23488,29571,2121.9,44360
707,60669,32844,20412,23488,29569,2121.9,44360
708,60669,32844,20412,23488,29569,2121.9,44360
709,60669,32844,20412,23488,29569,2121.9,44360
710,60669,32844,20412,23488,29569,2121.9,44360
711,60669,32844,20412,23488,29569,2121.9,44360
712,60669,32844,20412,23488,29569,2121.9,44360
713,60669,32844,20412,23488,29569,2121.9,44360
714,60669,32844,20412,23488,29569,2121.9,44360
715,60669,32844,20412,23488,29569,2119,44360
716,60669,32844,20412,23488,29569,2116.3,44360
717,60669,32844,20408,23488,29569,2116.2,44360
718,60669,32844,20408,23488,29569,2116.2,44360
719,60669,32844,20408,23488,29569,2116.2,44360
720,60669,32844,20408,23488,29569,2116.2,44360
721,60669,32844,20408,23488,29569,2116,44360
722,60669,32844,20408,23488,29569,2116,44360
723,60669,32844,20408,23488,29569,2116,44360
724,60669,32844,20408,23488,29569,2116,44360
725,60669,32844,20408,23488,29569,2116,44360
726,60669,32844,20408,23488,29569,2116,44360
727,60669,32844,20408,23488,29569,2098.6,44360
728,60669,32844,20408,23488,29569,2098.6,44360
729,60669,32844,20408,23488,29569,2098.6,44360
730,60669,32844,20408,23488,29569,2098.6,43521
731,60669,32844,20408,23488,29569,2098.6,43521
732,60669,32844,20408,23488,29569,2098.6,43521
733,60669,32844,20408,23488,29569,2098.6,43521
734,60669,32844,20408,23488,29569,2098.6,43521
735,60669,32844,20408,23488,29569,2098.6,43521
736,60669,32844,20408,23488,29569,2098.6,43521
737,60669,32844,20408,23488,29569,2098.6,43521
738,60669,32844,20408,23488,29569,2098.6,43521
739,60669,32844,20408,23488,29569,2098.6,43521
740,60669,32844,20408,23488,29569,2098.6,43521
741,60669,32844,20408,23488,29569,2098.6,43521
742,60669,32844,20408,23488,29569,2098.6,43521
743,60669,32844,20408,23488,29569,2098.6,43521
744,60669,32844,20408,23488,29569,2096.9,43521
745,60669,32844,20408,23488,29569,2096.9,43521
746,60669,32844,20408,23488,29569,2096.9,43521
747,60669,32844,20408,23488,29569,2096.9,43521
748,60669,32844,20408,23488,29569,2096.9,43521
749,60669,32844,20408,23488,29569,2096.9,43521
750,60669,32844,20408,23488,29569,2096.9,43521
751,60669,32844,20408,23488,29569,2096.9,43521
752,60669,32844,20408,23488,29569,2096.9,43521
753,60669,32844,20408,23488,29569,2096.9,43521
754,60669,32844,20408,23488,29569,2096.9,43521
755,60564,32844,20408,23488,29568,2092.7,43521
756,60564,32844,20408,23488,29565,2092.7,43521
757,60564,32844,20408,23488,29565,2091.1,43521
758,60564,32844,20408,23488,29565,2090.3,43521
759,60564,32844,20408,23488,29565,2045.1,43521
760,60564,32844,20408,23488,29565,2041.6,43521
761,60564,32844,20408,23488,29565,2041.2,43521
762,60564,32844,20408,23488,29565,2041.2,43521
763,60564,32844,20408,23488,29565,2040.9,43521
764,60564,32844,20408,23488,29565,2040.9,43521
765,60564,32844,20408,23488,29565,2040.9,43521
766,60564,32844,20408,23488,29565,2040.9,43521
767,60564,32844,20408,23488,29565,2040.9,43521
768,60564,32844,20408,23488,29565,2040.9,43521
769,60564,32844,20408,23488,29565,2040.9,43521
770,60564,32844,20408,23488,29565,2040.9,41673
771,60564,32844,20408,23488,29565,2040.9,41673
772,60564,32844,20408,23488,29565,2040.9,41673
773,60564,32844,20408,23488,29565,2040.9,41673
774,60564,32844,20408,23488,29565,2040.9,41673
775,60564,32844,20408,23488,29565,2040.9,41673
776,60564,32844,20408,23488,29565,2040.9,41673
777,60564,32844,20408,23488,29565,2040.9,41673
778,60564,32844,20408,23488,29565,2040.9,41673
779,60564,32094,20408,23488,29565,2040.3,41673
780,60564,32094,20408,23488,29565,2040.2,41673
781,60564,32094,20408,23488,29565,2040.2,41673
782,60564,32094,20408,23488,29565,2040.2,41673
783,60564,32094,20408,23488,29565,2040.2,41673
784,60564,32094,20408,23488,29565,2040.2,41673
785,60564,32094,20408,23488,29565,2040.2,41673
786,60564,31996,20408,23488,29565,2040.2,41673
787,60564,31996,20408,23488,29565,2038.9,41673
788,60564,31996,20408,23488,29565,2023.8,41673
789,60564,31996,20408,23488,29565,2023.8,41673
790,60564,31996,20408,23488,29565,2018,41673
791,60564,31996,20408,23488,29565,2016.7,41673
792,60564,31940,20408,23488,29565,2016.7,41673
793,60564,31940,20408,23488,29565,2016.7,41673
794,60564,31940,20408,23488,29565,2016.7,41673
795,60564,31940,20408,23488,29565,2002.9,41673
796,60564,31940,20408,23488,29565,2002.9,41673
797,60564,31940,20408,23488,29565,1998.5,41673
798,60564,31940,20408,23488,29565,1998.5,41673
799,60564,31940,20408,23488,29565,1998.5,41673
800,60564,31940,20408,23488,29565,1998.5,41673
801,60564,31940,20408,23488,29565,1998.5,41673
802,60564,31940,20408,23488,29565,1998.5,41673
803,60564,31940,20408,23488,29565,1998.5,41673
804,60564,31940,20408,23488,29565,1998.5,41673
805,60564,31940,20408,23488,29565,1998.5,41673
806,60564,31940,20408,23488,29565,1998.5,41673
807,60564,31940,20408,23488,29565,1990.4,41673
808,60564,31940,20408,23488,29565,1990.4,41673
809,60564,31940,20408,23488,29565,1990.4,41673
810,60564,31940,20408,23488,29565,1976.2,39890
811,60564,31940,20408,23488,29565,1976.2,39890
812,60564,31940,20408,23488,29565,1975.8,39890
813,60564,31940,20408,23488,29565,1975.7,39890
814,60564,31940,20408,23488,29565,1975.7,39890
815,60564,31940,20408,23488,29565,1975.6,39890
816,60564,31940,20408,23488,29565,1975.6,39890
817,60564,31940,20408,23488,29565,1975.6,39890
818,60564,31940,20408,23488,29565,1975.6,39890
819,60564,31940,20408,23488,29565,1975.6,39890
820,60564,31940,20408,23488,29565,1969.3,39890
821,60564,31940,20408,23488,29565,1969.3,39890
822,60564,30665,20408,23488,29565,1969.3,39890
823,60564,30665,20408,23488,29565,1969.3,39890
824,60564,30665,20408,23488,29565,1950.9,39890
825,60564,30665,20408,23488,29565,1950.9,39890
826,60564,30665,20408,23488,29565,1950.9,39890
827,60564,30665,20408,23488,29565,1950.9,39890
828,60564,30665,20408,23488,29565,1950.9,39890
829,60564,30665,20408,23488,29565,1950.9,39890
830,60564,30665,20408,23488,29565,1950.9,39890
831,60564,30665,20408,23488,29565,1950.9,39890
832,60564,30665,20408,23488,29565,1950.9,39890
833,60564,30665,20408,23488,29565,1950.9,39890
834,60564,30665,20408,23488,29565,1950.9,39890
835,60564,30665,20408,23488,29565,1950.9,39890
836,60564,30665,20408,23488,29565,1950.3,39890
837,60564,30665,20408,23488,29565,1950.3,39890
838,60564,30665,20408,23488,29565,1950.3,39890
839,60564,30665,20408,23488,29565,1901.1,39890
840,60564,30665,20408,23488,29565,1901.1,39890
841,60564,30665,20408,23488,29565,1901.1,39890
842,60564,30665,20408,23488,29565,1901.1,39890
843,60564,30665,20408,23488,29565,1901.1,39890
844,60564,30665,20408,23488,29565,1901.1,39890
845,60564,30665,20408,23488,29565,1901.1,39890
846,60564,30665,20408,23488,29565,1901.1,39890
847,60564,30665,20408,23487,29565,1901.1,39890
848,60564,30665,20408,23487,29565,1901.1,39890
849,60564,30665,20408,23487,29565,1873.2,39890
850,60564,30665,20408,23487,29565,1861.2,37554
851,60564,30665,20408,23487,29565,1860.2,37554
852,60564,30665,20408,23487,29565,1860.2,37554
853,60564,30665,20408,23487,29564,1860.2,37554
854,60564,30665,20408,23487,29564,1857.3,37554
855,60564,30665,20408,23487,29564,1857.3,37554
856,60564,30665,20408,23487,29564,1857.3,37554
857,60564,30665,20408,23487,29564,1857.3,37554
858,60564,30665,20408,23487,29564,1857.3,37554
859,60564,30665,20408,23487,29564,1857.3,37554
860,60564,30665,20408,23487,29564,1857.3,37554
861,60564,30665,20408,23487,29564,1857.3,37554
862,60564,30665,20408,23487,29564,1857.3,37554
863,60564,30665,20408,23487,29564,1857.3,37554
864,60564,30665,20408,23487,29564,1857.3,37554
865,60564,30665,20408,23487,29564,1857.3,37554
866,60564,30665,20408,23487,29564,1857.3,37554
867,60564,30665,20408,23487,29564,1857.3,37554
868,60564,30665,20408,23487,29564,1857.3,37554
869,58181,30665,20408,23487,29564,1857.3,37554
870,58181,30665,20408,23487,29564,1857.3,37554
871,58181,30665,20408,23487,29564,1857.3,37554
872,58181,30665,20408,23487,29564,1857.3,37554
873,58181,30665,20408,23487,29564,1840.7,37554
874,58181,30665,20408,23487,29564,1840.7,37554
875,58181,30665,20408,23487,29564,1840.7,37554
876,58181,30665,20408,23487,29564,1833.8,37554
877,58181,30665,20408,23487,29564,1833.8,37554
878,58181,30665,20408,23487,29564,1833.8,37554
879,58181,30665,20408,23487,29541,1833.8,37554
880,57615,30665,20408,23487,29539,1833.8,37554
881,57615,30665,20408,23487,29539,1833.8,37554
882,57615,30665,20408,23487,29539,1833.8,37554
883,57615,30665,20408,23487,29539,1833.8,37554
884,57615,30665,20408,23487,29539,1833.8,37554
885,57615,30665,20408,23487,29539,1833.8,37554
886,57615,30665,19922,23487,29539,1829.3,37554
887,57615,30665,19922,23487,29539,1829.3,37554
888,57615,30665,19922,23487,29539,1829.3,37554
889,57615,30665,19922,23487,29539,1829.3,37554
890,57615,30665,19922,23487,29539,1829.3,36662
891,57615,30665,19922,23487,29539,1829.3,36662
892,57615,30665,19922,23487,29539,1829.3,36662
893,57615,30665,19922,23487,29539,1829.3,36662
894,57615,30665,19922,23487,29539,1829.3,36662
895,57615,30665,19922,23487,29539,1829.3,36662
896,57615,30665,19922,23487,29539,1829.3,36662
897,57615,30665,19922,23487,29539,1829.3,36662
898,57615,30665,19922,23487,29537,1788.2,36662
899,57615,30665,19922,23487,29532,1788.2,36662
900,57615,30665,19922,23487,29530,1788.2,36662
901,57615,30665,19922,23487,29530,1788.2,36662
902,57615,30665,19922,23487,29530,1788.2,36662
903,57615,30665,19922,23487,29530,1788.2,36662
904,57615,30665,19922,23487,29530,1788.2,36662
905,57615,30665,19922,23487,29530,1788.2,36662
906,57615,30665,19922,23487,29530,1788.2,36662
907,57615,30665,19922,23487,29530,1788.2,36662
908,57615,30298,19922,23487,29530,1788.2,36662
909,57615,30298,19922,23487,29530,1788.2,36662
910,57615,30298,19922,23487,29530,1788.2,36662
911,57365,30298,19922,23487,29530,1788.2,36662
912,57365,30298,19922,23487,29530,1788.2,36662
913,57365,30298,19922,23487,29530,1788.2,36662
914,57365,30298,19922,23487,29530,1788.2,36662
915,57365,30298,19922,23487,29530,1788.2,36662
916,57365,30298,19922,23487,29530,1788.2,36662
917,57365,30298,19922,23487,29530,1788.2,36662
918,57365,30298,19922,23487,29530,1788.2,36662
919,57365,30298,19922,23487,29530,1788.2,36662
920,57365,30298,19922,23487,29530,1788.2,36662
921,57365,30298,19922,23487,29530,1788.2,36662
922,57365,30298,19922,23487,29530,1788.2,36662
923,57365,30298,19922,23487,29530,1788.2,36662
924,57365,30298,19922,23487,29530,1788.2,36662
925,57365,30298,19922,23487,29530,1764.6,36662
926,57365,30298,19922,23487,29530,1758.5,36662
927,57365,30298,19922,23487,29530,1758.5,36662
928,57365,30298,19922,23487,29530,1750.1,36662
929,57365,30298,19922,23487,29530,1750.1,36662
930,57365,30298,19922,23487,29530,1750.1,36662
931,57365,30298,19922,23487,29530,1750.1,36662
932,57365,30298,19922,23487,29530,1724.7,36662
933,57365,30298,19922,23487,29530,1724.7,36662
934,57365,30298,19922,23487,29530,1724.7,36662
935,57365,30298,19922,23487,29530,1724.7,36662
936,57365,30298,19922,23487,29530,1719.9,36662
937,57365,30298,19922,23487,29530,1718.7,36662
938,57365,30298,19922,23487,29530,1718.3,36662
939,57365,30298,19922,23487,29530,1718.3,36662
940,57365,30298,19800,23487,29530,1718.3,36662
941,57365,30298,19800,23487,29530,1718.3,36662
942,57365,30298,19800,23487,29530,1718.3,36662
943,57365,30298,19800,23487,29530,1718.3,36662
944,57365,30298,19800,23487,29530,1718.3,36662
945,57365,30298,19800,23487,29530,1718.3,36662
946,57365,30298,19800,23487,29530,1718.3,36662
947,57365,30298,19800,23487,29530,1718.3,36662
948,57365,30298,19800,23487,29530,1718.3,36662
949,57365,30298,19800,23487,29530,1716.5,36662
950,57365,30298,19800,23487,29530,1716.4,36662
951,57365,30298,19800,23487,29530,1711.9,36662
952,57365,30298,19800,23487,29530,1711.9,36662
953,57365,30298,19800,23487,29530,1711.4,36662
954,57365,30298,19800,23487,29530,1711.4,36662
955,57365,30298,19800,23487,29530,1702,36662
956,57365,30298,19800,23487,29530,1702,36662
957,57365,30298,19800,23487,29530,1697.8,36662
958,57365,30298,19800,23487,29530,1697.8,36662
959,57365,30298,19800,23487,29530,1697.7,36662
960,57365,30298,19800,23487,29530,1672.1,36662
961,57365,30298,19800,23487,29530,1672.1,36662
962,57365,30298,19800,23487,29530,1671.9,36662
963,57365,30298,19800,23487,29530,1671.9,36662
964,57365,30298,19800,23487,29530,1671.9,36662
965,57365,30298,19800,23487,29530,1671.9,36662
966,57365,30298,19800,23487,29530,1671.9,36662
967,57365,30298,19800,23487,29530,1671.9,36662
968,57365,30298,19800,23487,29530,1671.9,36662
969,57365,30298,19723,23487,29530,1671.9,36662
970,57365,30298,19723,23487,29530,1671.9,36662
971,57365,30298,19723,23487,29530,1671.9,36662
972,57365,30298,19723,23487,29530,1671.9,36662
973,57365,30298,19723,23487,29530,1671.9,36662
974,57365,30298,19723,23487,29530,1671.9,36662
975,57365,30298,19723,23487,29530,1671.9,36662
976,57365,30298,19723,23487,29530,1671.9,36662
977,57365,30298,19723,23487,29530,1671.9,36662
978,57365,30298,19723,23487,29530,1671.9,36662
979,57365,30298,19723,23487,29530,1671.9,36662
980,57365,30298,19723,23487,29530,1671.9,36662
981,57365,30298,19723,23487,29530,1671.9,36662
982,57365,30298,19723,23487,29530,1671.9,36662
983,57365,30298,19723,23487,29530,1671.9,36662
984,57365,30298,19723,23487,29530,1671.9,36662
985,57365,30298,19723,23487,29530,1671.9,36662
986,57365,30298,19723,23487,29530,1671.9,36662
987,57365,30298,19723,23487,29530,1671.9,36662
988,57365,30298,19723,23487,29530,1671.9,36662
989,57365,30298,19723,23487,29530,1671.9,36662
990,57365,30298,19723,23487,29530,1671.9,36662
991,57365,30298,19723,23487,29530,1671.9,36662
992,57365,30298,19723,23487,29530,1671.9,36662
993,57365,30298,19723,23487,29530,1671.9,36662
994,57365,30298,19723,23487,29530,1671.9,36662
995,57365,30298,19723,23487,29530,1671.9,36662
996,57365,30298,19723,23487,29530,1671.9,36662
997,57365,30298,19723,23487,29530,1671.9,36662
998,57365,30298,19723,23487,29530,1671.9,36662
999,57365,30298,19723,23487,29530,1671.9,36662
1000,57365,30298,19723,23487,29529,1671.9,36662
1001,57365,30298,19723,23487,29529,1671.9,36662
1002,57365,30298,19723,23487,29529,1671.9,36662
1003,57365,29839,19723,23487,29529,1671.9,36662
1004,57365,29839,19723,23487,29529,1671.9,36662
1005,57365,29839,19723,23487,29529,1669.2,36662
1006,57365,29839,19723,23487,29529,1641,36662
1007,57365,29839,19723,23487,29529,1641,36662
1008,57365,29839,19723,23487,29529,1631.2,36662
1009,57365,29839,19723,23487,29529,1631.2,36662
1010,57365,29839,19723,23487,29529,1631.2,35173
1011,57365,29839,19723,23487,29529,1631.2,35173
1012,57365,29839,19723,23487,29529,1631.2,35173
1013,57365,29839,19723,23487,29529,1631.2,35173
1014,57365,29839,19723,23487,29529,1631.2,35173
1015,57365,29839,19723,23487,29529,1631.2,35173
1016,57365,29839,19723,23487,29529,1618.3,35173
1017,57365,29839,19723,23487,29529,1618.3,35173
1018,57365,29839,19723,23487,29529,1618.3,35173
1019,57365,29839,19723,23487,29529,1618.3,35173
1020,57365,29839,19723,23487,29529,1618.3,35173
1021,57365,29839,19723,23487,29529,1602.2,35173
1022,57365,29839,19723,23487,29529,1602.1,35173
1023,57365,29839,19723,23487,29529,1602.1,35173
1024,57365,29839,19723,23487,29529,1602.1,35173
1025,57365,29839,19723,23487,29529,1602.1,35173
1026,57365,29839,19723,23487,29529,1602.1,35173
1027,57365,29839,19723,23487,29529,1602.1,35173
1028,57365,29839,19723,23257,29529,1602.1,35173
1029,57365,29839,19723,23257,29529,1602.1,35173
1030,57365,29839,19723,23257,29529,1602.1,35173
1031,57365,29839,19723,23257,29529,1602.1,35173
1032,57365,29839,19723,23257,29507,1602.1,35173
1033,56486,29839,19723,23257,29506,1602.1,35173
1034,56486,29839,19723,23257,29506,1602.1,35173
1035,56486,29839,19723,23257,29506,1602.1,35173
1036,56486,29839,19723,23257,29505,1602.1,35173
1037,56486,29839,19723,23257,29505,1602.1,35173
1038,56486,29839,19723,23257,29505,1602.1,35173
1039,56486,29839,19723,23257,29505,1602.1,35173
1040,56486,29839,19723,23257,29505,1602.1,35173
1041,56486,29839,19723,23257,29505,1602.1,35173
1042,56486,29839,19723,23257,29505,1602.1,35173
1043,56486,29839,19723,23257,29505,1602.1,35173
1044,56486,29839,19723,23257,29505,1602.1,35173
1045,56486,29839,19723,23257,29505,1602.1,35173
1046,56486,29839,19723,23257,29505,1602.1,35173
1047,56486,29839,19723,23257,29505,1602.1,35173
1048,38808,29839,19723,23257,29505,1602.1,35173
1049,38808,29839,19723,23257,29505,1589.6,35173
1050,38808,29839,19723,23257,29505,1574.5,33718
1051,38808,29839,19723,23257,29505,1574.5,33718
1052,38808,29839,19723,23257,29505,1574,33718
1053,38808,29839,19723,23257,29505,1572.7,33718
1054,38808,29839,19723,23257,29505,1569.8,33718
1055,38808,29839,19723,23257,29505,1569.8,33718
1056,38808,29839,19723,23257,29505,1569.8,33718
1057,38808,29839,19723,23257,29505,1569.8,33718
1058,38808,29839,19723,23257,29505,1569.8,33718
1059,38808,29839,19723,23257,29505,1569.8,33718
1060,38808,29839,19723,23257,29505,1569.8,33718
1061,38808,29839,19723,23257,29505,1569.8,33718
1062,38808,29839,19723,23257,29505,1569.8,33718
1063,38808,29839,19723,23257,29505,1569.8,33718
1064,38808,29839,19723,23257,29505,1569.8,33718
1065,38808,28738,19723,23257,29505,1569.8,33718
1066,38808,28738,19723,23257,29505,1569.8,33718
1067,38808,28738,19723,23257,29505,1569.8,33718
1068,38808,28738,19723,23257,29505,1569.8,33718
1069,38808,28738,19723,23257,29505,1534.3,33718
1070,38808,28738,19723,23257,29505,1534.3,33718
1071,38808,28738,19723,23257,29505,1534.3,33718
1072,38808,28738,19723,23257,29505,1534.3,33718
1073,38808,28738,19723,23257,29505,1534.3,33718
1074,38808,28738,19723,23257,29505,1534.3,33718
1075,38808,28738,19723,23257,29505,1534.3,33718
1076,38808,28738,19723,23257,29505,1534.3,33718
1077,38808,28738,19723,23257,29505,1534.3,33718
1078,38808,28738,19723,23257,29505,1534.3,33718
1079,38808,28738,19723,23257,29505,1534.3,33718
1080,38808,28738,19723,23257,29505,1527.4,33718
1081,38808,28738,19723,23257,29505,1526.4,33718
1082,38808,28738,19723,23257,29505,1526.4,33718
1083,38808,28738,19723,23257,29505,1526.4,33718
1084,38808,28738,19723,23257,29505,1526.4,33718
1085,38808,28738,19723,23257,29505,1526.4,33718
1086,38808,28738,19723,23257,29505,1524,33718
1087,38808,28738,19723,23257,29505,1524,33718
1088,38808,28738,19723,23257,29505,1524,33718
1089,38808,28566,19723,23257,29505,1524,33718
1090,38808,28566,19723,23257,29505,1524,33493
1091,38808,28566,19723,23257,29505,1524,33493
1092,38808,28566,19723,23257,29505,1524,33493
1093,38808,28566,19723,23256,29505,1524,33493
1094,38808,28566,19723,23256,29505,1524,33493
1095,38808,28566,19723,23256,29505,1524,33493
1096,38808,28566,19723,23256,29505,1524,33493
1097,38808,28566,19723,23256,29505,1524,33493
1098,38808,28566,19723,23256,29505,1524,33493
1099,38808,28566,19723,23256,29505,1524,33493
1100,38808,28566,19723,23256,29504,1518.1,33493
1101,38808,28566,19723,23256,29504,1518.1,33493
1102,38808,28566,19723,23256,29504,1518.1,33493
1103,38808,28566,19723,23256,29504,1518.1,33493
1104,38808,28566,19723,23256,29504,1518.1,33493
1105,38808,28566,19723,23256,29504,1518.1,33493
1106,38808,28566,19723,23256,29504,1518.1,33493
1107,38808,28566,19723,23256,29504,1518.1,33493
1108,38808,28566,19723,23256,29504,1518.1,33493
1109,38808,28566,19723,23256,29504,1518.1,33493
1110,38808,28566,19723,23256,29504,1518.1,33493
1111,38808,28566,19723,23256,29504,1518.1,33493
1112,38808,28566,19723,23256,29504,1518.1,33493
1113,38808,28566,19723,23256,29504,1518.1,33493
1114,38808,28566,19723,23256,29504,1518.1,33493
1115,38808,28566,19503,23256,29504,1518.1,33493
1116,38808,28566,19503,23256,29504,1518.1,33493
1117,38808,28566,19503,23256,29504,1518.1,33493
1118,38808,28566,19503,23256,29504,1518.1,33493
1119,38808,28566,19503,23256,29504,1518.1,33493
1120,38808,28566,19503,23256,29504,1518.1,33493
1121,38808,28566,19503,23256,29504,1518.1,33493
1122,38808,28566,19503,23256,29504,1518.1,33493
1123,38808,28566,19503,23256,29504,1518.1,33493
1124,38808,28566,19503,23256,29504,1518.1,33493
1125,38808,28566,19503,23256,29504,1518.1,33493
1126,38808,28566,19503,23256,29504,1518.1,33493
1127,38808,28566,19503,23256,29504,1518.1,33493
1128,38808,28566,19503,23256,29504,1518.1,33493
1129,38808,28566,19503,23256,29504,1518.1,33493
1130,38808,28566,19503,23256,29504,1518.1,32511
1131,38808,28566,19503,23256,29504,1518.1,32511
1132,38808,28566,19503,23256,29504,1518.1,32511
1133,38808,28566,19503,23256,29504,1518.1,32511
1134,38808,28566,19503,23256,29504,1518.1,32511
1135,38808,28566,19503,23256,29504,1518.1,32511
1136,38808,28566,19503,23256,29504,1518.1,32511
1137,38808,28566,19503,23256,29504,1518.1,32511
1138,38808,28566,19503,23256,29504,1518.1,32511
1139,38808,28566,19503,23256,29504,1518.1,32511
1140,38808,28566,19503,23256,29504,1518.1,32511
1141,38808,28566,19503,23256,29504,1518.1,32511
1142,38808,28566,19503,23256,29504,1518.1,32511
1143,38808,28566,19503,23256,29504,1518.1,32511
1144,38808,28566,19503,23256,29504,1518.1,32511
1145,38808,28566,19503,23256,29504,1518.1,32511
1146,38808,28566,19503,23256,29504,1518.1,32511
1147,38808,28566,19503,23256,29504,1518.1,32511
1148,38808,28566,19503,23256,29504,1518.1,32511
1149,38808,28566,19503,23256,29504,1518.1,32511
1150,38808,28566,19503,23256,29504,1518.1,32511
1151,38808,28566,19503,23256,29504,1518.1,32511
1152,38808,28566,19503,23256,29504,1518.1,32511
1153,38808,28566,19503,23256,29504,1518.1,32511
1154,38808,28566,19503,23256,29504,1507.4,32511
1155,38808,28566,19503,23256,29504,1507.3,32511
1156,38808,28566,19503,23256,29504,1507.2,32511
1157,38808,28566,19503,23256,29504,1507.2,32511
1158,38808,28566,19503,23256,29504,1507.2,32511
1159,38808,28566,19503,23256,29504,1507.2,32511
1160,38808,28566,19503,23256,29504,1507.2,32511
1161,38808,28566,19503,23256,29504,1507.2,32511
1162,38808,28566,19503,23256,29504,1507.2,32511
1163,38808,28566,19503,23256,29504,1507.2,32511
1164,38808,28566,19503,23256,29504,1507.2,32511
1165,38808,28566,19503,23256,29504,1507.2,32511
1166,38808,28566,19503,23256,29504,1507.2,32511
1167,38808,28566,19503,23256,29504,1507.2,32511
1168,38808,28566,19503,23256,29504,1507.2,32511
1169,38808,28566,19503,23256,29504,1507.2,32511
1170,38808,28566,19503,23256,29504,1507.2,32511
1171,38808,28566,19503,23256,29504,1507.2,32511
1172,38808,28566,19503,23256,29504,1507.2,32511
1173,38808,28566,19503,23256,29504,1507.2,32511
1174,38808,28566,19503,23256,29504,1507.2,32511
1175,38808,28566,19503,23256,29504,1507.2,32511
1176,38808,28566,19503,23256,29504,1507.2,32511
1177,38808,28566,19503,23256,29504,1507.2,32511
1178,38808,28566,19503,23256,29504,1507.2,32511
1179,38808,28566,19503,23256,29504,1507.2,32511
1180,38808,28566,19503,23256,29504,1507.2,32511
1181,38808,28566,19503,23256,29504,1507.2,32511
1182,38808,28566,19503,23256,29504,1507.2,32511
1183,38808,28566,19503,23256,29504,1507.2,32511
1184,38808,28566,19503,23256,29504,1507.2,32511
1185,38808,28566,19503,23256,29504,1507.2,32511
1186,38808,28566,19503,23256,29504,1507.2,32511
1187,38808,28566,19503,23256,29504,1507.2,32511
1188,38808,28566,19503,23256,29504,1507.2,32511
1189,38808,28566,19503,23256,29504,1507.2,32511
1190,38808,28566,19503,23256,29504,1507.2,32511
1191,38808,28566,19503,23256,29504,1507.2,32511
1192,38808,28566,19503,23256,29504,1507.2,32511
1193,38808,28566,19503,23256,29504,1507.2,32511
1194,38808,28566,19503,23256,29504,1507.2,32511
1195,38808,28566,19503,23256,29504,1507.2,32511
1196,38808,28566,19503,23256,29504,1506.8,32511
1197,36579,28566,19503,23256,29504,1506.8,32511
1198,36579,28566,19503,23256,29504,1506.8,32511
1199,36579,28566,19503,23256,29504,1506.8,32511
1200,36579,28566,19503,23256,29504,1506.8,32511
1201,36579,28566,19416,23256,29504,1506.8,32511
1202,36579,28566,19416,23256,29504,1506.8,32511
1203,36579,28566,19416,23256,29504,1506.8,32511
1204,36579,28566,19416,23256,29504,1506.8,32511
1205,36579,28566,19416,23256,29504,1506.8,32511
1206,36579,28566,19416,23256,29504,1506.8,32511
1207,36579,28566,19416,23256,29504,1506.8,32511
1208,36579,28566,19416,23256,29504,1505.2,32511
1209,36579,28566,19416,23256,29504,1504.6,32511
1210,36579,28566,19416,23256,29504,1479.1,29643
1211,36579,28566,19416,23256,29504,1479,29643
1212,36579,28566,19416,23256,29504,1479,29643
1213,36579,28566,19416,23256,29504,1479,29643
1214,36579,28566,19416,23256,29504,1479,29643
1215,36579,28566,19416,23256,29504,1479,29643
1216,36579,27915,19416,23256,29504,1479,29643
1217,36579,27915,19416,23256,29504,1479,29643
1218,36579,27915,19416,23256,29504,1479,29643
1219,36579,27915,19416,23256,29504,1479,29643
1220,36579,27915,19416,23256,29504,1479,29643
1221,36579,27915,19416,23256,29504,1479,29643
1222,36579,27915,19416,23256,29504,1479,29643
1223,36579,27915,19416,23256,29504,1479,29643
1224,36579,27915,19416,23256,29504,1479,29643
1225,36579,27915,19416,23256,29504,1479,29643
1226,36579,27915,19416,23256,29504,1479,29643
1227,36579,27915,19416,23256,29504,1479,29643
1228,36579,27915,19416,23256,29504,1479,29643
1229,36579,27915,19416,23256,29503,1479,29643
1230,36579,27915,19416,23256,29503,1479,29643
1231,36579,27849,19416,23256,29503,1479,29643
1232,36579,27849,19416,23256,29503,1479,29643
1233,36579,27849,19416,23256,29503,1479,29643
1234,36579,27849,19416,23256,29503,1479,29643
1235,36579,27849,19416,23256,29503,1479,29643
1236,36579,27849,19416,23256,29503,1479,29643
1237,36579,27849,19416,23256,29503,1478.4,29643
1238,36579,27849,19416,23256,29503,1478.4,29643
1239,36579,27849,19416,23256,29503,1478.4,29643
1240,36579,27849,19416,23256,29503,1478.4,29643
1241,36579,27849,19416,23256,29503,1478.4,29643
1242,36579,27849,19416,23256,29503,1478.3,29643
1243,36579,27849,19416,23256,29503,1478.3,29643
1244,36579,27849,19416,23256,29503,1478.3,29643
1245,36579,27849,19416,23256,29503,1478.3,29643
1246,36579,27849,19416,23256,29503,1478.3,29643
1247,36579,27849,19416,23256,29503,1478.3,29643
1248,36579,27849,19416,23256,29503,1478.3,29643
1249,36579,27849,19416,23256,29503,1477.9,29643
1250,36579,27849,19416,23256,29503,1477.9,29636
1251,36579,27849,19416,23256,29503,1477.9,29636
1252,36579,27849,19416,23256,29503,1477.9,29636
1253,36579,27849,19416,23256,29503,1477.9,29636
1254,36579,27849,19416,23256,29503,1477.9,29636
1255,36579,27849,19416,23256,29503,1477.9,29636
1256,36579,27849,18872,23256,29503,1477.9,29636
1257,36579,27849,18872,23256,29503,1477.9,29636
1258,36579,27849,18872,23256,29503,1477.9,29636
1259,36579,27849,18872,23256,29503,1477.9,29636
1260,36579,27849,18872,23256,29503,1477.9,29636
1261,36579,27849,18872,23256,29503,1477.9,29636
1262,36579,27849,18872,23256,29503,1477.9,29636
1263,36579,27849,18872,23256,29503,1477.9,29636
1264,36579,27849,18872,23256,29503,1477.9,29636
1265,36579,27849,18872,23256,29503,1477.9,29636
1266,36579,27849,18872,23256,29503,1477.9,29636
1267,36579,27849,18872,23256,29503,1477.9,29636
1268,36579,27849,18872,23256,29503,1477.9,29636
1269,36579,27849,18872,23256,29503,1477.9,29636
1270,36579,27849,18872,23256,29503,1477.9,29636
1271,36579,27849,18872,23256,29503,1477.9,29636
1272,36579,27849,18872,23256,29503,1477.9,29636
1273,36579,27849,18872,23256,29503,1477.9,29636
1274,36579,27849,18872,23256,29503,1477.9,29636
1275,36579,27849,18872,23256,29503,1477.9,29636
1276,36579,27849,18872,23256,29503,1477.9,29636
1277,36579,27849,18872,23256,29503,1477.9,29636
1278,36579,27849,18872,23256,29503,1477.9,29636
1279,36579,27849,18872,23256,29503,1477.9,29636
1280,36579,27849,18872,23256,29503,1477.9,29636
1281,36579,27849,18872,23256,29503,1477.9,29636
1282,36579,27849,18872,23256,29503,1477.9,29636
1283,36579,27849,18872,23256,29503,1477.9,29636
1284,36579,27849,18872,23256,29359,1477.9,29636
1285,36579,27849,18872,23256,29359,1477.9,29636
1286,36579,27849,18872,23256,29359,1477.9,29636
1287,36579,27849,18872,23256,29359,1477.9,29636
1288,36579,27849,18872,23256,29359,1477.9,29636
1289,36579,27849,18872,23256,29359,1477.9,29636
1290,36579,27849,18872,23256,29359,1477.9,29377
1291,36579,27849,18872,23256,29359,1477.9,29377
1292,36579,27849,18872,23256,29359,1477.9,29377
1293,36579,27849,18872,23256,29358,1477.9,29377
1294,36579,27849,18872,23256,29358,1475.8,29377
1295,36579,27849,18872,23256,29358,1475.8,29377
1296,36579,27849,18872,23256,29358,1475.8,29377
1297,36579,27849,18872,23256,29358,1475.8,29377
1298,36579,27849,18872,23256,29358,1475.8,29377
1299,36579,27849,18872,23256,29358,1475.8,29377
1300,36579,27849,18872,23256,29358,1475.8,29377
1301,36579,27849,18872,23256,29358,1454.5,29377
1302,36579,27849,18872,23256,29358,1454.5,29377
1303,36579,27849,18872,23256,29358,1454.5,29377
1304,36579,27849,18872,23256,29358,1454.5,29377
1305,36579,27849,18872,23256,29344,1454.5,29377
1306,36579,27849,18872,23256,29344,1454.5,29377
1307,36579,27849,18872,23256,29344,1454.5,29377
1308,36579,27849,18872,23256,29344,1454.5,29377
1309,36579,27849,18872,23256,29344,1454.5,29377
1310,36579,27849,18872,23256,29344,1454.5,29377
1311,36579,27849,18872,23256,29344,1454.5,29377
1312,36579,27849,18872,23255,29344,1454.5,29377
1313,36579,27849,18872,23255,29344,1454.5,29377
1314,36579,27849,18872,23255,29344,1454.5,29377
1315,36579,27768,18872,23255,29344,1454.5,29377
1316,36579,27768,18872,23255,29344,1454.5,29377
1317,36579,27768,18872,23255,29344,1454.5,29377
1318,36579,27768,18872,23255,29344,1454.5,29377
1319,36579,27768,18872,23255,29344,1454.5,29377
1320,36579,27768,18872,23255,29344,1454.5,29377
1321,36579,27768,18872,23255,29344,1454.5,29377
1322,36579,27768,18872,23255,29344,1454.5,29377
1323,36579,27768,18872,23255,29344,1454.5,29377
1324,36579,27768,18872,23255,29344,1454.5,29377
1325,36579,27768,18872,23255,29344,1454.5,29377
1326,36579,27768,18872,23255,29344,1454.5,29377
1327,36536,27768,18872,23255,29344,1454.5,29377
1328,36536,27768,18872,23255,29344,1454.5,29377
1329,35965,27768,18872,23255,29344,1454.5,29377
1330,35965,27768,18872,23255,29344,1454.5,28585
1331,35965,27768,18872,23255,29344,1454.5,28585
1332,35965,27768,18872,23255,29344,1454.5,28585
1333,35965,27768,18872,23255,29344,1454.5,28585
1334,35965,27768,18872,23255,29344,1454.5,28585
1335,35965,27768,18872,23255,29344,1454.5,28585
1336,35965,27768,18872,23255,29344,1454.5,28585
1337,35965,27768,18872,23255,29344,1454.5,28585
1338,35965,27768,18872,23255,29344,1454.2,28585
1339,35965,27768,18872,23255,29344,1451.3,28585
1340,35965,27768,18872,23255,29344,1451.3,28585
1341,35965,27768,18872,23255,29344,1451.3,28585
1342,35965,27768,18872,23255,29344,1451.3,28585
1343,35965,27768,18872,23255,29344,1451.3,28585
1344,35965,27768,18872,23255,29344,1451.3,28585
1345,35965,27768,18872,23255,29344,1451.3,28585
1346,35965,27768,18872,23255,29344,1451.3,28585
1347,35965,27768,18872,23255,29344,1451.3,28585
1348,35965,27768,18872,23255,29344,1451.3,28585
1349,35965,27768,18872,23255,29344,1451.3,28585
1350,35965,27768,18872,23255,29344,1451.3,28585
1351,35965,27768,18872,23255,29344,1451.3,28585
1352,35965,27768,18872,23255,29344,1451.3,28585
1353,35965,27768,18872,23255,29344,1451.3,28585
1354,35965,27768,18872,23255,29344,1451.3,28585
1355,35965,27768,18872,23255,29344,1451.3,28585
1356,35965,27768,18872,23255,29344,1451.3,28585
1357,35965,27768,18872,23255,29344,1451.3,28585
1358,35965,27768,18872,23255,29344,1451.3,28585
1359,35965,27768,18872,23255,29344,1451.3,28585
1360,35965,27768,18872,23255,29344,1450.6,28585
1361,35965,27768,18872,23255,29344,1450.6,28585
1362,35965,27768,18872,23255,29344,1450.6,28585
1363,35965,27768,18872,23255,29344,1450.6,28585
1364,35965,27768,18872,23255,29344,1450.6,28585
1365,35965,27768,18872,23255,29344,1450.6,28585
1366,35965,27768,18872,23255,29344,1450.6,28585
1367,35965,27768,18872,23255,29344,1450.6,28585
1368,35965,27768,18872,23255,29344,1450.6,28585
1369,35965,27768,18872,23255,29344,1450.6,28585
1370,35965,27768,18872,23255,29344,1450.6,28399
1371,35965,27768,18872,23255,29344,1450.6,28399
1372,35965,27768,18872,23255,29344,1450.6,28399
1373,35965,27768,18872,23255,29344,1450.6,28399
1374,35965,27768,18872,23255,29344,1450.6,28399
1375,35965,27768,18872,23255,29344,1450.6,28399
1376,35965,27768,18872,23255,29344,1450.6,28399
1377,35965,27768,18872,23255,29344,1450.6,28399
1378,34486,27768,18872,23255,29344,1450.6,28399
1379,34486,27768,18872,23255,29344,1450.6,28399
1380,34486,27768,18872,23255,29344,1450.6,28399
1381,34486,27768,18872,23255,29344,1450.6,28399
1382,34486,27768,18872,23255,29344,1450.6,28399
1383,34486,27768,18872,23255,29344,1450.6,28399
1384,34480,27768,18872,23255,29344,1450.6,28399
1385,34480,27768,18872,23255,29344,1450.6,28399
1386,34480,27768,18872,23255,29344,1450.6,28399
1387,34480,27768,18872,23255,29344,1450.6,28399
1388,34480,27768,18872,23255,29344,1450.6,28399
1389,34480,27768,18872,23255,29344,1450.6,28399
1390,34480,27768,18872,23255,29344,1450.6,28399
1391,34480,27768,18872,23255,29344,1450.6,28399
1392,34480,27768,18872,23255,29344,1450.6,28399
1393,34480,27768,18872,23255,29344,1450.6,28399
1394,34480,27768,18872,23255,29344,1450.6,28399
1395,34480,27768,18872,23255,29344,1450.6,28399
1396,34480,27768,18872,23255,29344,1450.6,28399
1397,34480,27768,18872,23255,29344,1415.8,28399
1398,34480,27768,18872,23255,29344,1415.8,28399
1399,34480,27768,18872,23255,29344,1415.8,28399
1400,34480,27768,18872,23255,29344,1415.8,28399
1401,34480,27768,18872,23255,29344,1415.8,28399
1402,34480,27768,18872,23255,29344,1415.8,28399
1403,34480,27768,18872,23255,29344,1415.8,28399
1404,34480,27768,18872,23255,29344,1415.8,28399
1405,34480,27768,18872,23255,29119,1415.8,28399
1406,34480,27768,18872,23255,29119,1415.8,28399
1407,34480,27768,18872,23255,29119,1415.8,28399
1408,34480,27768,18872,23255,29119,1415.8,28399
1409,34480,27768,18872,23255,29119,1415.8,28399
1410,34480,27768,18872,23255,29119,1415.8,27603
1411,34480,27768,18872,23255,29119,1415.8,27603
1412,34480,27768,18872,23255,29074,1415.8,27603
1413,34480,27768,18872,23255,29074,1415.8,27603
1414,34480,27768,18872,23255,29074,1415.8,27603
1415,34480,27768,18872,23255,29074,1415.8,27603
1416,34480,27768,18872,23255,29074,1415.8,27603
1417,34480,27768,18872,23255,29074,1400.4,27603
1418,34480,27768,18872,23255,29074,1400.3,27603
1419,34480,27768,18872,23255,29074,1399.5,27603
1420,34480,27768,18872,23255,29074,1399.5,27603
1421,34480,27768,18872,23255,29074,1399.5,27603
1422,34480,26857,18872,23255,29074,1384.9,27603
1423,34480,26857,18872,23255,29074,1384.9,27603
1424,34480,26857,18872,23255,29074,1384.9,27603
1425,34480,26857,18872,23255,29073,1384.2,27603
1426,34480,26857,18872,23255,29073,1384.2,27603
1427,34480,26857,18872,23255,29073,1384.2,27603
1428,34480,26857,18872,23255,29073,1384.2,27603
1429,34480,26857,18872,23255,29073,1384.2,27603
1430,34480,26857,18872,23255,29073,1384.2,27603
1431,34480,26857,18872,23255,29073,1384.2,27603
1432,34480,26857,18872,23255,29073,1384.2,27603
1433,34480,26857,18872,23255,29073,1384.2,27603
1434,34480,26857,18872,23255,29073,1384.2,27603
1435,34480,26857,18872,23255,29073,1384.2,27603
1436,34480,26857,18872,23255,29073,1384.2,27603
1437,34480,26857,18872,23255,29073,1384.2,27603
1438,34480,26857,18872,23255,29073,1384.2,27603
1439,34480,26857,18872,23255,29073,1384.2,27603
1440,34480,26857,18872,23255,29073,1384.2,27603
1441,34480,26857,18872,23255,29073,1384.2,27603
1442,34480,26857,18872,23255,29073,1384.2,27603
1443,34480,26857,18872,23255,29073,1384.2,27603
1444,34480,26857,18872,23255,29073,1384.2,27603
1445,34480,26857,18872,23255,29073,1384.2,27603
1446,34480,26857,18872,23255,29073,1384.2,27603
1447,34480,26857,18872,23255,29073,1384.2,27603
1448,34480,25989,18872,23255,29073,1384.2,27603
1449,34480,25989,18872,23255,29073,1384.2,27603
1450,34480,25989,18872,23255,29073,1384.2,27603
1451,34480,25989,18872,23255,29073,1384.2,27603
1452,34480,25989,18872,23255,29073,1351.6,27603
1453,34480,25989,18872,23255,29073,1351.6,27603
1454,34480,25989,18872,23255,29073,1351.6,27603
1455,34480,25989,18872,23255,29073,1351.6,27603
1456,34480,25989,18872,23255,29073,1351.6,27603
1457,34480,25989,18872,23255,29073,1351.6,27603
1458,34480,25989,18872,23255,29071,1351.6,27603
1459,34480,25989,18872,23255,29071,1351.6,27603
1460,34480,25989,18872,23255,29071,1351.6,27603
1461,34480,25989,18872,23255,29071,1351.6,27603
1462,34480,25989,18872,23254,29071,1351.6,27603
1463,34480,25989,18872,23254,29071,1351.6,27603
1464,34480,25989,18872,23254,29071,1351.6,27603
1465,34480,25989,18872,23254,29071,1351.6,27603
1466,34480,25989,18872,23254,29071,1351.6,27603
1467,34480,25989,18872,23254,29071,1351.6,27603
1468,34480,25989,18872,23254,29071,1351.6,27603
1469,34480,25989,18872,23254,29071,1351.5,27603
1470,34480,25989,18872,23254,29071,1348.6,27603
1471,34480,25989,18631,23254,29071,1348.4,27603
1472,34480,25989,18631,23254,29071,1348.4,27603
1473,34480,25989,18631,23254,29071,1348.4,27603
1474,34480,25989,18631,23254,29071,1348.4,27603
1475,34480,25989,18631,23254,29071,1348.4,27603
1476,34480,25989,18631,23254,29071,1348.4,27603
1477,34480,25989,18631,23254,29071,1348.4,27603
1478,34480,25989,18390,23254,29071,1348.4,27603
1479,34480,25989,18390,23254,29071,1348.4,27603
1480,34480,25989,18390,23254,29071,1348.4,27603
1481,34480,25989,18390,23254,29071,1348.4,27603
1482,34480,25989,18390,23254,29071,1348.4,27603
1483,34480,25989,18390,23254,29071,1348.4,27603
1484,34480,25989,18390,23254,29071,1348.4,27603
1485,34480,25989,18390,23254,29071,1348.4,27603
1486,34480,25989,17970,23254,29071,1348.4,27603
1487,34480,25989,17970,23254,29071,1348.4,27603
1488,34480,25989,17970,23254,29071,1348.4,27603
1489,34480,25989,17950,23254,29071,1348.4,27603
1490,34480,25691,17950,23254,29071,1348.4,27603
1491,34480,25691,17950,23254,29071,1348.4,27603
1492,34480,25691,17950,23254,29071,1348.4,27603
1493,34480,25691,17950,23254,29071,1348.4,27603
1494,34480,25691,17950,23254,29071,1343.8,27603
1495,34480,25691,17950,23254,29071,1343.8,27603
1496,34480,25691,17950,23254,29071,1343.8,27603
1497,34480,25691,17950,23254,29071,1342.2,27603
1498,34480,25691,17950,23254,29070,1342.2,27603
1499,34480,25691,17950,23254,29070,1342.2,27603
1500,34480,25691,17950,23254,29070,1342.2,27603
1501,34480,25691,17950,23254,29070,1342.2,27603
1502,34480,25691,17950,23254,29070,1342.2,27603
1503,34480,25691,17858,23254,29070,1342.2,27603
1504,34480,25691,17858,23254,29070,1342.2,27603
1505,34480,25364,17858,23254,29070,1342.2,27603
1506,34480,25364,17858,23254,29070,1339.9,27603
1507,34480,25364,17858,23254,29070,1339.9,27603
1508,34480,25364,17858,23254,29070,1339.9,27603
1509,34480,25364,17858,23254,29070,1339.9,27603
1510,34480,25364,17858,23254,29070,1339.9,27603
1511,34480,25364,17858,23254,29070,1339.9,27603
1512,34480,25364,17858,23254,29070,1339.9,27603
1513,34480,25364,17858,23254,29070,1339.9,27603
1514,34480,25364,17858,23254,29070,1339.9,27603
1515,34480,25364,17858,23254,29070,1339.9,27603
1516,34480,25364,17858,23254,29070,1339.9,27603
1517,34480,25364,17858,23254,29070,1339.9,27603
1518,34480,25364,17858,23254,29070,1339.9,27603
1519,34480,25364,17858,23254,29070,1339.9,27603
1520,34480,24157,17858,23254,29070,1339.9,27603
1521,34480,24157,17858,23254,29070,1339.9,27603
1522,34480,24157,17858,23254,29070,1339.9,27603
1523,34480,24157,17858,23254,29070,1339.9,27603
1524,34480,24157,17858,23254,29070,1339.9,27603
1525,34480,24157,17858,23254,29070,1328.5,27603
1526,34480,24157,17858,23254,29070,1328.5,27603
1527,34480,24157,17858,23254,29070,1328.5,27603
1528,34480,24157,17858,23254,29070,1328.5,27603
1529,34480,24157,17858,23254,29070,1328.5,27603
1530,34480,24157,17858,23254,29070,1328.5,27603
1531,34480,24157,17858,23254,29070,1328.5,27603
1532,34480,24157,17858,23254,29070,1328.5,27603
1533,34480,24157,17858,23254,29070,1328.5,27603
1534,34480,24157,17858,23254,29070,1328.5,27603
1535,34480,24157,17858,23254,29070,1328.5,27603
1536,34480,24157,17858,23254,29070,1328.5,27603
1537,34480,24157,17858,23254,29070,1328.5,27603
1538,34480,24157,17858,23254,29070,1328.5,27603
1539,34480,24157,17858,23254,29070,1328.5,27603
1540,34480,24157,17858,23254,29070,1328.5,27603
1541,34480,24157,17858,23254,29070,1326.9,27603
1542,34480,24157,17858,23254,29070,1326.9,27603
1543,34480,24157,17858,23254,29070,1326.9,27603
1544,34480,24157,17858,23254,29070,1326.9,27603
1545,34480,24157,17858,23254,29070,1316.8,27603
1546,34480,24157,17858,23254,29070,1316.8,27603
1547,34480,24157,17858,23254,29070,1316.8,27603
1548,34480,24157,17858,23254,29070,1316.8,27603
1549,34480,24157,17858,23254,29070,1316.8,27603
1550,34480,24157,17858,23254,29070,1316.8,27603
1551,34480,24157,17858,23254,29070,1316.8,27603
1552,34480,24157,17858,23254,29070,1316.8,27603
1553,34480,24157,17858,23254,29070,1316.8,27603
1554,34480,24157,17858,23254,29070,1316.8,27603
1555,34480,24157,17858,23254,29070,1316.8,27603
1556,34480,24157,17858,23254,29070,1316.8,27603
1557,34480,24157,17858,23254,29070,1316.8,27603
1558,34480,24157,17858,23254,29070,1316.8,27603
1559,34480,24157,17858,23254,29070,1316.8,27603
1560,34480,24157,17858,23254,29070,1316.8,27603
1561,34480,24157,17858,23254,29070,1316.8,27603
1562,34480,24157,17858,23254,29070,1316.8,27603
1563,34480,24157,17858,23254,29070,1316.8,27603
1564,34480,24157,17858,23254,29070,1316.8,27603
1565,34480,24157,17858,23254,29070,1316.8,27603
1566,34480,24157,17858,23254,29070,1316.8,27603
1567,34480,24157,17858,23254,29070,1316.8,27603
1568,34480,24157,17858,23254,29070,1316.8,27603
1569,34480,24157,17858,23254,29070,1316.8,27603
1570,34480,24157,17858,23254,29070,1316.8,27369
1571,34480,24157,17858,23254,29070,1316.8,27369
1572,34480,24157,17858,23254,29070,1316.8,27369
1573,34480,24157,17858,23254,29070,1316.8,27369
1574,34480,24157,17858,23254,29070,1316.8,27369
1575,34480,24157,17858,23254,29070,1316.8,27369
1576,34480,24157,17858,23254,29070,1316.8,27369
1577,34480,24157,17858,23254,29070,1316.8,27369
1578,34480,24157,17858,23254,29070,1316.8,27369
1579,34480,24157,17858,23254,29070,1316.8,27369
1580,34480,24157,17858,23253,29070,1316.3,27369
1581,34480,24157,17858,23253,29070,1316.3,27369
1582,34480,24157,17858,23253,29070,1316.3,27369
1583,34480,24157,17858,23253,29070,1316.3,27369
1584,34480,24157,17858,23253,29070,1316.3,27369
1585,34480,24157,17858,23253,29070,1316.3,27369
1586,34480,24157,17858,23253,29070,1316.3,27369
1587,34480,24157,17858,23253,29070,1316.3,27369
1588,34480,24157,17858,23253,29070,1316.3,27369
1589,34480,24157,17858,23253,29070,1316.3,27369
1590,34480,24157,17858,23253,29070,1316.3,27369
1591,34480,24157,17858,23253,29070,1316.3,27369
1592,34480,24157,17858,23253,29070,1316.3,27369
1593,34480,24157,17858,23253,29070,1316.3,27369
1594,34480,24157,17858,23253,29070,1316.3,27369
1595,34480,24157,17858,23253,29070,1316.3,27369
1596,34480,24157,17858,23253,29070,1316.3,27369
1597,34480,24157,17858,23253,29070,1316.3,27369
1598,34480,24157,17858,23253,29070,1316.3,27369
1599,34480,24157,17858,23253,29070,1316.3,27369
1600,34480,24157,17858,23253,29070,1316.3,27369
1601,34480,24157,17858,23253,29070,1316.3,27369
1602,34480,24157,17858,23253,29070,1316.3,27369
1603,34480,24157,17858,23253,29070,1316.3,27369
1604,34480,24157,17089,23253,29070,1316.3,27369
1605,34480,24157,17089,23253,29070,1316.3,27369
1606,34480,24157,17089,23253,29070,1316.3,27369
1607,34480,23434,17089,23253,29070,1316.3,27369
1608,34480,23434,17089,23253,29070,1316.3,27369
1609,34480,23434,17089,23253,29070,1316.3,27369
1610,34480,23434,17089,23253,29070,1316.3,27369
1611,34480,23434,17089,23253,29070,1316.3,27369
1612,34480,23434,17089,23253,29070,1316.3,27369
1613,34480,23434,17089,23253,29070,1316.3,27369
1614,34480,23434,17089,23253,29070,1316.3,27369
1615,34480,23434,17089,23253,29070,1288.7,27369
1616,34480,23434,17089,23253,29070,1288.7,27369
1617,34480,23434,17089,23253,29070,1285.1,27369
1618,34480,23434,17089,23253,29070,1285.1,27369
1619,34480,23434,17089,23253,29070,1285.1,27369
1620,34480,23434,17089,23253,29070,1285.1,27369
1621,34480,23434,17089,23253,29070,1285.1,27369
1622,34480,22947,17089,23253,29070,1285.1,27369
1623,34480,22947,17089,23253,29070,1281.5,27369
1624,34480,22947,17089,23253,29070,1281.5,27369
1625,34480,22947,17089,23253,29070,1281.5,27369
1626,34480,22947,17089,23253,29070,1281.5,27369
1627,34480,22947,17089,23253,29070,1281.5,27369
1628,34480,22947,17089,23253,29070,1281.5,27369
1629,34480,22947,17089,23253,29070,1281.5,27369
1630,34480,22947,17089,23253,29070,1281.5,27369
1631,34480,22947,17089,23253,29070,1278.1,27369
1632,34480,22947,17089,23253,29070,1278.1,27369
1633,34480,22947,17089,23253,29070,1278.1,27369
1634,34480,22947,17089,23253,29070,1278.1,27369
1635,34480,22947,17089,23253,29070,1278.1,27369
1636,34480,22947,17089,23253,29070,1278.1,27369
1637,34480,22947,17089,23253,29070,1258.9,27369
1638,34480,22947,17089,23253,29070,1258.9,27369
1639,34480,22947,17089,23253,29070,1247.9,27369
1640,34480,22947,17089,23253,29070,1247.9,27369
1641,34480,22947,17089,23253,29070,1247.9,27369
1642,34480,22947,17089,23253,29070,1247.9,27369
1643,34480,22947,17089,23253,29070,1247.9,27369
1644,34480,22947,17089,23253,29070,1247.9,27369
1645,34480,22947,17089,23253,29070,1247.9,27369
1646,34480,22538,17089,23253,29070,1247.9,27369
1647,34480,22538,17089,23253,29070,1247.9,27369
1648,34480,22538,17089,23253,29070,1247.9,27369
1649,34480,22538,17089,23253,29070,1247.9,27369
1650,34480,22538,17089,23253,29070,1247.9,26872
1651,34480,22538,17089,23253,29070,1247.9,26872
1652,34480,22538,17089,23253,29070,1247.9,26872
1653,34480,22538,17089,23253,29070,1247.9,26872
1654,34480,22538,17089,23253,29070,1247.9,26872
1655,34480,22538,17089,23253,29070,1247.9,26872
1656,34480,22538,17089,23253,29070,1247.9,26872
1657,34480,22538,17089,23253,29070,1247.9,26872
1658,34480,22538,17089,23253,29070,1247.9,26872
1659,34480,22538,17089,23253,29070,1247.9,26872
1660,34480,22538,17089,23253,29070,1247.9,26872
1661,34480,22538,17089,23253,29070,1247.9,26872
1662,34480,22538,17089,23253,29070,1247.9,26872
1663,34480,22538,17089,23253,29070,1247.9,26872
1664,34480,22538,17089,23253,29070,1247.9,26872
1665,34480,22538,17089,23253,29070,1247.9,26872
1666,34480,22538,17089,23253,29070,1245.9,26872
1667,34480,22538,17089,23253,29070,1244.2,26872
1668,34480,22538,17089,23253,29070,1244.2,26872
1669,34480,22538,17089,23253,29070,1244.2,26872
1670,34480,22538,17089,23253,29070,1239.9,26872
1671,34480,22538,17089,23253,29070,1239.7,26872
1672,34480,22538,17089,23253,29070,1239.7,26872
1673,34480,22538,17089,23253,29070,1239.7,26872
1674,34480,22538,17089,23253,29070,1239.7,26872
1675,34480,22538,17089,23253,29070,1239.7,26872
1676,34480,22538,17089,23253,29070,1239.7,26872
1677,34480,22538,17089,23253,29070,1239.7,26872
1678,34480,22538,17089,23253,29070,1239.7,26872
1679,34480,22538,17089,23253,29070,1239.7,26872
1680,34480,22538,17089,23253,29070,1239.7,26872
1681,34480,22538,17089,23253,29070,1239.7,26872
1682,34480,22538,17089,23253,29070,1239.7,26872
1683,34480,22538,17089,23253,29070,1239.7,26872
1684,34480,22538,17089,23253,29070,1239.7,26872
1685,34480,22538,17089,23253,29070,1239.7,26872
1686,34480,22538,17089,23253,29070,1239.7,26872
1687,34480,22538,17089,23253,29070,1239.7,26872
1688,34480,22538,17089,23253,29070,1239.7,26872
1689,34480,22538,17089,23253,29070,1239.7,26872
1690,34480,22538,17089,23253,29070,1239.7,26872
1691,34480,22538,17089,23253,29070,1238,26872
1692,34480,22538,17089,23253,29070,1238,26872
1693,34480,22538,17089,23253,29070,1238,26872
1694,34480,22538,17089,23253,29070,1238,26872
1695,34480,22538,17089,23253,29070,1238,26872
1696,34480,22538,17089,23253,29070,1238,26872
1697,34480,22538,17089,23253,29070,1238,26872
1698,34480,22538,17089,23253,29014,1238,26872
1699,34480,22538,17089,23253,29011,1238,26872
1700,34480,22538,17089,23253,29010,1238,26872
1701,34480,22538,17089,23253,29010,1238,26872
1702,34480,22538,17089,23253,29010,1238,26872
1703,34480,22538,17089,23253,29010,1238,26872
1704,34480,22538,17089,23253,29010,1238,26872
1705,34480,22538,17089,23253,29009,1238,26872
1706,34480,22538,17089,23253,29009,1238,26872
1707,34480,22538,17089,23253,29009,1238,26872
1708,34480,22538,17089,23253,29009,1238,26872
1709,34480,22538,17089,23253,29009,1227.8,26872
1710,34480,22538,17089,23253,29009,1227.8,26872
1711,34480,22538,17089,23253,29009,1227.8,26872
1712,34480,22538,17089,23252,29009,1227.8,26872
1713,34480,22538,17089,23252,29009,1227.8,26872
1714,34480,22538,17089,23252,29009,1227.8,26872
1715,34480,22538,17089,23252,29009,1227.8,26872
1716,34480,22538,17089,23252,29009,1227.3,26872
1717,34480,22538,17089,23252,29009,1227,26872
1718,34480,22538,17089,23252,29009,1195.6,26872
1719,34480,22538,17089,23252,29009,1180,26872
1720,34480,21736,17089,23252,29009,1180,26872
1721,34480,21736,17089,23252,29009,1180,26872
1722,34480,21736,17089,23252,29009,1180,26872
1723,34480,21736,17089,23252,29009,1180,26872
1724,34480,21736,17089,23252,29009,1180,26872
1725,34480,21736,17089,23252,29009,1180,26872
1726,34480,21736,17089,23252,29009,1180,26872
1727,34480,21736,17089,23252,29009,1177.3,26872
1728,34480,21736,17089,23252,29009,1177.3,26872
1729,34480,21736,17089,23252,29009,1177.3,26872
1730,34480,21736,17089,23252,29009,1177.3,26872
1731,34480,21736,17089,23252,28686,1177.3,26872
1732,34480,21736,17089,23252,28686,1177.3,26872
1733,34480,21736,17089,23252,28686,1177.3,26872
1734,34480,21736,17089,23252,28686,1177.3,26872
1735,34480,21736,17089,23252,28686,1177.3,26872
1736,34480,21736,17089,23252,28686,1177.3,26872
1737,34480,21736,17089,23252,28686,1177.3,26872
1738,34480,21736,17089,23252,28686,1177.3,26872
1739,34480,21736,17089,23252,28686,1177.3,26872
1740,34480,21736,17089,23252,28686,1177.3,26872
1741,34480,21736,17089,23252,28686,1177.3,26872
1742,34480,21736,17089,23252,28686,1177.3,26872
1743,34480,21736,17089,23252,28686,1177.3,26872
1744,34480,21736,17089,23252,28686,1177.3,26872
1745,34480,21736,17089,23252,28686,1177.3,26872
1746,34480,21736,17089,23252,28686,1177.3,26872
1747,34480,21736,17089,23252,28686,1177.3,26872
1748,34480,21736,17089,23252,28686,1177.3,26872
1749,34480,21736,17089,23252,28686,1177.3,26872
1750,34480,21736,17089,23252,28686,1177.3,26872
1751,34480,21736,17089,23252,28686,1177.3,26872
1752,34480,21736,17089,23252,28686,1177.3,26872
1753,34480,21736,17089,23252,28686,1177.3,26872
1754,34480,21736,17089,23252,28686,1177.3,26872
1755,34480,21736,17089,23252,28686,1177.3,26872
1756,34480,21736,17089,23252,28686,1177.3,26872
1757,34480,21736,17089,23252,28686,1177.3,26872
1758,34480,21736,17089,23252,28686,1177.3,26872
1759,33949,21736,17089,23252,28686,1177.3,26872
1760,33949,21736,17089,23252,28686,1177.3,26872
1761,33949,21736,17089,23252,28686,1177.3,26872
1762,33949,21736,17089,23252,28686,1177.3,26872
1763,33949,21736,17089,23252,28686,1177.3,26872
1764,33949,21736,17089,23252,28686,1177.3,26872
1765,33949,21736,17089,23252,28686,1149.6,26872
1766,33949,21736,17089,23252,28686,1149.1,26872
1767,33949,21736,17089,23252,28686,1148.9,26872
1768,33949,21736,17089,23252,28686,1148.9,26872
1769,33949,21736,17089,23252,28686,1148.9,26872
1770,33949,21736,17089,23252,28686,1148.9,26347
1771,33949,21736,17089,23252,28686,1148.9,26347
1772,33949,21736,17089,23252,28686,1148.9,26347
1773,33949,21736,17089,23252,28686,1148.4,26347
1774,33949,21736,17089,23252,28686,1145.2,26347
1775,33949,21736,17089,23252,28686,1145.1,26347
1776,33949,21736,17089,23252,28686,1145.1,26347
1777,33949,21736,17089,23252,28686,1145.1,26347
1778,33949,21736,17089,23252,28686,1145.1,26347
1779,33949,21736,17089,23252,28686,1145.1,26347
1780,33949,21736,17089,23252,28686,1145.1,26347
1781,33949,21736,17089,23252,28686,1145.1,26347
1782,33949,21168,17089,23252,28686,1145.1,26347
1783,33949,21168,17089,23252,28686,1145.1,26347
1784,33949,21168,17089,23252,28686,1145.1,26347
1785,33949,21168,17089,23252,28686,1145.1,26347
1786,33949,21168,17089,23252,28686,1145.1,26347
1787,33949,21168,17089,23252,28686,1145.1,26347
1788,33949,21168,17089,23252,28686,1145.1,26347
1789,33949,21168,17089,23252,28686,1145.1,26347
1790,33949,21168,17089,23252,28686,1145.1,26347
1791,33949,21168,17089,23252,28686,1145.1,26347
1792,33949,21168,17089,23252,28686,1145.1,26347
1793,33949,21168,17089,23252,28686,1145.1,26347
1794,33949,21168,17089,23252,28686,1145.1,26347
1795,33949,21168,17089,23252,28685,1145.1,26347
1796,33949,21168,17089,23252,28685,1145.1,26347
1797,33949,21168,17089,23252,28685,1145.1,26347
1798,33949,21168,17089,23252,28685,1145.1,26347
1799,33949,21168,17089,23252,28685,1145.1,26347
1800,33949,21168,17089,23252,28685,1145.1,26347
1801,33949,21168,17089,23252,28684,1145.1,26347
1802,33949,21168,17089,23252,28679,1145.1,26347
1803,33949,21168,17089,23252,28678,1145.1,26347
1804,33949,21168,17089,23252,28678,1145.1,26347
1805,33949,21168,17089,23252,28678,1145.1,26347
1806,33949,21168,17089,23252,28678,1145.1,26347
1807,33949,21168,17089,23252,28678,1145.1,26347
1808,33949,21168,17089,23252,28678,1145.1,26347
1809,33949,21168,17089,23252,28678,1138.3,26347
1810,33949,21168,17089,23252,28678,1138.3,26056
1811,33949,21168,17089,23252,28678,1138.2,26056
1812,33949,21168,17089,23252,28678,1138.2,26056
1813,33949,21168,17089,23251,28678,1138.2,26056
1814,33949,21168,17089,23251,28678,1138.2,26056
1815,33949,21168,17089,23251,28678,1138.2,26056
1816,33949,21168,17089,23251,28678,1138.2,26056
1817,33949,21168,17089,23251,28678,1138.2,26056
1818,33949,21168,17089,23251,28678,1138.2,26056
1819,33949,21168,17089,23251,28678,1138.2,26056
1820,33949,21168,17089,23251,28678,1138.2,26056
1821,33949,21168,17089,23251,28678,1138.2,26056
1822,33949,21168,17089,23251,28678,1138.2,26056
1823,33949,21168,17089,23251,28678,1138.2,26056
1824,33949,21168,17089,23251,28678,1138.2,26056
1825,33949,21168,17089,23251,28678,1133.2,26056
1826,33949,21168,17089,23251,28678,1133.2,26056
1827,33949,21168,17089,23251,28678,1133.2,26056
1828,33949,21168,17089,23251,28678,1133.2,26056
1829,33949,21168,17089,23251,28678,1133.2,26056
1830,33949,21168,17089,23251,28678,1133.2,26056
1831,33949,21168,17089,23251,28678,1133.2,26056
1832,33949,21168,17089,23251,28678,1126.5,26056
1833,33949,21168,17089,23251,28678,1126.1,26056
1834,33949,21168,17089,23251,28678,1126.1,26056
1835,33949,21168,17089,23251,28678,1126.1,26056
1836,33949,21168,17089,23251,28678,1125.9,26056
1837,33949,21168,17089,23251,28678,1125.9,26056
1838,33949,21168,17089,23251,28678,1125.9,26056
1839,33949,21168,17089,23251,28678,1125.9,26056
1840,33949,21168,17089,23251,28678,1125.9,26056
1841,33949,21168,17089,23251,28678,1125.9,26056
1842,33949,21168,17089,23251,28678,1125.9,26056
1843,33949,21168,17089,23251,28678,1125.9,26056
1844,33949,21168,17089,23251,28678,1125.9,26056
1845,33949,21168,17089,23251,28678,1125.9,26056
1846,33949,21168,17089,23251,28678,1125.9,26056
1847,33949,21168,17089,23251,28678,1125.9,26056
1848,33949,21168,17089,23251,28678,1125.9,26056
1849,33949,21168,17089,23251,28678,1125.9,26056
1850,33949,21168,17089,23250,28678,1125.9,26056
1851,33949,21168,17089,23248,28678,1125.9,26056
1852,33949,21168,17089,23248,28677,1125.9,26056
1853,33949,21168,17089,23248,28677,1125.9,26056
1854,33949,21168,17089,23248,28677,1125.9,26056
1855,33949,21168,17089,23248,28677,1125.9,26056
1856,33949,21168,17089,23248,28677,1125.9,26056
1857,33949,21168,17089,23248,28677,1122.3,26056
1858,33949,21168,17089,23248,28677,1114.7,26056
1859,33949,21168,17089,23248,28677,1114.7,26056
1860,33949,21168,17089,23248,28677,1114.7,26056
1861,33949,21168,17089,23248,28677,1114.7,26056
1862,33949,21168,17089,23248,28677,1114.7,26056
1863,33949,21168,17089,23248,28677,1114.7,26056
1864,33949,21168,17089,23248,28677,1114.7,26056
1865,33949,21168,17089,23248,28677,1114.7,26056
1866,33949,21168,17089,23248,28677,1114.7,26056
1867,33949,21168,17089,23248,28677,1114.7,26056
1868,33949,21168,17089,23248,28677,1113.6,26056
1869,33949,21168,17089,23248,28677,1113.6,26056
1870,33949,21168,17089,23248,28677,1113.1,26056
1871,33949,21168,17089,23248,28677,1113.1,26056
1872,33949,21168,17089,23248,28677,1113.1,26056
1873,33949,21168,17089,23248,28677,1113.1,26056
1874,33949,21168,17089,23248,28677,1113.1,26056
1875,33949,21168,17089,23248,28677,1113.1,26056
1876,33949,21168,17089,23248,28677,1113.1,26056
1877,33949,21168,17089,23248,28523,1113.1,26056
1878,33949,21168,17089,23248,28518,1113.1,26056
1879,33949,21168,16984,23248,28478,1113.1,26056
1880,33949,21168,16984,23248,28478,1113.1,26056
1881,33949,21168,16984,23248,28478,1113.1,26056
1882,33949,21168,16984,23248,28478,1113.1,26056
1883,33949,21168,16984,23248,28478,1113.1,26056
1884,33949,21168,16984,23248,28478,1113.1,26056
1885,33949,21168,16984,23248,28478,1113.1,26056
1886,33949,21168,16984,23248,28478,1113.1,26056
1887,33949,21168,16984,23248,28478,1113.1,26056
1888,33949,21168,16984,23248,28478,1113.1,26056
1889,33949,21168,16984,23248,28478,1113.1,26056
1890,33949,21168,16984,23248,28478,1113.1,25497
1891,33949,21168,16984,23248,28478,1113.1,25497
1892,33949,21168,16984,23248,28478,1113.1,25497
1893,33949,21168,16984,23248,28478,1113.1,25497
1894,33949,21168,16984,23248,28478,1113.1,25497
1895,33949,21168,16984,23248,28478,1113.1,25497
1896,33949,21168,16984,23248,28478,1113.1,25497
1897,33949,21168,16984,23248,28478,1113.1,25497
1898,33949,21168,16984,23248,28478,1113.1,25497
1899,33949,21168,16984,23248,28478,1113,25497
1900,33949,21168,16984,23248,28478,1113,25497
1901,33949,21168,16984,23248,28478,1113,25497
1902,33949,21168,16984,23248,28478,1113,25497
1903,33949,21168,16984,23248,28477,1113,25497
1904,33949,21168,16984,23248,28477,1113,25497
1905,33949,21168,16984,23248,28477,1113,25497
1906,33949,21168,16984,23248,28477,1113,25497
1907,33949,21168,16984,23248,28477,1113,25497
1908,33949,21168,16984,23248,28477,1113,25497
1909,33949,21168,16984,23248,28477,1113,25497
1910,33949,21168,16984,23248,28477,1113,25497
1911,33949,21168,16984,23248,28477,1113,25497
1912,33949,21168,16984,23248,28477,1113,25497
1913,33949,21168,16984,23248,28477,1113,25497
1914,33949,21168,16984,23248,28477,1113,25497
1915,33949,21168,16984,23248,28477,1113,25497
1916,33949,21168,16984,23248,28477,1113,25497
1917,33949,21168,16984,23248,28477,1113,25497
1918,33949,21168,16984,23248,28477,1113,25497
1919,33949,21168,16984,23248,28477,1100.6,25497
1920,33949,21168,16984,23248,28477,1100.6,25497
1921,33949,21168,16984,23248,28477,1100.6,25497
1922,33949,21168,16984,23248,28477,1100.6,25497
1923,33949,21168,16984,23248,28477,1099.7,25497
1924,33280,21168,16984,23248,28477,1098.3,25497
1925,33280,21168,16984,23248,28477,1098.3,25497
1926,33280,21168,16984,23248,28477,1094.7,25497
1927,33280,21168,16984,23248,28477,1094.7,25497
1928,33280,21168,16984,23248,28477,1094,25497
1929,33280,21168,16984,23248,28477,1093.8,25497
1930,33280,21168,16984,23248,28477,1093.8,25309
1931,33280,21168,16984,23248,28477,1093.8,25309
1932,33280,21168,16984,23248,28477,1093.8,25309
1933,33280,21168,16984,23248,28477,1093.8,25309
1934,33280,21168,16984,23248,28477,1093.8,25309
1935,33280,21168,16984,23248,28477,1093.8,25309
1936,33280,21168,16499,23248,28477,1093.8,25309
1937,33280,21168,16499,23248,28477,1093.8,25309
1938,33280,21168,16499,23248,28477,1093.8,25309
1939,33280,21168,16499,23248,28477,1093.8,25309
1940,33280,21168,16499,23248,28477,1093.8,25309
1941,33280,21168,16499,23248,28477,1093.8,25309
1942,33280,21168,16499,23248,28477,1093.8,25309
1943,33280,21168,16499,23248,28477,1093.8,25309
1944,33280,21168,16499,23248,28477,1093.8,25309
1945,33280,21168,16499,23248,28477,1093.8,25309
1946,33280,21168,16499,23248,28477,1093.8,25309
1947,33280,21168,16499,23248,28477,1093.8,25309
1948,33280,21168,16499,23248,28477,1087,25309
1949,33280,21168,16499,23248,28477,1087,25309
1950,33280,21168,16499,23248,28477,1087,25309
1951,33280,21168,16499,23248,28477,1087,25309
1952,33280,21168,16499,23248,28477,1087,25309
1953,33280,21168,16499,23248,28477,1087,25309
1954,33280,21168,16499,23248,28477,1087,25309
1955,33280,21168,16499,23248,28477,1087,25309
1956,33280,21168,16499,23248,28477,1087,25309
1957,33280,21168,16499,23248,28476,1087,25309
1958,33280,21168,16499,23248,28476,1087,25309
1959,33280,21168,16499,23248,28476,1087,25309
1960,33280,21168,16499,23248,28476,1087,25309
1961,33280,21168,16499,23248,28476,1087,25309
1962,33280,21168,16499,23248,28476,1087,25309
1963,33280,21168,16499,23248,28476,1087,25309
1964,33280,21168,16499,23248,28476,1087,25309
1965,33280,21168,16499,23248,28476,1087,25309
1966,33280,21168,16499,23248,28476,1087,25309
1967,33280,21168,16499,23248,28406,1087,25309
1968,33280,21168,16499,23248,28400,1087,25309
1969,33280,21168,16499,23248,28400,1087,25309
1970,33280,21168,16499,23248,28400,1086.8,25209
1971,33280,21168,16499,23248,28400,1085.3,25209
1972,33280,21168,16499,23248,28400,1085.3,25209
1973,33280,21168,16499,23248,28400,1085.3,25209
1974,33280,21168,16499,23248,28400,1085.3,25209
1975,33280,21168,16499,23248,28400,1085.3,25209
1976,33280,21168,16499,23248,28400,1085.3,25209
1977,33280,21168,16499,23248,28400,1085.3,25209
1978,33280,21168,16499,23248,28400,1085.3,25209
1979,33280,21168,16499,23248,28400,1084.9,25209
1980,33280,21168,16499,23248,28400,1084.9,25209
1981,33280,21168,16499,23248,28400,1084.9,25209
1982,33280,21168,16499,23248,28400,1084.9,25209
1983,33280,21168,16499,23248,28400,1084.9,25209
1984,33280,21168,16499,23248,28400,1084.9,25209
1985,33280,21168,16499,23248,28400,1084.9,25209
1986,33280,21168,16496,23248,28400,1084.9,25209
1987,33280,21168,16496,23248,28400,1084.9,25209
1988,33280,21168,16496,23248,28400,1084.6,25209
1989,33280,21168,16496,23248,28400,1084.6,25209
1990,33280,21168,16496,23248,28400,1084.6,25209
1991,33280,21168,16396,23248,28400,1084.6,25209
1992,33280,21168,16396,23248,28400,1084.6,25209
1993,33280,21168,16396,23248,28400,1084.6,25209
1994,33280,21168,16396,23248,28400,1084.6,25209
1995,33280,21168,16396,23248,28400,1084.6,25209
1996,33280,21168,16396,23248,28400,1084.6,25209
1997,33280,21168,16396,23248,28400,1084.6,25209
1998,33280,21168,16396,23248,28400,1084.6,25209
1999,33280,21168,16396,23248,28400,1084.6,25209
2000,33280,21168,16396,23248,28400,1084.6,25209
