NaN,NaN,NaN,NaN,NaN,NaN
NaN,NaN,NaN,NaN,NaN,NaN
NaN,NaN,NaN,NaN,NaN,NaN
NaN,NaN,NaN,NaN,NaN,NaN
NaN,NaN,NaN,NaN,NaN,NaN
NaN,NaN,NaN,NaN,NaN,NaN
NaN,NaN,NaN,NaN,NaN,NaN
NaN,NaN,NaN,NaN,NaN,NaN
NaN,NaN,NaN,NaN,NaN,NaN
NaN,NaN,NaN,NaN,NaN,NaN
NaN,NaN,NaN,NaN,NaN,NaN
NaN,NaN,NaN,NaN,NaN,NaN
NaN,NaN,NaN,NaN,NaN,NaN
NaN,NaN,NaN,NaN,NaN,NaN
NaN,NaN,NaN,NaN,NaN,NaN
NaN,NaN,NaN,NaN,NaN,NaN
NaN,NaN,NaN,NaN,NaN,NaN
NaN,NaN,NaN,NaN,NaN,NaN
NaN,NaN,NaN,NaN,NaN,NaN
NaN,NaN,NaN,NaN,NaN,NaN
NaN,NaN,NaN,NaN,NaN,NaN
NaN,NaN,NaN,NaN,NaN,NaN
NaN,NaN,NaN,NaN,NaN,NaN
NaN,NaN,NaN,NaN,NaN,NaN
NaN,NaN,NaN,NaN,NaN,NaN
NaN,NaN,NaN,NaN,NaN,NaN
NaN,NaN,NaN,NaN,NaN,NaN
NaN,NaN,NaN,NaN,NaN,NaN
NaN,NaN,NaN,NaN,NaN,NaN
NaN,NaN,NaN,NaN,NaN,NaN
NaN,NaN,NaN,NaN,NaN,NaN
NaN,NaN,NaN,NaN,NaN,NaN
NaN,NaN,NaN,NaN,NaN,NaN
NaN,NaN,NaN,NaN,NaN,NaN
NaN,NaN,NaN,NaN,NaN,NaN
NaN,NaN,NaN,NaN,NaN,NaN
NaN,NaN,NaN,NaN,NaN,NaN
NaN,NaN,NaN,NaN,NaN,NaN
NaN,NaN,NaN,NaN,NaN,NaN
NaN,NaN,NaN,NaN,NaN,NaN
NaN,NaN,NaN,NaN,NaN,NaN
NaN,NaN,NaN,NaN,NaN,NaN
NaN,NaN,NaN,NaN,NaN,NaN
NaN,NaN,NaN,NaN,NaN,NaN
NaN,NaN,NaN,NaN,NaN,NaN
NaN,NaN,NaN,NaN,NaN,NaN
NaN,NaN,NaN,NaN,NaN,NaN
NaN,NaN,NaN,NaN,NaN,NaN
NaN,NaN,NaN,NaN,NaN,NaN
2122.2,2122.2,2122.2,2122.2,2122.2,2122.2
2122.2,2122.2,2122.2,2122.2,2122.2,2122.2
2122.2,2122.2,2122.2,2122.2,2122.2,2122.2
2122.2,2122.2,2122.2,2122.2,2122.2,2122.2
2122.2,2122.2,2122.2,2122.2,2122.2,2122.2
2122.2,2122.2,2122.2,2122.2,2122.2,2122.2
2122.2,2122.2,2122.2,2122.2,2122.2,2122.2
2122.2,2122.2,2122.2,2122.2,2122.2,2122.2
2122.2,2122.2,2122.2,2122.2,2122.2,2122.2
2122.2,2122.2,2122.2,2122.2,2122.2,2122.2
2122.2,2122.2,2122.2,2122.2,2122.2,2122.2
2122.2,2122.2,2122.2,2122.2,2122.2,2122.2
2122.2,2122.2,2122.2,2122.2,2122.2,2122.2
2122.2,2122.2,2122.2,2122.2,2122.2,2122.2
2122.2,2056.8,2122.2,2122.2,2122.2,2122.2
2056.8,2056.8,2122.2,2122.2,2122.2,2122.2
2056.8,2056.8,2122.2,2122.2,2087.7,2087.7
2056.8,2056.8,2122.2,2122.2,2087.7,2087.7
2056.8,2056.8,2056.8,2122.2,2087.7,2087.7
2056.8,2056.8,2056.8,1965.7,2087.7,2022.2
2000.2,2056.8,2056.8,1965.7,2007.9,2022.2
2000.2,2056.8,2000.2,1951.3,1951.3,1951.3
2000.2,1985.9,1985.9,1951.3,1951.3,1951.3
2000.2,1985.9,1985.9,1951.3,1951.3,1951.3
2000.2,1985.9,1985.9,1951.3,1951.3,1951.3
2000.2,1985.9,1985.9,1951.3,1951.3,1951.3
2000.2,1985.9,1985.9,1951.3,1951.3,1951.3
2000.2,1985.9,1985.9,1951.3,1951.3,1951.3
2000.2,1985.9,1985.9,1951.3,1951.3,1951.3
2000.2,1985.9,1985.9,1951.3,1951.3,1951.3
2000.2,1985.9,1985.9,1951.3,1951.3,1951.3
2000.2,1985.9,1985.9,1951.3,1951.3,1951.3
2000.2,1985.9,1985.9,1951.3,1951.3,1951.3
2000.2,1985.9,1985.9,1951.3,1951.3,1951.3
2000.2,1985.9,1985.9,1951.3,1951.3,1951.3
2000.2,1985.9,1985.9,1951.3,1951.3,1951.3
2000.2,1985.9,1985.9,1951,1951.3,1951.3
2000.2,1985.9,1985.9,1951,1951.3,1943.9
2000.2,1985.9,1985.9,1924.5,1888,1943.9
2000.2,1985.9,1985.9,1892.6,1888,1920.2
2000.2,1985.9,1985.9,1892.6,1856,1856
2000.2,1985.9,1985.9,1892.6,1856,1856
2000.2,1985.9,1914.4,1892.6,1856,1856
2000.2,1985.9,1914.4,1892.6,1856,1856
2000.2,1985.9,1914.4,1892.6,1856,1856
1994.3,1985.9,1914.4,1892.6,1856,1856
1947.3,1938.9,1914.4,1892.6,1856,1856
1947.3,1938.9,1914.4,1892.6,1856,1856
1947.3,1938.9,1914.4,1892.6,1856,1856
1947.3,1938.9,1914.4,1892.6,1856,1856
1947.3,1938.9,1914.4,1892.6,1851.1,1856
1947.3,1938.9,1914.4,1892.6,1851.1,1856
1947.3,1938.9,1914.4,1892.6,1851.1,1845
1947.3,1938.9,1914.4,1892.6,1851.1,1833.6
1947.3,1938.9,1914.4,1864.8,1851.1,1833.6
1947.3,1938.9,1872.6,1864.8,1851.1,1833.6
1947.3,1938.9,1872.6,1864.8,1846.8,1830.5
1947.3,1938.9,1860.8,1853.7,1815.8,1810.6
1947.3,1927.2,1860.8,1853.7,1815.8,1810.6
1947.3,1927.2,1860.8,1853.7,1815.8,1810.6
1947.3,1927.2,1860.8,1853.7,1815.8,1810.6
1947.3,1927.2,1860.8,1853.7,1812.7,1810.6
1947.3,1927.2,1860.8,1853.7,1812.7,1804.7
1947.3,1927.2,1860.8,1853.7,1812.7,1804.7
1905.5,1885.3,1860.8,1853.7,1812.7,1804.7
1905.5,1885.3,1854.8,1853.7,1812.7,1804.7
1905.5,1885.3,1854.8,1853.7,1812.7,1804.7
1893.7,1885.3,1854.8,1853.7,1812.7,1802
1893.7,1885.3,1850,1853.7,1812.7,1784.5
1893.7,1885.3,1850,1843,1812.7,1784.5
1893.7,1885.3,1850,1843,1786.6,1784.5
1893.7,1885.3,1850,1843,1786.6,1735.6
1893.7,1885.3,1850,1843,1771.7,1735.6
1893.7,1885.3,1850,1843,1771.7,1735.6
1893.7,1885.3,1850,1843,1771.7,1735.6
1893.7,1885.3,1850,1834.1,1743.7,1735.6
1893.7,1885.3,1850,1834.1,1737.2,1735.6
1893.7,1885.3,1840,1834.1,1737.2,1735.6
1893.7,1885.3,1840,1834.1,1737.2,1735.6
1893.7,1885.3,1840,1823.3,1737.2,1735.6
1893.7,1885.3,1840,1823.3,1737.2,1735.6
1893.7,1885.3,1840,1823.3,1737.2,1735.6
1893.7,1885.3,1840,1823.3,1737.2,1735.6
1893.7,1885.3,1840,1823.3,1737.2,1730.6
1893.7,1885.3,1840,1823.3,1737.2,1730.6
1893.7,1885.3,1840,1802.7,1737.2,1730.6
1893.7,1885.3,1840,1802.7,1734.9,1730.6
1893.7,1883,1840,1802.7,1734.9,1727.7
1893.7,1883,1840,1802.7,1734.8,1727.7
1893.7,1883,1840,1802.7,1734.8,1727.7
1893.7,1883,1839.8,1802.7,1734.8,1727.7
1893.7,1883,1839.8,1802.7,1734.8,1727.7
1893.7,1883,1839.8,1802.7,1734.8,1727.7
1893.7,1883,1839.8,1802.7,1732,1727.7
1893.7,1883,1839.8,1798.1,1732,1727.7
1893.7,1850.7,1839.8,1798.1,1732,1717.7
1893.7,1850.7,1839.8,1798.1,1732,1717.7
1893.7,1850.7,1839.8,1798.1,1732,1717.7
1893.7,1850.7,1830.1,1798.1,1732,1716.4
1893.7,1850.7,1830.1,1798.1,1732,1716.4
1893.7,1850.7,1809.2,1798.1,1732,1716.4
1893.7,1846.1,1809.2,1798.1,1732,1716.4
1893.7,1846.1,1809.2,1795.4,1728.7,1716.4
1893.7,1846.1,1809.2,1788.9,1728.7,1710.8
1893.7,1846.1,1809.1,1788.9,1718.7,1705.6
1893.7,1846.1,1809.1,1770,1718.7,1705.6
1893.7,1846.1,1809.1,1767.4,1717.1,1705.6
1893.7,1846.1,1809.1,1767.4,1717.1,1705.6
1893.7,1846.1,1809.1,1767.4,1717.1,1703.4
1893.7,1838,1809.1,1767.4,1717.1,1700.8
1893.7,1838,1809.1,1766.6,1717.1,1700.8
1859.2,1838,1809.1,1766.6,1717.1,1697.6
1859.2,1838,1809.1,1766.6,1717.1,1697.6
1859.2,1838,1809.1,1766.6,1717.1,1697.6
1859.2,1838,1809.1,1746.2,1717.1,1697.6
1859.2,1838,1809.1,1746.2,1717.1,1697.6
1859.2,1813.5,1809.1,1746.2,1717.1,1697.6
1859.2,1813.5,1809.1,1746.2,1717.1,1697.6
1859.2,1813.5,1809.1,1746.2,1717.1,1697.6
1859.2,1813.5,1809.1,1741.7,1717.1,1697.6
1859.2,1813.5,1809.1,1741.7,1715.9,1697.6
1859.2,1813.5,1809.1,1741.7,1715.9,1697.6
1859.2,1813.5,1801.2,1741.7,1715.9,1695.2
1859.2,1813.5,1801.2,1741,1715.9,1695.2
1859.2,1813.5,1801.2,1741,1710.6,1695.2
1859.2,1813.5,1801.2,1741,1710.6,1695.2
1859.2,1813.5,1790.1,1736.8,1710.6,1695.2
1859.2,1813.5,1790.1,1736.8,1710.6,1695.2
1859.2,1789.3,1790.1,1736.8,1709.8,1695.2
1859.2,1789.3,1790.1,1736.8,1705.7,1695.2
1859.2,1789.3,1790.1,1736.8,1702.5,1693.5
1825.6,1789.3,1790.1,1736.8,1702.5,1693.5
1793.1,1789.3,1790.1,1736.8,1702.5,1693.5
1793.1,1789.3,1790.1,1736.8,1702.5,1691.9
1793.1,1789.3,1790.1,1736.8,1702.5,1691.9
1793.1,1789.3,1790.1,1736.8,1702.5,1691.9
1793.1,1789.3,1790.1,1736.8,1702.5,1691.9
1793.1,1779.9,1790.1,1736.8,1702.5,1691.9
1793.1,1779.9,1790.1,1736.8,1702.5,1691.9
1793.1,1779.9,1790.1,1736.8,1702.5,1686.5
1793.1,1779.9,1790.1,1736.8,1702.5,1686.5
1793.1,1779.9,1787.7,1736.8,1702.5,1686.5
1793.1,1779.9,1787.7,1736.8,1702.5,1684.4
1793.1,1779.9,1787.7,1736.8,1696.8,1684.4
1793.1,1779.9,1781.3,1736.8,1696.8,1684.4
1793.1,1779.9,1781.3,1736.8,1696.8,1684.4
1793.1,1779.9,1781.3,1736.8,1696.8,1684.4
1793.1,1779.9,1781.3,1736.8,1696.8,1684.4
1793.1,1779.9,1781.3,1736.8,1696.8,1679.8
1793.1,1779.9,1781.3,1736.8,1696.8,1679.8
1793.1,1779.9,1781.3,1736.8,1696.8,1679.8
1793.1,1779.9,1781.3,1736.8,1693.4,1677.4
1793.1,1779.9,1778.6,1736.8,1693.4,1677.4
1793.1,1779.9,1778.6,1731.9,1693.4,1677.4
1793.1,1779.9,1778.6,1731.9,1693.4,1677.4
1793.1,1779.9,1778.6,1731.9,1693.4,1677.4
1793.1,1779.9,1778.6,1731.8,1693.4,1669.1
1793.1,1779.9,1778.6,1731.8,1686,1669.1
1793.1,1779.9,1760.3,1731.8,1686,1669.1
1793.1,1779.9,1760.3,1731.8,1686,1669.1
1793.1,1779.9,1760.3,1731.8,1686,1667.6
1793.1,1779.9,1760.3,1731.8,1686,1667.6
1793.1,1766.7,1760.3,1731.8,1686,1667.3
1793.1,1766.7,1760.3,1731.8,1686,1667.3
1793.1,1766.7,1760.3,1731.8,1686,1667.3
1793.1,1766.7,1760.3,1720.6,1686,1667.3
1793.1,1766.7,1760.3,1720.6,1686,1667.3
1793.1,1766.7,1754.9,1720.6,1686,1667.3
1793.1,1766.7,1754.9,1720.6,1686,1666.4
1793.1,1766.7,1754.9,1720.6,1686,1666.4
1793.1,1766.7,1754.9,1720.6,1686,1666.4
1793.1,1766.7,1754.9,1720.6,1684.1,1664.3
1793.1,1766.7,1754.9,1720.6,1684.1,1664.3
1793.1,1766.7,1754.9,1720.6,1672.8,1664.3
1793.1,1766.7,1741.7,1720.6,1672.8,1663.9
1793.1,1766.7,1741.7,1720.6,1672.8,1661.1
1793.1,1766.7,1741.7,1720.6,1671,1661.1
1793.1,1752.1,1736.5,1720.6,1671,1661.1
1793.1,1752.1,1736.5,1720.6,1668.5,1661.1
1793.1,1752.1,1736.5,1720.6,1668.5,1661.1
1787.9,1752.1,1736.5,1720.6,1668.5,1661.1
1787.9,1752.1,1736.5,1720.6,1660.8,1659.2
1787.9,1752.1,1736.5,1720.6,1660.8,1659.2
1787.9,1752.1,1736.5,1720.6,1660.8,1659.2
1787.9,1752.1,1736.5,1720.6,1660.8,1659.2
1787.9,1752.1,1736.5,1720.6,1660.8,1659.1
1787.9,1752.1,1736.5,1720.6,1660.8,1659.1
1787.9,1752.1,1736.5,1720.6,1660.8,1659.1
1787.9,1752.1,1736.5,1720.6,1660.8,1659.1
1787.9,1752.1,1736.5,1714.6,1660.8,1659.1
1787.9,1733.2,1736.5,1714.6,1660.8,1659.1
1787.9,1733.2,1736.5,1714.6,1660.8,1659.1
1787.9,1733.2,1736.5,1714.6,1660.8,1657.4
1787.9,1733.2,1736.5,1714.6,1660.8,1657.1
1787.9,1733.2,1736.5,1714.6,1660.8,1657.1
1787.9,1733.2,1736.5,1714.6,1660.8,1657.1
1787.9,1733.2,1736.5,1714.6,1660.8,1657.1
1787.9,1722.6,1736.5,1714.6,1660.8,1656.2
1787.9,1722.6,1736.5,1714.6,1660.8,1656.2
1787.9,1722.6,1736.5,1714.6,1660.8,1656.2
1787.9,1722.6,1729.6,1714.6,1656.9,1656.2
1787.9,1722.6,1729.6,1714.6,1656.9,1654.6
1787.9,1722.6,1729.6,1714.6,1656.9,1654.6
1787.9,1722.6,1729.6,1714.6,1656.9,1654.6
1785.7,1722.6,1729.6,1714.6,1656.9,1654.6
1785.7,1722.6,1729.6,1714.6,1656.9,1654.6
1785.7,1722.6,1729.6,1714.6,1656.9,1654.6
1785.7,1722.6,1729.6,1714.6,1656.9,1654.6
1785.7,1722.6,1729.6,1710,1656.9,1653.9
1785.7,1722.6,1720.6,1710,1656.9,1653.9
1785.7,1722.6,1720.6,1710,1656.9,1653.9
1785.7,1722.6,1720.6,1710,1656.9,1652.4
1785.7,1722.6,1720.6,1710,1656.9,1652.4
1785.7,1722.6,1720.6,1710,1656.9,1652.4
1785.7,1722.6,1716.7,1710,1656.9,1652.4
1785.7,1722.6,1716.7,1710,1656.9,1652.4
1785.7,1722.6,1716.7,1710,1656.9,1651.8
1785.7,1722.6,1716.7,1710,1656.9,1651.8
1785.7,1722.6,1716.7,1710,1656.9,1651.4
1785.7,1722.6,1716.7,1710,1656.9,1651.4
1785.7,1722.6,1716.7,1710,1656.9,1649.7
1785.7,1722.6,1716.7,1710,1656.9,1649.7
1785.7,1722.6,1716.7,1710,1656.9,1649.7
1785.7,1722.6,1716.7,1710,1656.9,1649.7
1785.7,1722.6,1716.7,1710,1656.9,1649.7
1785.7,1722.6,1716,1710,1656.9,1649.3
1785.7,1722.6,1716,1710,1656.9,1649.2
1785.7,1722.6,1716,1710,1656.1,1647.6
1785.7,1722.6,1714.6,1710,1656.1,1647.6
1785.7,1722.6,1714.6,1710,1655.6,1647.6
1785.7,1722.6,1714.6,1710,1655.6,1645
1785.7,1722.6,1714.6,1710,1655.6,1645
1785.7,1722.6,1714.6,1710,1655.6,1645
1785.7,1722.6,1714.6,1710,1655.6,1645
1777.5,1722.6,1714.6,1710,1655.6,1644.6
1777.5,1722.6,1714.6,1710,1655.6,1644.6
1777.5,1722.6,1714.6,1710,1655.6,1644.2
1777.5,1722.6,1714.6,1710,1655.6,1644.2
1777.5,1722.6,1714.6,1710,1655.6,1644.2
1777.5,1722.6,1712.9,1710,1655.6,1644.2
1777.5,1722.6,1712.9,1709.4,1655.6,1644.2
1777.5,1722.6,1712.9,1707.9,1655.2,1644.2
1777.5,1722.6,1710.7,1707.9,1655.2,1644.2
1777.5,1722.6,1710.7,1707.9,1655.2,1644.2
1777.5,1722.6,1710.7,1707.9,1655.2,1644.2
1777.5,1722.6,1710.7,1702.5,1655.2,1642
1777.5,1722.6,1710.7,1702.5,1655.2,1642
1777.5,1722.6,1710.7,1702.5,1655.2,1642
1777.5,1722.6,1710.7,1702.5,1655.2,1641.4
1777.5,1722.6,1710.7,1693,1655.2,1641.2
1777.5,1722.6,1710.7,1693,1655.2,1641.2
1777.5,1722.6,1710.7,1693,1655.2,1641.2
1777.5,1722.6,1710.7,1693,1655.2,1640.7
1777.5,1722.6,1710.7,1693,1655.2,1640.7
1777.5,1722.6,1710.7,1693,1655.2,1640.6
1777.5,1722.6,1710.7,1693,1655.2,1640.1
1777.5,1717.2,1710.7,1693,1655.2,1640.1
1777.5,1717.2,1710.7,1693,1655.2,1640.1
1777.5,1717.2,1710.7,1693,1655.1,1639.7
1777.5,1717.2,1708.4,1693,1654.3,1638.6
1766.8,1717.2,1708.4,1693,1654.3,1638.6
1766.8,1717.2,1708.4,1693,1654.3,1638.6
1766.8,1717.2,1708.4,1693,1654.3,1638.6
1766.8,1715.6,1708.4,1693,1654.3,1638.6
1766.8,1715.6,1708.4,1693,1654.3,1638.6
1766.8,1715.6,1708.4,1693,1654.1,1638.6
1766.8,1715.6,1708.4,1693,1654.1,1638.6
1766.8,1715.6,1700.2,1693,1654.1,1638.3
1766.8,1715.6,1700.2,1693,1654.1,1638.3
1766.8,1715.6,1700.2,1693,1654.1,1638.1
1766.8,1715.6,1700.2,1693,1654.1,1638
1766.8,1715.6,1700.2,1693,1651.5,1636.9
1766.8,1715.6,1700.2,1693,1651.5,1636.9
1766.8,1715.6,1700.2,1693,1651.2,1636.9
1766.8,1715.6,1700.2,1693,1651.2,1636.7
1766.8,1715.6,1700.2,1692.6,1651.2,1636.7
1766.8,1715.6,1700.2,1692.6,1651.2,1636.7
1766.8,1715.6,1700.2,1692.6,1651.2,1636.7
1766.8,1715.6,1700.2,1692.6,1651.2,1636.4
1766.8,1715.6,1700.2,1692.6,1651.2,1636.4
1766.8,1715.6,1700.2,1692.6,1651.2,1635.7
1765.6,1715.6,1700.2,1692.6,1651.2,1634.7
1765.6,1715.6,1700.2,1692.6,1651.2,1634.7
1765.6,1715.6,1700.2,1692.6,1651.2,1634
1765.6,1715.6,1700.2,1692.6,1651.2,1634
1762,1715.6,1700.2,1691.5,1651.2,1634
1762,1715.6,1700.2,1691.5,1651.2,1634
1762,1715.6,1700.2,1691.5,1651.2,1633.8
1762,1715.6,1700.2,1691.5,1651.2,1633.2
1762,1715.6,1700.2,1691.5,1651.2,1633.2
1762,1715.6,1697.5,1691.5,1651.2,1633.2
1762,1713.6,1697.5,1691.5,1651.2,1632.7
1762,1713.6,1697.5,1691.5,1651.2,1632.7
1762,1713.6,1696.1,1691.5,1651.2,1630.9
1762,1713.6,1696.1,1688,1651.2,1630.9
1762,1713.6,1696.1,1688,1651.2,1630.9
1762,1713.6,1696.1,1688,1651.2,1630.9
1762,1713.6,1696.1,1688,1651.2,1630.9
1762,1713.6,1696.1,1688,1651.2,1630.9
1762,1713.6,1696.1,1688,1650.7,1630.9
1762,1713.6,1696.1,1688,1649.9,1629.7
1762,1713.6,1694.6,1688,1649.9,1629.7
1762,1713.6,1694.6,1688,1649.9,1629.7
1762,1713.6,1694.6,1688,1649.9,1629.7
1762,1713.6,1694.6,1688,1649.9,1629.7
1762,1713.6,1694.6,1688,1649.9,1629.7
1762,1713.6,1694.6,1688,1648,1629.7
1762,1713.6,1694.6,1688,1648,1629.6
1762,1712.4,1694.6,1688,1648,1629.6
1762,1712.4,1694.6,1688,1648,1629.4
1762,1712.4,1694.6,1688,1648,1629.4
1762,1712.4,1694.6,1685.5,1647,1629.4
1762,1712.4,1693.7,1685.5,1647,1629.4
1762,1712.4,1693.7,1685.5,1647,1629.4
1762,1712.4,1693.7,1684.8,1647,1629.4
1762,1712.4,1693.7,1684.8,1647,1629.4
1762,1712.4,1693.7,1684.8,1646.7,1629.2
1762,1712.4,1693.7,1684.8,1646.7,1629.2
1762,1712.4,1693.7,1684.8,1646.7,1629.2
1762,1712.4,1693.7,1684.8,1646.7,1629.2
1762,1712.4,1690.5,1684.8,1646.7,1629.2
1762,1712.4,1682.6,1684.8,1646.7,1629.2
1762,1712.4,1682.6,1684.8,1646.7,1629.2
1762,1712.4,1682.6,1684.8,1646.7,1629.2
1762,1712.4,1682.6,1684.8,1645.6,1629.2
1762,1712.4,1682.6,1684.8,1645.6,1628.2
1762,1712.4,1682.6,1684.8,1645.6,1627.7
1762,1712.4,1682.6,1684.8,1645.6,1627.7
1762,1712.4,1682.6,1684.8,1645.6,1627.7
1762,1712.4,1682.6,1684.8,1645.6,1627.7
1762,1712.4,1682.6,1684.8,1645.6,1627.7
1762,1712.4,1682.6,1684.8,1645.6,1627.6
1762,1712.4,1682.6,1684.8,1645.5,1627.6
1762,1712.4,1682.6,1684.8,1645.5,1627.6
1762,1712.4,1682.6,1684.8,1645.5,1627.6
1762,1712.4,1682.6,1684.8,1645.5,1627.6
1762,1712.4,1682.6,1684.8,1645.5,1627.6
1762,1712.4,1682.6,1684.8,1645.5,1626.7
1762,1712.4,1682.6,1684.8,1645.5,1626.7
1762,1712.4,1682.6,1684.8,1645.5,1626.7
1762,1712.4,1682.6,1684.8,1645.5,1626.7
1762,1712.4,1682.6,1684.8,1645.5,1626.7
1762,1712.4,1682.6,1684.8,1645.5,1626.3
1762,1712.4,1682.6,1684.8,1645.5,1626.3
1762,1712.4,1682.6,1684.8,1645.5,1626.3
1762,1712.2,1682.6,1680.6,1645.5,1626.3
1762,1712.2,1682.6,1680.6,1645.5,1626.3
1762,1712.2,1682.6,1680.6,1645.5,1626.3
1762,1712.2,1682.6,1680.6,1645.5,1626.3
1762,1712.2,1682.6,1680.6,1645.5,1626.3
1762,1712.2,1682.6,1680.4,1645.5,1626.3
1762,1712.2,1682.6,1680.4,1645.5,1625.5
1759.5,1712.2,1682.6,1680.4,1645.5,1625.4
1759.5,1712.2,1682.6,1680.4,1645.5,1625.4
1759.5,1712.2,1682.6,1680.4,1645.5,1625.3
1759.1,1712.2,1682.6,1680.4,1645.5,1625.3
1759.1,1712.2,1682.6,1680.4,1645.5,1625.2
1759.1,1712.2,1677.6,1680.4,1645.2,1625.1
1759.1,1712.2,1677.6,1680.4,1645.2,1625.1
1759.1,1712.2,1677.6,1680.4,1645.2,1625.1
1759.1,1712.2,1677.6,1680.4,1645.2,1625.1
1759.1,1712.2,1677.6,1680.4,1645.2,1625.1
1759.1,1712.2,1677.6,1680.4,1645,1625.1
1759.1,1712.2,1677.6,1678.5,1645,1625.1
1759.1,1712.2,1677.6,1678.5,1645,1625.1
1759.1,1712.2,1677.6,1678.5,1645,1625.1
1759.1,1712.2,1677.6,1677.2,1645,1625.1
1759.1,1712.2,1677.6,1677.2,1645,1625.1
1759.1,1711.9,1677.6,1677.2,1645,1625.1
1759.1,1711.9,1677.6,1677.2,1644.9,1625.1
1759.1,1711.9,1677.6,1677.2,1644.9,1624.8
1759.1,1711.9,1677.6,1673.7,1644.9,1624.8
1759.1,1707.2,1677.6,1673.7,1644.9,1624.7
1759.1,1707.2,1677.6,1673.7,1644.9,1624.7
1759.1,1707.2,1677.6,1673.7,1644.9,1624.6
1759.1,1707.2,1677.6,1673.7,1644.9,1624.6
1759.1,1707.2,1677.6,1673.7,1644.9,1624.6
1759.1,1707.2,1677.6,1673.7,1644.9,1624.4
1759.1,1707.2,1677.6,1672.1,1644.9,1624.4
1759.1,1707.2,1677.6,1672.1,1644.9,1624.4
1759.1,1707.2,1677.6,1672.1,1644.2,1624.4
1759.1,1706.6,1677.6,1671.8,1644.2,1624.4
1759.1,1706.6,1677.6,1671.8,1644.2,1624.4
1759.1,1706.6,1677.6,1671.8,1644.2,1624.2
1759.1,1706.6,1677.6,1671.8,1644.2,1623.6
1759.1,1706.6,1677.6,1671.8,1644.2,1623.6
1759.1,1706.6,1677.6,1671.8,1644.2,1623.4
1759.1,1706.6,1677.6,1671.8,1644.2,1623.4
1759.1,1706.6,1677.6,1671.8,1644.2,1623.4
1759.1,1706.6,1677.6,1671.8,1644.2,1623.3
1759.1,1706.6,1677.6,1671.8,1644.2,1623.3
1759.1,1706.6,1677.6,1671.8,1644.2,1623.3
1759.1,1706.6,1677.6,1671.8,1644.2,1622.9
1759.1,1706.6,1674.5,1670.7,1644.2,1622.9
1759.1,1706.6,1674.5,1670.7,1644.2,1622.9
1759.1,1706.6,1674.5,1670.7,1644.2,1622.9
1759.1,1706.6,1674.5,1670.7,1644.2,1622.9
1759.1,1706.6,1674.5,1669.8,1644,1622.9
1759.1,1706.6,1674.5,1668.9,1644,1622.9
1759.1,1706.6,1672.5,1668.9,1644,1622.9
1759.1,1706.6,1672.5,1668.9,1644,1622.7
1759.1,1706.6,1672.5,1668.9,1644,1622.7
1759.1,1706.6,1672.5,1668.9,1644,1622.7
1759.1,1706.6,1672.5,1668.9,1644,1622.7
1759.1,1706.6,1672.5,1668.9,1644,1622.7
1759.1,1706.6,1672.5,1668.9,1644,1622.3
1759.1,1706.6,1672.5,1668.9,1644,1622
1759.1,1706.6,1672.5,1668.9,1644,1622
1759.1,1706.6,1672.5,1667.6,1644,1622
1759.1,1706.6,1672.5,1667.6,1644,1622
1759.1,1706.6,1672.5,1667.6,1644,1621.9
1759.1,1706.6,1672.5,1667.6,1644,1621.9
1759.1,1706.6,1672.5,1667.6,1644,1621.9
1759.1,1706.6,1672.5,1667.6,1644,1621.9
1759.1,1706.6,1672.5,1667.6,1644,1621.9
1759.1,1706.6,1672.5,1667.6,1644,1621.9
1759.1,1706.6,1672.5,1667.6,1644,1621.9
1759.1,1706.6,1672.5,1667.6,1644,1621.9
1759.1,1706.6,1672.5,1667.6,1644,1621.9
1759.1,1706.6,1672.5,1667.6,1644,1621.9
1759.1,1706.6,1668.7,1667.6,1644,1621.9
1759.1,1706.6,1668.7,1667.6,1644,1621.8
1759.1,1706.6,1668.7,1667.6,1644,1621.8
1759.1,1706.6,1668.7,1667.6,1644,1621.8
1759.1,1706.6,1668.7,1667.6,1644,1621.8
1759.1,1706.6,1668.7,1667.6,1644,1621.8
1759.1,1706.6,1668.7,1667.6,1644,1621.4
1759.1,1706.6,1668.7,1667.6,1643.4,1621.4
1759.1,1706.6,1668.7,1667.6,1643.4,1621.4
1759.1,1706.6,1668.7,1667.6,1643.4,1621.4
1759.1,1706.6,1668.7,1666.1,1643.4,1621.4
1759.1,1706.6,1668.7,1666.1,1643.4,1621.4
1759.1,1706.6,1668.7,1666.1,1643.4,1621.4
1759.1,1706.6,1668.7,1666.1,1643.4,1621.2
1759.1,1706.6,1668.7,1666.1,1643.4,1621.2
1759.1,1706.6,1668.7,1666.1,1643.4,1621.1
1759.1,1706.6,1668.7,1666.1,1643.4,1621.1
1759.1,1706.6,1668.7,1665.1,1643.4,1621.1
1759.1,1706.6,1664.9,1665.1,1643.4,1621.1
1759.1,1706.6,1664.9,1665.1,1643.4,1621.1
1759.1,1706.6,1664.9,1664.8,1643.4,1621.1
1759.1,1706.6,1664.9,1664.4,1643.4,1621.1
1759.1,1706.6,1664.9,1664.4,1642.7,1621
1759.1,1706.6,1664.9,1664.4,1642.7,1621
1759.1,1706.6,1664.9,1664.4,1642.7,1620.9
1759.1,1706.6,1664.9,1664.4,1642.7,1620.9
1759.1,1706.6,1664.9,1664.4,1642.7,1620.9
1759.1,1706.6,1664.9,1664.1,1642.7,1620.9
1759.1,1706.6,1664.9,1664.1,1642.5,1620.8
1759.1,1706.6,1664.9,1664.1,1642.5,1620.7
1759.1,1706.6,1664.9,1664.1,1642.5,1620.7
1759.1,1706.6,1664.9,1664.1,1642.2,1620.6
1759.1,1706.6,1664.9,1664.1,1642.2,1620.5
1759.1,1706.6,1664.9,1664.1,1640.8,1620.5
1759.1,1706.6,1664.9,1663.9,1640.8,1620.5
1759.1,1706.6,1664.9,1663.9,1640.8,1620.5
1759.1,1706.6,1664.9,1663.9,1640.8,1620.5
1759.1,1706.6,1664.9,1663.9,1640.8,1620.5
1759.1,1706.6,1664.9,1663.9,1640.8,1620.5
1759.1,1706.6,1664.9,1663.9,1640.3,1620.5
1759.1,1706.6,1664.9,1663.9,1640.3,1620.5
1759.1,1706.6,1664.9,1663.9,1640.3,1620.5
1759.1,1706.6,1664.9,1663.9,1640.3,1620.4
1759.1,1706.6,1664.9,1663.9,1638.1,1620.4
1759.1,1706.6,1664.9,1663.9,1638.1,1620
1759.1,1706.6,1664.9,1663.1,1637.1,1620
1759.1,1706.6,1664.9,1663.1,1637.1,1620
1759.1,1706.6,1664.9,1663.1,1637.1,1620
1759.1,1706.6,1664.9,1663.1,1637.1,1620
1759.1,1706.6,1661.4,1663.1,1637.1,1620
1759.1,1706.6,1661.4,1663.1,1637.1,1620
1759.1,1706.6,1661.4,1663.1,1637.1,1620
1759.1,1706.6,1661.4,1663.1,1637.1,1620
1759.1,1706.6,1661.4,1663.1,1636.9,1620
1759.1,1706.6,1661.4,1663.1,1636.9,1620
1759.1,1706.6,1661.4,1663.1,1636.6,1620
1759.1,1706.6,1661.4,1663.1,1636.6,1620
1759.1,1706.6,1661.4,1663.1,1636.6,1620
1759.1,1706.6,1661.4,1663.1,1636.6,1620
1759.1,1706.6,1661.4,1661.8,1636.6,1620
1759.1,1706.6,1661.4,1661.8,1636.6,1620
1759.1,1706.6,1661.4,1661.8,1636.6,1620
1759.1,1706.6,1661.4,1661.8,1636.6,1619.9
1759.1,1706.6,1661.4,1661.8,1636.6,1619.9
1759.1,1706.6,1661.4,1661.8,1636.6,1619.9
1759.1,1706.6,1661.4,1661.8,1636.6,1619.9
1759.1,1706.6,1661.4,1661.8,1636.4,1619.9
1759.1,1706.6,1661.4,1661.8,1636.4,1619.9
1759.1,1706.6,1661.4,1661.8,1636.4,1619.9
1759.1,1706.6,1661.4,1661.8,1636.4,1619.9
1759.1,1706.6,1661.4,1661.8,1636.4,1619.9
1759.1,1706.6,1661.4,1661.8,1636.4,1619.9
1759.1,1706.6,1661.4,1661.2,1635.7,1619.9
1759.1,1706.6,1661.4,1661.2,1635.7,1619.9
1759.1,1706.6,1661.4,1661.2,1635.7,1619.9
1759.1,1706.6,1661.4,1661.2,1635.7,1619.9
1759.1,1706.6,1661.4,1661.2,1635.7,1619.7
1759.1,1706.6,1661.4,1661.2,1635.7,1619.5
1759.1,1706.6,1661.4,1661.2,1635.7,1619.5
1759.1,1706.6,1661.4,1661.2,1635.7,1619.4
1759.1,1706.6,1661.4,1660.4,1635.7,1619.4
1759.1,1706.6,1661.4,1660.4,1635.7,1619.4
1759.1,1706.6,1661.4,1660.4,1635.7,1619.4
1759.1,1706.6,1661.4,1660.4,1635.7,1619.4
1759.1,1706.6,1661.4,1660.4,1635.7,1619.3
1759.1,1706.6,1661.4,1660.4,1635.7,1619.3
1759.1,1706.6,1661.4,1660.4,1635.6,1619.3
1759.1,1706.6,1661.4,1660.4,1635.6,1619.3
1759.1,1706.6,1661.4,1660.4,1635.2,1619.3
1759.1,1706.6,1661.4,1660.4,1635.2,1619.3
1759.1,1706.6,1661.4,1660.4,1635.2,1619.3
1759.1,1706.6,1661.4,1660.4,1635.2,1619.3
1759.1,1706.6,1661.4,1660.4,1635.2,1619.3
1759.1,1706.6,1661.4,1660.4,1635.2,1619.3
1759.1,1706.6,1661.4,1659.9,1635.2,1619.3
1759.1,1706.6,1661.4,1659.9,1635.2,1619.2
1759.1,1706.6,1661.4,1659.9,1635.2,1619.2
1759.1,1706.6,1661.4,1659.9,1635.2,1619.2
1759.1,1706.6,1661.4,1659.9,1635.2,1619.2
1759.1,1706.6,1661.4,1659.9,1635.2,1619.2
1759.1,1706.6,1661.4,1659.9,1635.2,1619.2
1759.1,1706.6,1661.4,1659.9,1635.2,1619.2
1759.1,1706.6,1661.4,1659.9,1635.1,1619.2
1759.1,1706.6,1661.4,1659.9,1635.1,1619.2
1759.1,1706.6,1661.4,1659.9,1634.8,1619.2
1759.1,1706.6,1661.4,1659.9,1634.5,1619.2
1759.1,1706.6,1661.4,1659.9,1634.5,1619.2
1759.1,1706.6,1661.4,1659.9,1634.5,1619.2
1759.1,1706.6,1661.4,1659.9,1634.5,1619.1
1759.1,1706.6,1661.4,1659.9,1634.5,1619.1
1759.1,1706.6,1661.4,1659.9,1633.8,1619.1
1759.1,1706.6,1661.4,1659.9,1633.8,1619.1
1759.1,1706.6,1661.4,1659.9,1633.8,1619.1
1759.1,1706.6,1661.4,1659.9,1633.8,1619.1
1759.1,1706.6,1661.4,1659.9,1633.8,1618.9
1759.1,1706.6,1661.4,1659.9,1633.8,1618.9
1759.1,1706.6,1661.4,1659.9,1633.8,1618.8
1759.1,1706.6,1661.4,1659.1,1633.8,1618.8
1759.1,1706.5,1661.4,1659.1,1633.7,1618.8
1759.1,1706.5,1661.4,1659.1,1633.7,1618.8
1759.1,1706.5,1659.1,1659.1,1633.7,1618.8
1759.1,1706.5,1659.1,1659.1,1633.7,1618.8
1759.1,1706.5,1659.1,1659.1,1633.7,1618.8
1759.1,1706.5,1659.1,1659.1,1633.7,1618.8
1759.1,1706.5,1659.1,1659.1,1633.7,1618.8
1759.1,1706.5,1659.1,1659.1,1633.7,1618.8
1759.1,1706.5,1659.1,1659.1,1633.7,1618.8
1759.1,1706.5,1659.1,1659.1,1633.7,1618.8
1759.1,1706.5,1659.1,1657.2,1633.7,1618.8
1759.1,1706.5,1659.1,1657.2,1633.7,1618.8
1759.1,1706.5,1659.1,1657.2,1633.7,1618.8
1759.1,1706.5,1659.1,1657.2,1633.7,1618.7
1759.1,1706.5,1659.1,1657.2,1633.7,1618.7
1759.1,1706.5,1659.1,1657.2,1633.7,1618.7
1759.1,1706.5,1659.1,1657.2,1633.7,1618.7
1759.1,1706.5,1659.1,1657.2,1633.7,1618.7
1759.1,1706.5,1659.1,1657.2,1633.7,1618.7
1759.1,1706.5,1659.1,1657.2,1633.7,1618.6
1759.1,1706.5,1659.1,1657.2,1633.7,1618.6
1759.1,1706.5,1659.1,1657.2,1633.7,1618.5
1759.1,1706.5,1659.1,1657.2,1633.7,1618.5
1759.1,1706.5,1659.1,1657.2,1633.7,1618.5
1759.1,1706.5,1659.1,1657.2,1632.6,1618.5
1759.1,1706.5,1659.1,1656.3,1632.6,1618.5
1759.1,1706.5,1659.1,1656.3,1632.6,1618.5
1759.1,1706.5,1659.1,1656.3,1632.6,1618.5
1759.1,1706.5,1659.1,1656.3,1631.8,1618.5
1759.1,1706.5,1659.1,1655.7,1631.8,1618.5
1759.1,1706.5,1659.1,1655.7,1631.8,1618.5
1759.1,1706.5,1659.1,1655.7,1631.8,1618.5
1759.1,1706.5,1659.1,1655.7,1631.8,1618.5
1759.1,1706.5,1659.1,1655.7,1631.8,1618.5
1759.1,1706.5,1659.1,1655.7,1631.8,1618.5
1759.1,1706.5,1659.1,1655.2,1631.4,1618.5
1759.1,1706.5,1659.1,1655.2,1631.4,1618.5
1759.1,1706.5,1659.1,1655.2,1631.4,1618.3
1759.1,1706.5,1659.1,1655.2,1631.4,1618.3
1759.1,1706.5,1659.1,1655.2,1631.4,1618.3
1759.1,1706.5,1659.1,1655.2,1631.4,1618.3
1759.1,1706.5,1659.1,1655.2,1631.4,1618.3
1759.1,1706.5,1659.1,1655.2,1631.4,1618.1
1759.1,1706.5,1658.5,1654.3,1631.4,1618.1
1759.1,1706.5,1658.5,1653.9,1631.4,1618.1
1759.1,1706.5,1658.5,1653.9,1631.4,1618.1
1759.1,1706.5,1658.5,1653.9,1631.4,1618.1
1759.1,1706.5,1658.5,1653.7,1631.4,1618.1
1759.1,1706.5,1658.5,1653.7,1631.4,1618.1
1759.1,1706.5,1658.5,1653.7,1631.4,1618.1
1759.1,1706.5,1658.5,1653.7,1631.4,1618.1
1759.1,1706.5,1658.5,1653.7,1631.4,1618.1
1759.1,1706.5,1658.5,1653.7,1631.4,1618
1759.1,1706.5,1658.5,1653.7,1631.4,1618
1759.1,1706.5,1658.5,1653.3,1631.4,1618
1759.1,1706.5,1658.5,1653.3,1631.4,1618
1759.1,1706.5,1658.5,1653.3,1631.4,1618
1759.1,1706.5,1658.5,1653.3,1631.2,1618
1759.1,1706.5,1658.5,1653.3,1631.2,1618
1759.1,1706.5,1658.5,1653.3,1631.2,1618
1759.1,1706.5,1658.5,1653.3,1631.2,1618
1759.1,1706.5,1658.5,1652.8,1631.2,1618
1759.1,1706.5,1658.5,1652.8,1631.2,1618
1759.1,1706.5,1657.7,1652.8,1631.2,1618
1759.1,1706.5,1657.7,1652.8,1631.2,1618
1759.1,1706.5,1657.7,1652.8,1631.2,1618
1759.1,1703.2,1657.7,1652.1,1631.2,1618
1759.1,1703.2,1657.7,1651.8,1631.2,1618
1759.1,1695.5,1657.7,1651.8,1631.2,1618
1759.1,1695.5,1657.7,1651.8,1631.1,1618
1759.1,1695.5,1657.7,1651.8,1631.1,1618
1759.1,1695.5,1657.7,1651.8,1631.1,1618
1759.1,1695.5,1657.7,1651.8,1631.1,1618
1759.1,1695.5,1657.7,1650.5,1631.1,1618
1759.1,1695.5,1657.7,1650.5,1631.1,1618
1759.1,1695.5,1657.3,1650.5,1631.1,1618
1759.1,1695.5,1657.3,1650.5,1631.1,1618
1759.1,1695.5,1657.3,1650.5,1630.2,1618
1759.1,1695.5,1657.3,1650.5,1630.2,1618
1759.1,1695.5,1657.3,1649.7,1630.2,1617.8
1759.1,1695.5,1657.3,1649.7,1630.2,1617.8
1759.1,1695.5,1657.3,1649.7,1630.2,1617.8
1759.1,1695.5,1657.3,1649.7,1630.2,1617.8
1759.1,1695.5,1657.3,1649.7,1630.2,1617.8
1759.1,1695.5,1657.3,1649.7,1630.2,1617.8
1759.1,1695.5,1657.3,1649.7,1630.2,1617.8
1759.1,1695.5,1657.3,1649.7,1629.7,1617.8
1759.1,1695.5,1657.3,1649.7,1629.7,1617.8
1759.1,1695.5,1657.3,1649.7,1629.2,1617.8
1742,1695.5,1657.3,1649.7,1629.2,1617.8
1742,1695.5,1657.3,1649.7,1629.2,1617.7
1742,1695.5,1657.3,1649.7,1629.2,1617.7
1742,1695.5,1657.3,1649.7,1629.2,1617.7
1742,1695.5,1657.3,1648.6,1629.2,1617.7
1742,1695.5,1657.3,1648.6,1629.2,1617.7
1742,1695.5,1657.3,1648.6,1629.1,1617.7
1742,1695.5,1657.3,1648.6,1629.1,1617.7
1742,1695.5,1657.3,1648.6,1629.1,1617.7
1742,1695.5,1657.3,1648.6,1629.1,1617.7
1742,1695.5,1657.3,1648.6,1629.1,1617.7
1742,1695.5,1657.3,1648.6,1629.1,1617.6
1742,1695.5,1657.3,1648.6,1629.1,1617.6
1742,1695.5,1657.3,1648.6,1629.1,1617.6
1742,1695.5,1657.3,1648.6,1629.1,1617.6
1742,1695.5,1657.3,1648.6,1629.1,1617.6
1742,1695.5,1657.3,1648.6,1629.1,1617.6
1742,1695.5,1657.1,1648.6,1629.1,1617.6
1742,1695.5,1657.1,1648.6,1628.3,1617.6
1742,1695.5,1657.1,1647.6,1628.3,1617.6
1742,1695.5,1657.1,1647.6,1628.3,1617.5
1742,1695.5,1657.1,1647.6,1628.3,1617.5
1742,1695.5,1657.1,1647.6,1628.3,1617.5
1742,1695.5,1657.1,1647.6,1628.3,1617.5
1742,1695.5,1657.1,1647.6,1628.3,1617.5
1742,1695.5,1657.1,1647.6,1628.3,1617.5
1742,1695.5,1657.1,1647.6,1628.3,1617.5
1742,1695.5,1657.1,1647.6,1628.3,1617.5
1742,1695.5,1657.1,1647.6,1628.3,1617.5
1742,1695.5,1657.1,1647.6,1628.3,1617.4
1742,1695.5,1657.1,1647.6,1628.3,1617.4
1742,1695.5,1657.1,1647.6,1628.1,1617.4
1742,1695.5,1657.1,1647.6,1628.1,1617.4
1742,1695.5,1657.1,1647.6,1628.1,1617.4
1742,1695.5,1656.3,1647.6,1628.1,1617.4
1742,1695.5,1656.3,1647.6,1627.9,1617.4
1742,1692.6,1656.3,1647.6,1627.8,1617.4
1742,1692.6,1656.3,1647.6,1627.8,1617.4
1742,1692.6,1656.3,1647.6,1627.8,1617.4
1742,1692.6,1656.3,1647.6,1627.8,1617.4
1742,1692.6,1656.3,1647.6,1627.8,1617.4
1742,1692.6,1656.3,1647.6,1627.8,1617.4
1742,1692.6,1656.3,1647.6,1627.8,1617.4
1742,1692.6,1656.3,1647.6,1627.8,1617.4
1742,1692.6,1656.3,1647.6,1627.8,1617.4
1742,1692.6,1656.3,1647.6,1627.8,1617.4
1742,1692.6,1656.3,1647.6,1627.8,1617.4
1742,1692.6,1656.3,1647.6,1627.8,1617.4
1742,1692.6,1656,1647.6,1627.8,1617.4
1742,1692.6,1656,1647.6,1627.8,1617.4
1742,1692.6,1656,1647.6,1627.8,1617.4
1742,1692.6,1656,1647.6,1627.8,1617.4
1742,1692.6,1656,1647.6,1627.8,1617.4
1742,1692.6,1656,1647.6,1627.8,1617.4
1742,1692.6,1656,1647,1627.8,1617.4
1742,1692.6,1656,1647,1627.8,1617.4
1742,1692.6,1656,1647,1627.8,1617.4
1742,1692.6,1656,1647,1627.8,1617.4
1742,1692.6,1656,1647,1627.8,1617.4
1742,1692.6,1656,1647,1627.8,1617.4
1742,1692.6,1656,1647,1627.5,1617.4
1742,1692.6,1656,1647,1627.5,1617.4
1742,1692.6,1656,1647,1627.5,1617.4
1742,1692.6,1656,1647,1627.5,1617.4
1742,1692.6,1656,1647,1627.5,1617.4
1742,1692.6,1656,1647,1627.5,1617.4
1742,1692.6,1656,1647,1627.5,1617.4
1742,1692.6,1656,1647,1627.5,1617.4
1742,1692.6,1656,1647,1627.5,1617.3
1742,1692.6,1656,1647,1627.5,1617.3
1742,1692.6,1656,1647,1627.5,1617.3
1742,1692.6,1656,1647,1627.5,1617.3
1742,1692.6,1656,1647,1627.5,1617.3
1742,1692.6,1656,1646.3,1627.5,1617.3
1742,1692.6,1656,1646.3,1627.5,1617.3
1742,1692.6,1656,1646.3,1627.5,1617.3
1742,1692.6,1656,1646.3,1627.5,1617.3
1742,1692,1656,1646.3,1627.5,1617.3
1742,1692,1656,1646.3,1627.5,1617.3
1742,1692,1656,1646.3,1627.5,1617.3
1742,1692,1656,1646.3,1627.5,1617.3
1742,1692,1656,1646.3,1627.5,1617.3
1742,1692,1656,1644.7,1627.5,1617.3
1742,1692,1656,1644.7,1626.9,1617.3
1742,1692,1656,1644.7,1626.9,1617.3
1742,1692,1656,1644.7,1626.9,1617.3
1742,1692,1656,1644.7,1626.9,1617.3
1742,1691,1656,1644.7,1626.8,1617.3
1742,1691,1656,1644.7,1626.8,1617.3
1742,1691,1656,1644.7,1626.8,1617.3
1742,1691,1656,1643.8,1626.8,1617.3
1742,1691,1656,1643.8,1626.8,1617.3
1742,1691,1656,1643.8,1626.8,1617.3
1742,1691,1656,1643.8,1626.8,1617.3
1740.9,1691,1656,1643.8,1626.8,1617.3
1740.9,1691,1656,1643.8,1626.8,1617.2
1740.9,1691,1656,1643.8,1626.8,1617.2
1740.9,1691,1656,1643.8,1626.8,1617.2
1740.9,1691,1655.6,1643.4,1626.8,1617.2
1740.9,1691,1655.6,1642.8,1626.8,1617.2
1740.9,1691,1655.6,1642.8,1626.8,1617.2
1740.9,1691,1655.6,1642.8,1626.8,1617.2
1740.9,1691,1655.6,1642.8,1626.8,1617.2
1740.9,1691,1655.6,1642.8,1626.8,1617.2
1740.9,1691,1655.6,1642.8,1626.8,1617.2
1740.9,1691,1655.6,1642.8,1626.8,1617.2
1740.9,1691,1655.6,1642.8,1626.8,1617.2
1740.9,1691,1655.6,1642.8,1626.8,1617.1
1740.9,1691,1655.6,1642.8,1626.8,1617.1
1740.9,1691,1655.6,1642.8,1626.8,1617.1
1740.9,1691,1655.6,1641.7,1626.8,1617.1
1740.9,1691,1655.6,1641.7,1626.8,1617.1
1740.9,1691,1654.5,1641.7,1626.8,1617.1
1740.9,1691,1654.5,1641.7,1626.8,1617.1
1740.9,1691,1654.2,1641.7,1626.6,1617.1
1740.9,1691,1654.2,1641.7,1626.6,1617.1
1740.9,1691,1654.2,1641.7,1626.6,1617.1
1740.9,1691,1654.2,1641.7,1626.6,1617.1
1740.9,1691,1654.2,1641.7,1626.6,1617.1
1740.9,1691,1654.2,1641.7,1626.6,1617.1
1740.9,1691,1654.2,1641.7,1626.6,1617.1
1740.9,1691,1654.2,1641.7,1626.6,1617.1
1740.9,1691,1654.2,1641.7,1626.6,1617.1
1740.9,1691,1654.2,1641.7,1626.6,1617.1
1740.9,1691,1654.2,1641.7,1626.6,1617.1
1740.9,1691,1654.2,1641.7,1626.6,1617.1
1740.9,1691,1654.2,1641.7,1626.6,1617.1
1740.9,1691,1654.2,1641.1,1626.6,1617.1
1740.9,1691,1654.2,1641.1,1626.3,1617.1
1740.9,1691,1654.2,1641.1,1626.3,1617
1740.9,1691,1654.2,1641.1,1626.3,1617
1740.9,1691,1654.2,1641.1,1626.3,1617
1740.9,1691,1653.7,1641.1,1626.3,1617
1740.9,1691,1653.7,1640.7,1626.3,1617
1740.9,1691,1653.7,1640.7,1626.3,1617
1740.9,1691,1653.7,1640.7,1626.1,1617
1740.9,1691,1653.7,1640.7,1626.1,1617
1740.9,1691,1653.7,1640.7,1626.1,1617
1740.9,1691,1653.7,1640.7,1626.1,1617
1740.9,1691,1653.7,1640.7,1626.1,1617
1740.9,1691,1653.7,1640.7,1626.1,1617
1740.9,1691,1653.7,1640.7,1626.1,1617
1740.9,1691,1653.7,1640.7,1626.1,1617
1740.9,1691,1653.7,1640.7,1626.1,1617
1740.9,1691,1652.1,1640.7,1626.1,1617
1740.9,1691,1652.1,1640.7,1626.1,1617
1740.9,1691,1652.1,1640.7,1626.1,1617
1740.9,1691,1651.3,1640.7,1626.1,1617
1740.9,1691,1651.3,1640.7,1626.1,1617
1740.9,1691,1651.3,1640.7,1626.1,1617
1740.9,1691,1651.3,1640.7,1626.1,1617
1740.9,1691,1651.3,1640.7,1626.1,1617
1740.9,1691,1651.3,1640.7,1626.1,1617
1740.9,1691,1651.3,1640.7,1626.1,1617
1740.9,1691,1651.3,1640.7,1626.1,1617
1740.9,1691,1650.8,1640.7,1626.1,1617
1740.9,1691,1650.8,1640.7,1626.1,1617
1740.9,1691,1650.8,1640.7,1626.1,1617
1740.9,1691,1650.8,1638.5,1626.1,1617
1740.9,1691,1650.8,1638.5,1626.1,1617
1740.9,1691,1650.8,1638.1,1626.1,1617
1740.9,1691,1650.8,1638.1,1626.1,1617
1740.9,1691,1650.8,1638.1,1626.1,1616.9
1740.9,1691,1650.8,1637.6,1626.1,1616.9
1740.9,1691,1650.8,1637.6,1626.1,1616.9
1740.9,1691,1650.8,1637.6,1626.1,1616.9
1740.9,1691,1650.8,1637.6,1626,1616.9
1740.9,1691,1650.8,1637.6,1626,1616.9
1740.9,1691,1650.8,1637.3,1626,1616.9
1740.9,1691,1650.8,1637.3,1625.7,1616.9
1740.9,1691,1650.8,1637.3,1625.7,1616.9
1740.9,1691,1650.8,1637.3,1625.7,1616.9
1740.9,1691,1650.8,1637.3,1625.7,1616.9
1740.9,1691,1650.8,1637.3,1625.7,1616.9
1740.9,1689.6,1650.8,1637.3,1625.7,1616.9
1740.9,1689.6,1650.8,1637.3,1625.7,1616.9
1740.9,1689.6,1650.8,1637.3,1625.7,1616.9
1740.9,1689.6,1650.8,1637.3,1625.7,1616.9
1740.9,1689.6,1650.8,1637.3,1625.7,1616.9
1740.9,1689.6,1650.8,1637.3,1625.7,1616.9
1740.9,1689.6,1650.8,1637.3,1625.7,1616.9
1740.9,1689.6,1650.8,1637.3,1625.7,1616.9
1740.9,1689.6,1650.8,1637.3,1625.7,1616.9
1740.9,1689.6,1650.8,1637.3,1625.7,1616.9
1740.9,1689.6,1650.8,1637.3,1625.7,1616.9
1740.9,1689.6,1650.8,1637.3,1625.7,1616.9
1740.9,1689.6,1650.8,1637.3,1625.7,1616.9
1740.9,1689.6,1650.8,1637.3,1625.7,1616.9
1740.9,1689.6,1650.8,1637.3,1625.7,1616.8
1740.9,1689.6,1650.8,1637.3,1625.7,1616.8
1740.9,1689.6,1650.8,1637.3,1625.7,1616.8
1740.9,1689.6,1650.8,1637.3,1625.7,1616.8
1740.9,1689.6,1650.8,1637.3,1625.7,1616.8
1740.9,1689.6,1650.8,1637.3,1625.7,1616.8
1740.9,1689.6,1650.8,1637.3,1625.7,1616.8
1740.9,1689.6,1650.8,1637.3,1625.7,1616.8
1740.9,1689.6,1650.8,1637.3,1625.7,1616.8
1740.9,1689.6,1650.8,1637.3,1625.7,1616.8
1740.9,1689.6,1650.8,1637.3,1625.7,1616.8
1740.9,1689.6,1650.8,1637.3,1625.7,1616.8
1740.9,1689.6,1650.8,1637.3,1625.7,1616.8
1740.9,1689.6,1650.8,1637.3,1625.7,1616.8
1740.9,1689.6,1650.8,1637.3,1625.7,1616.8
1740.9,1689.6,1650.8,1637.3,1625.7,1616.8
1740.9,1689.6,1650.8,1637.3,1625.7,1616.8
1740.9,1689.6,1650.8,1637.3,1625.7,1616.8
1740.9,1689.6,1650.8,1637.3,1625.7,1616.8
1740.9,1689.6,1650.8,1637.3,1625.7,1616.8
1740.9,1689.6,1649.6,1637.3,1625.7,1616.8
1740.9,1688.4,1649.6,1637.3,1625.7,1616.8
1740.9,1688.4,1649.6,1637.3,1625.7,1616.8
1740.9,1688.4,1649.6,1637.3,1625.7,1616.8
1740.9,1688.4,1649.6,1637.3,1625.7,1616.8
1740.9,1688.4,1649.6,1637.3,1625.7,1616.8
1740.9,1688.4,1649.6,1637.3,1625.7,1616.8
1740.9,1688.4,1649.6,1637.3,1625.7,1616.8
1740.9,1688.4,1648.9,1637.3,1625.7,1616.8
1740.9,1688.4,1648.5,1637.3,1625.7,1616.8
1740.9,1688.4,1648.5,1637.3,1625.7,1616.8
1740.9,1688.4,1648.5,1637.3,1625.7,1616.8
1740.9,1688.4,1648.5,1637.3,1625.7,1616.8
1740.9,1688.4,1648.5,1637.3,1625.7,1616.8
1740.9,1688.4,1648.5,1637.3,1625.7,1616.8
1740.9,1688.4,1648.5,1637.3,1625.7,1616.8
1740.9,1688.4,1648.5,1636.9,1625.7,1616.8
1740.9,1688.4,1648.5,1636.9,1625.7,1616.8
1740.9,1688.4,1648.5,1636.9,1625.7,1616.8
1740.9,1688.4,1648.5,1636.9,1625.7,1616.8
1740.9,1688.4,1648.4,1636.9,1625.7,1616.8
1740.9,1688.4,1648.4,1636.9,1625.7,1616.8
1740.9,1688.4,1648.4,1636.9,1625.7,1616.8
1740.9,1688.4,1648.4,1636.8,1625.7,1616.8
1740.9,1688.4,1648.4,1636.8,1625.7,1616.8
1740.9,1688.4,1648.4,1636.8,1625.7,1616.8
1740.9,1688.4,1648.4,1636.8,1625.7,1616.8
1740.9,1688.4,1648.4,1636.8,1625.7,1616.7
1740.9,1688.4,1648.4,1636.8,1625.7,1616.7
1740.9,1688.4,1648.4,1636.8,1625.7,1616.7
1740.9,1688.4,1648.4,1636.8,1625.7,1616.7
1740.9,1688.4,1648.4,1636.8,1625.7,1616.7
1740.9,1688.4,1648.4,1636.8,1625.7,1616.7
1740.9,1688.4,1648.4,1636.8,1625.7,1616.7
1740.9,1688.4,1648.4,1636.8,1625.7,1616.7
1740.9,1688.4,1648.4,1636.8,1625.7,1616.7
1740.9,1688.4,1648.4,1636.8,1625.7,1616.7
1740.9,1688.4,1648.4,1636.8,1625.6,1616.7
1740.9,1688.4,1648.4,1636.8,1625.6,1616.7
1740.9,1688.4,1648.4,1636.8,1625.6,1616.7
1740.9,1688.4,1648.4,1636.8,1625.6,1616.7
1740.9,1688.4,1648.4,1636.8,1625.6,1616.7
1740.9,1688.4,1648.4,1636.8,1625.6,1616.7
1740.9,1688.4,1648.4,1636.8,1625.6,1616.7
1740.9,1688.4,1648.4,1636.8,1625.5,1616.7
1740.9,1688.4,1648.4,1636.8,1625.5,1616.7
1740.9,1688.4,1648.4,1636.1,1625.5,1616.7
1740.9,1688.4,1648.4,1636.1,1625.5,1616.7
1740.9,1688.4,1648.4,1636.1,1625.5,1616.7
1740.9,1688.4,1648.4,1636.1,1625.5,1616.7
1740.9,1688.4,1648.4,1636.1,1625.5,1616.7
1740.9,1688.4,1648.4,1636.1,1625.5,1616.7
1740.9,1688.4,1648.4,1636.1,1625.5,1616.7
1740.9,1688.4,1648.4,1635.9,1625.4,1616.7
1740.9,1688.4,1648.4,1635.9,1625.4,1616.7
1740.9,1688.4,1647,1635.9,1625.3,1616.7
1740.9,1688.4,1647,1635.9,1625.3,1616.7
1740.9,1688.4,1647,1635.9,1625.3,1616.7
1740.9,1688.4,1647,1635.9,1625.3,1616.7
1740.9,1688.4,1647,1635.9,1625.3,1616.7
1740.9,1688.4,1647,1635.9,1625.3,1616.7
1740.9,1688.4,1647,1635.9,1625.3,1616.7
1740.9,1688.4,1647,1635.9,1625.3,1616.7
1740.9,1688.4,1647,1635.9,1625.3,1616.7
1740.9,1688.4,1647,1635.9,1625.3,1616.6
1740.9,1688.4,1647,1635.9,1625.3,1616.6
1740.9,1688.4,1647,1635.9,1625.3,1616.6
1740.9,1688.4,1647,1635.9,1625.3,1616.6
1740.9,1688.4,1647,1635.9,1625.3,1616.6
1740.9,1688.4,1647,1635.9,1625.3,1616.6
1740.9,1688.4,1647,1635.9,1625.3,1616.6
1740.9,1688.4,1647,1635.9,1625.3,1616.6
1740.9,1688.4,1647,1635.9,1625.3,1616.6
1740.9,1688.4,1643.9,1635.9,1625.3,1616.6
1740.9,1688.4,1643.9,1635.9,1625.3,1616.6
1740.9,1688.4,1643.9,1635.9,1625.3,1616.6
1740.9,1688.4,1643.9,1635.9,1625.3,1616.6
1740.9,1688.4,1643.9,1635.9,1625.3,1616.6
1740.9,1688.4,1643.9,1635.9,1625.3,1616.6
1740.9,1688.4,1643.9,1635.9,1625.3,1616.6
1740.9,1688.4,1643.9,1635.9,1625.3,1616.6
1740.9,1688.4,1643.9,1635.9,1625.3,1616.5
1740.9,1688.4,1643.9,1635.9,1625.3,1616.5
1740.9,1688.4,1642.9,1635.9,1625.3,1616.5
1740.9,1688.4,1642.9,1635.9,1625.3,1616.5
1740.9,1688.4,1642.9,1635.9,1625.3,1616.5
1740.9,1688.4,1642.9,1635.9,1625.3,1616.5
1740.9,1688.4,1642.9,1635.9,1625.3,1616.5
1740.9,1688.4,1642.9,1635.9,1625.3,1616.5
1740.9,1688.4,1642.9,1635.8,1625.3,1616.5
1740.9,1688.4,1642.9,1635.8,1625.3,1616.5
1740.9,1688.4,1642.9,1635.8,1625.3,1616.5
1740.9,1688.4,1642.9,1635.8,1625.3,1616.5
1740.9,1688.4,1642.9,1635.8,1625.3,1616.5
1740.9,1688.4,1642.9,1635.8,1625.3,1616.5
1740.9,1688.4,1642.9,1635.8,1625.1,1616.5
1740.9,1688.4,1642.9,1635.8,1625.1,1616.5
1740.9,1688.4,1642.9,1635.8,1625.1,1616.5
1740.9,1688.4,1642.9,1635.8,1625.1,1616.5
1740.9,1688.4,1642.9,1635.8,1625.1,1616.5
1740.9,1688.4,1642.9,1635.8,1625.1,1616.5
1740.9,1688.4,1642.9,1635.8,1625,1616.5
1740.9,1688.4,1642.9,1635.8,1625,1616.5
1740.9,1688.4,1642.9,1635.8,1625,1616.5
1740.9,1688.4,1642.9,1635.8,1625,1616.5
1740.9,1688.4,1642.9,1635.8,1625,1616.5
1740.9,1688.4,1642.9,1635.8,1625,1616.5
1740.9,1688.4,1642.9,1635.8,1625,1616.5
1740.9,1688.4,1642.9,1635.8,1624.7,1616.5
1740.9,1688.4,1642.9,1635.8,1624.7,1616.5
1740.9,1688.4,1642.9,1635.8,1624.7,1616.5
1740.9,1688.4,1642.9,1635.8,1624.7,1616.5
1740.9,1688.4,1642.9,1635.8,1624.7,1616.5
1740.9,1688.4,1642.9,1635.8,1624.3,1616.5
1740.9,1688.4,1642.9,1635.8,1624.3,1616.5
1740.9,1688.4,1642.9,1635.8,1624.3,1616.5
1740.9,1688.4,1642.9,1635.8,1624.3,1616.5
1740.9,1688.4,1642.9,1635.8,1624.3,1616.5
1740.9,1688.4,1642.9,1635.8,1624.3,1616.5
1740.9,1688.4,1642.9,1635.8,1623.9,1616.5
1740.9,1684.6,1642.5,1635.8,1623.9,1616.5
1740.9,1684.6,1642.5,1635.8,1623.9,1616.5
1740.9,1684.6,1642.5,1635.8,1623.9,1616.5
1740.9,1684.6,1642.5,1635.8,1623.9,1616.5
1740.9,1684.6,1642.5,1635.8,1623.9,1616.5
1740.9,1684.6,1642.5,1635.8,1623.9,1616.5
1740.9,1684.6,1642.5,1635.8,1623.9,1616.5
1740.9,1684.6,1642.5,1635.8,1623.9,1616.5
1740.9,1684.6,1642.5,1635.8,1623.9,1616.5
1740.9,1684.6,1642.5,1635.8,1623.9,1616.5
1740.9,1684.6,1642.5,1635.8,1623.9,1616.5
1740.9,1684.6,1642.5,1635.8,1623.9,1616.5
1740.9,1684.6,1642.5,1635.8,1623.9,1616.5
1740.9,1684.6,1642.5,1635.8,1623.9,1616.5
1740.9,1684.6,1642.5,1635.8,1623.9,1616.5
1740.9,1684.6,1642.5,1635.8,1623.9,1616.5
1740.9,1684.6,1642.5,1635.8,1623.9,1616.5
1740.9,1684.6,1642.5,1635.8,1623.9,1616.5
1740.9,1684.6,1642.5,1635.8,1623.9,1616.5
1740.9,1684.6,1642.5,1635.5,1623.9,1616.5
1740.9,1684.6,1642.4,1635.2,1623.6,1616.5
1740.9,1684.6,1642.4,1635.2,1623.6,1616.5
1740.9,1684.6,1642.4,1635.2,1623.6,1616.5
1740.9,1684.6,1642.4,1635.2,1623.6,1616.5
1740.9,1684.6,1642.4,1635.2,1623.6,1616.5
1740.9,1684.6,1642.4,1635.2,1623.6,1616.5
1740.9,1684.6,1642.4,1634.7,1623.6,1616.5
1740.9,1684.6,1642.4,1634.7,1623.6,1616.5
1740.9,1684.6,1642.4,1634.7,1623.6,1616.5
1740.9,1684.6,1642.4,1634.7,1623.6,1616.5
1740.9,1684.6,1642.4,1634.7,1623.6,1616.5
1740.9,1684.6,1642.4,1634.7,1623.6,1616.5
1740.9,1684.6,1642.4,1634.7,1623.6,1616.5
1740.9,1684.6,1642.4,1634.7,1623.6,1616.5
1740.9,1684.6,1642.4,1634.7,1623.6,1616.5
1740.9,1684.6,1642.4,1634.7,1623.6,1616.5
1740.9,1684.6,1642.4,1634.7,1623.6,1616.5
1740.9,1684.6,1642.4,1634.7,1623.6,1616.5
1740.9,1684.6,1642.4,1634.7,1623.6,1616.5
1740.9,1684.6,1642.4,1634.7,1623.6,1616.5
1740.9,1684.6,1642.4,1634.7,1623.4,1616.5
1740.9,1684.6,1642.4,1633.8,1623.4,1616.5
1740.9,1684.6,1642.4,1633.8,1623.4,1616.5
1740.9,1684.6,1642.4,1633.8,1623.4,1616.5
1740.9,1684.6,1642.4,1633.8,1623.4,1616.5
1740.9,1684.6,1642.4,1633.8,1623.4,1616.5
1740.9,1684.6,1642.4,1633.8,1623.4,1616.5
1740.9,1684.6,1642.4,1633.8,1623.4,1616.5
1740.9,1684.6,1642.4,1633.8,1623.4,1616.5
1740.9,1684.6,1642.4,1633.8,1623.4,1616.5
1740.9,1684.6,1642.4,1633.8,1623.4,1616.5
1740.9,1684.6,1642.4,1633.8,1623.4,1616.5
1740.9,1684.6,1642.4,1633.8,1623.4,1616.5
1740.9,1684.6,1642.4,1633.8,1623.3,1616.5
1740.9,1684.6,1642.4,1633.8,1623.3,1616.5
1740.9,1684.6,1642.4,1633.8,1623.3,1616.5
1740.9,1684.6,1642.4,1633.8,1623.3,1616.5
1740.9,1684.6,1642.4,1633.8,1623.3,1616.5
1740.9,1684.6,1642.4,1633.8,1623.1,1616.5
1740.9,1684.6,1642.4,1633.8,1623.1,1616.5
1740.9,1684.6,1642.4,1633.5,1623.1,1616.5
1740.9,1684.6,1642.4,1633.5,1623.1,1616.5
1740.9,1684.6,1642.4,1633.5,1623.1,1616.5
1740.9,1684.6,1642.4,1633.5,1623.1,1616.4
1740.9,1684.6,1642.4,1633.5,1623.1,1616.4
1740.9,1684.6,1642.4,1633.5,1623.1,1616.4
1740.9,1681.3,1642.4,1633.5,1622.9,1616.4
1740.9,1681.3,1642.4,1633.5,1622.9,1616.4
1740.9,1681.3,1642.4,1633.5,1622.9,1616.4
1740.9,1681.3,1642.4,1633.5,1622.7,1616.4
1740.9,1681.3,1642.4,1633.5,1622.7,1616.4
1740.9,1681.3,1642.4,1633.5,1622.7,1616.4
1740.9,1681.3,1642.4,1633.5,1622.7,1616.4
1740.9,1681.3,1642.4,1633.5,1622.7,1616.4
1740.9,1681.3,1642.4,1633.5,1622.7,1616.4
1740.9,1681.3,1642.4,1633.5,1622.7,1616.4
1740.9,1681.3,1642.4,1633.5,1622.7,1616.4
1740.9,1681.3,1642.4,1633.5,1622.7,1616.4
1740.9,1681.3,1642.4,1633.5,1622.7,1616.4
1740.9,1681.3,1642.4,1633.5,1622.7,1616.4
1740.9,1681.3,1642.4,1633.5,1622.7,1616.4
1740.9,1681.3,1642.4,1633.5,1622.7,1616.4
1740.9,1681.3,1642.4,1633.5,1622.7,1616.4
1740.9,1681.3,1642.4,1633.5,1622.6,1616.4
1740.9,1681.3,1642.4,1633.5,1622.6,1616.4
1740.9,1681.3,1642.4,1633.5,1622.6,1616.4
1740.9,1681.3,1642.4,1633.5,1622.6,1616.4
1740.9,1681.3,1642.4,1633.5,1622.6,1616.4
1740.9,1681.3,1642.4,1633.5,1622.6,1616.4
1740.9,1681.3,1642.4,1633.5,1622.6,1616.4
1740.9,1681.3,1642.4,1633.5,1622.6,1616.4
1740.9,1681.3,1642.4,1633.5,1622.6,1616.4
1740.9,1681.3,1642.4,1633.5,1622.6,1616.4
1740.9,1681.3,1642.4,1633.5,1622.6,1616.4
1740.9,1681.3,1642.4,1633.5,1622.6,1616.4
1740.9,1681.3,1642.4,1633.5,1622.6,1616.4
1740.9,1681.3,1642.4,1633.5,1622.6,1616.4
1740.9,1681.3,1642.4,1633.5,1622.6,1616.4
1740.9,1681.3,1642.4,1633.5,1622.6,1616.4
1740.9,1681.3,1642.4,1633.5,1622.6,1616.4
1740.9,1681.3,1642.4,1633.5,1622.6,1616.4
1740.9,1681.3,1642.4,1633.5,1622.6,1616.4
1740.9,1681.3,1642.4,1633.5,1622.6,1616.4
1740.9,1681.3,1642.4,1633.5,1622.6,1616.4
1740.9,1679.9,1642.4,1633.5,1622.6,1616.4
1740.9,1679.9,1642.4,1633.5,1622.6,1616.4
1740.9,1679.9,1642.4,1633.5,1622.6,1616.4
1740.9,1679.9,1642.4,1633.5,1622.6,1616.4
1740.9,1679.9,1642.4,1633.5,1622.6,1616.4
1740.9,1679.9,1642.4,1633.5,1622.6,1616.4
1740.9,1679.9,1642.4,1633.5,1622.6,1616.4
1740.9,1679.9,1642.4,1633.5,1622.6,1616.4
1740.9,1679.9,1642.4,1633.5,1622.6,1616.4
1740.9,1679.9,1642.4,1633.5,1622.6,1616.4
1740.9,1679.9,1642.4,1633.5,1622.6,1616.4
1740.9,1679.9,1642.4,1633.5,1622.6,1616.4
1740.9,1679.9,1642.4,1633.5,1622.6,1616.4
1740.9,1679.9,1642.4,1633.5,1622.6,1616.4
1740.9,1679.9,1642.4,1633.5,1622.6,1616.4
1740.9,1679.9,1642.4,1633.5,1622.6,1616.4
1740.9,1679.9,1642.4,1633.5,1622.6,1616.4
1740.9,1679.9,1642.4,1633.5,1622.6,1616.4
1740.9,1679.9,1642.4,1633.5,1622.6,1616.4
1740.9,1679.9,1642.4,1633.5,1622.6,1616.4
1740.9,1679.9,1642.4,1633.5,1622.6,1616.3
1740.9,1679.9,1642.4,1633.5,1622.6,1616.3
1740.9,1679.9,1642.4,1633.5,1622.6,1616.3
1740.9,1679.9,1642.4,1633.5,1622.6,1616.3
1740.9,1679.9,1642.4,1633.5,1622.6,1616.3
1740.9,1679.9,1642.4,1633.5,1622.6,1616.3
1740.9,1679.9,1642.4,1633.5,1622.6,1616.3
1740.9,1679.9,1642.4,1633.5,1622.6,1616.3
1740.9,1678.7,1642.4,1633.5,1622.6,1616.3
1740.9,1678.7,1642.4,1633.5,1622.6,1616.3
1740.9,1678.7,1642.4,1633.5,1622.6,1616.3
1740.9,1678.7,1642.4,1633.5,1622.6,1616.3
1740.9,1678,1642.4,1633.5,1622.6,1616.3
1740.9,1678,1642.4,1633.5,1622.6,1616.3
1740.9,1678,1642.4,1633.5,1622.6,1616.3
1740.9,1678,1642.4,1633.5,1622.6,1616.3
1740.9,1678,1642.4,1633.5,1622.6,1616.3
1740.9,1678,1642.4,1633.5,1622.6,1616.3
1740.9,1678,1642.4,1633.5,1622.6,1616.3
1740.9,1678,1642.4,1633.5,1622.6,1616.3
1740.9,1678,1642.4,1633.5,1622.6,1616.3
1740.9,1678,1642.4,1633.5,1622.6,1616.3
1740.9,1678,1642.4,1633.5,1622.6,1616.3
1740.9,1678,1642.4,1633.5,1622.6,1616.3
1740.9,1678,1642.4,1633.5,1622.6,1616.3
1740.9,1678,1642.4,1633.5,1622.6,1616.3
1740.9,1678,1642.4,1633.5,1622.6,1616.3
1740.9,1678,1642.4,1633.5,1622.6,1616.3
1740.9,1678,1642.4,1633.5,1622.6,1616.3
1740.9,1678,1642.4,1633.5,1622.6,1616.3
1740.9,1678,1642.4,1633.5,1622.6,1616.3
1740.9,1678,1642.4,1633.5,1622.6,1616.3
1740.9,1678,1642.4,1633.5,1622.6,1616.3
1740.9,1678,1642.4,1633.5,1622.6,1616.3
1740.9,1678,1642.4,1633.5,1622.6,1616.3
1740.9,1678,1642.4,1633.5,1622.6,1616.3
1740.9,1678,1642.4,1633.5,1622.2,1616.3
1740.9,1678,1642.4,1633.5,1622.2,1616.3
1740.9,1678,1642.4,1633.5,1622.2,1616.3
1740.9,1678,1642.4,1632.9,1622.2,1616.3
1740.9,1678,1642.4,1632.9,1622.2,1616.3
1740.9,1678,1642.4,1632.9,1622.2,1616.3
1740.9,1678,1642.4,1632.9,1622.2,1616.3
1740.9,1678,1642.4,1632.9,1622.2,1616.3
1740.9,1678,1642.4,1632.9,1622.2,1616.3
1740.9,1678,1642.4,1632.9,1622.2,1616.3
1740.9,1678,1642.4,1632.9,1622.2,1616.3
1740.9,1678,1642.4,1632.9,1622.2,1616.3
1740.9,1678,1642.4,1632.9,1622.2,1616.3
1740.9,1678,1642.4,1632.9,1622.2,1616.3
1740.9,1678,1642.4,1632.9,1622.2,1616.3
1740.9,1678,1642.4,1632.9,1622.2,1616.3
1740.9,1678,1642.4,1632.9,1622.2,1616.3
1740.9,1678,1642.4,1632.9,1622.2,1616.3
1740.9,1678,1642.4,1632.9,1622.2,1616.2
1740.9,1678,1642.4,1632.9,1622.2,1616.2
1740.9,1678,1642.4,1632.9,1622.2,1616.2
1740.9,1678,1642.4,1632.9,1622.2,1616.2
1740.9,1678,1642.4,1632.9,1622.2,1616.2
1740.9,1678,1642.4,1632.9,1622.2,1616.2
1740.9,1678,1642.4,1632.9,1622.2,1616.2
1740.9,1678,1642.4,1632.9,1622.2,1616.2
1740.9,1678,1642.4,1632.9,1622.2,1616.2
1740.9,1678,1642.4,1632.9,1622.2,1616.2
1740.9,1678,1642.4,1632.9,1622.2,1616.2
1740.9,1678,1642.4,1632.9,1622.2,1616.2
1740.9,1678,1642.4,1632.9,1622.2,1616.2
1740.9,1678,1642.4,1632.9,1622.2,1616.2
1740.9,1678,1642.4,1632.9,1622.2,1616.2
1740.9,1678,1642.4,1632.9,1622.2,1616.2
1740.9,1678,1642.4,1632.9,1622.2,1616.2
1740.9,1678,1642.4,1632.9,1622.2,1616.2
1740.9,1678,1642.4,1632.9,1622.2,1616.2
1740.9,1678,1642.4,1632.9,1622.2,1616.2
1740.9,1678,1642.4,1632.9,1622.2,1616.2
1740.9,1678,1642.4,1632.9,1622.2,1616.2
1740.9,1678,1642.4,1632.9,1622.2,1616.2
1740.9,1678,1642.4,1632.9,1622.2,1616.2
1740.9,1678,1642.4,1632.9,1622.2,1616.2
1740.9,1678,1642.4,1632.9,1622.2,1616.2
1740.9,1678,1642.4,1632.9,1622.2,1616.2
1740.9,1678,1642.4,1632.9,1622.2,1616.2
1740.9,1678,1642.4,1632.9,1622.2,1616.2
1740.9,1678,1642.4,1632.9,1622.2,1616.2
1740.9,1678,1642.4,1632.4,1622.2,1616.2
1740.9,1678,1642.4,1632.4,1622.2,1616.2
1740.9,1678,1642.4,1632.4,1622.2,1616.2
1740.9,1678,1642.4,1631.7,1622.2,1616.2
1740.9,1678,1640.9,1631.7,1622.2,1616.2
1740.9,1678,1640.9,1631.7,1622.2,1616.2
1740.9,1678,1640.9,1631.7,1622.2,1616.2
1740.9,1678,1640.9,1631.7,1622.2,1616.2
1740.9,1678,1640.9,1631.7,1622.2,1616.2
1740.9,1678,1640.9,1631.7,1622.2,1616.2
1740.9,1678,1640.9,1631.7,1622.2,1616.2
1740.9,1678,1640.9,1631.7,1622.2,1616.2
1740.9,1678,1640.9,1631.7,1622.2,1616.2
1740.9,1678,1640.9,1631.7,1622.2,1616.2
1740.9,1678,1640.9,1631.7,1622.2,1616.2
1740.9,1678,1640.9,1631.7,1622.2,1616.2
1740.9,1678,1640.9,1631.7,1622.1,1616.2
1740.9,1678,1640.9,1631.7,1622.1,1616.2
1740.9,1678,1640.9,1631.7,1622.1,1616.2
1740.9,1678,1640.9,1631.3,1622.1,1616.2
1740.9,1678,1640.9,1631.3,1622.1,1616.2
1740.9,1678,1640.9,1631.3,1622.1,1616.2
1740.9,1678,1640.9,1631.3,1622.1,1616.2
1740.9,1678,1640.9,1631.3,1622.1,1616.2
1740.9,1678,1640.9,1631.3,1622.1,1616.2
1740.9,1678,1640.9,1631.3,1622.1,1616.2
1740.9,1678,1640.9,1631.3,1622.1,1616.2
1740.9,1678,1640.9,1631.3,1622.1,1616.2
1740.9,1678,1640.9,1631.3,1622.1,1616.2
1740.9,1678,1640.9,1631.3,1622.1,1616.2
1740.9,1678,1640.9,1631.3,1622.1,1616.2
1740.9,1678,1640.9,1631.3,1622.1,1616.2
1740.9,1678,1640.9,1631.3,1622.1,1616.2
1740.9,1678,1640.9,1631.3,1622.1,1616.2
1740.9,1678,1640.9,1631.3,1622.1,1616.2
1740.9,1678,1640.9,1631.3,1622.1,1616.2
1740.9,1678,1640.9,1631.3,1622.1,1616.2
1740.9,1678,1640.9,1631.3,1622.1,1616.2
1740.9,1678,1640.9,1631.3,1622.1,1616.2
1740.9,1678,1640.9,1631.3,1622.1,1616.2
1740.9,1678,1640.9,1631.3,1622.1,1616.2
1740.9,1678,1640.9,1631.3,1622.1,1616.2
1740.9,1678,1640.9,1631.3,1622.1,1616.2
1740.9,1678,1640.9,1631.3,1621.8,1616.2
1740.9,1678,1640.9,1631.3,1621.8,1616.2
1740.9,1678,1640.9,1631.3,1621.8,1616.2
1740.9,1678,1640.9,1631.3,1621.8,1616.2
1740.9,1678,1640.9,1631.3,1621.8,1616.2
1740.9,1678,1640.9,1631.3,1621.8,1616.2
1740.9,1678,1640.9,1631.3,1621.8,1616.2
1740.9,1678,1640.9,1631.3,1621.8,1616.2
1740.9,1678,1640.9,1631.3,1621.8,1616.2
1740.9,1678,1640.9,1631.3,1621.7,1616.2
1740.9,1678,1640.9,1631.3,1621.7,1616.2
1740.9,1678,1640.9,1631.3,1621.6,1616.2
1740.9,1678,1640.9,1631.3,1621.6,1616.2
1740.9,1678,1640.9,1631.3,1621.6,1616.2
1740.9,1678,1640.9,1631.3,1621.6,1616.2
1740.9,1678,1640.7,1631.3,1621.6,1616.2
1740.9,1678,1640.7,1631.3,1621.6,1616.2
1740.9,1678,1640.7,1631.3,1621.6,1616.2
1740.9,1678,1640.7,1631.3,1621.6,1616.2
1740.9,1678,1640.7,1631.3,1621.4,1616.2
1740.9,1678,1640.7,1631.3,1621.4,1616.2
1740.9,1678,1640.7,1631.3,1621.4,1616.2
1740.9,1678,1640.7,1631.3,1621.4,1616.2
1740.9,1678,1640.7,1631.3,1621.4,1616.2
1740.9,1678,1640.7,1631.3,1621.4,1616.2
1740.9,1678,1640.7,1631.3,1621.4,1616.2
1740.9,1678,1640.7,1631.3,1621.4,1616.2
1740.9,1678,1640.7,1631.3,1621.4,1616.2
1740.9,1678,1640.7,1631.3,1621.4,1616.2
1740.9,1678,1640.7,1631.3,1621.4,1616.2
1740.9,1678,1640.7,1631.3,1621.4,1616.2
1740.9,1678,1640.7,1631.3,1621.4,1616.2
1740.9,1678,1640.7,1631.3,1621.4,1616.2
1740.9,1678,1640.7,1631.3,1621.4,1616.2
1740.9,1678,1640.7,1631.3,1621.4,1616.2
1740.9,1678,1640.7,1631.3,1621.4,1616.2
1740.9,1678,1640.7,1631.3,1621.4,1616.2
1740.9,1678,1640.7,1631.3,1621.4,1616.2
1740.9,1678,1640.2,1631.3,1621.4,1616.2
1740.9,1678,1640.2,1631.3,1621.4,1616.2
1740.9,1678,1640.2,1631.3,1621.4,1616.2
1740.9,1678,1640.2,1631.3,1621.4,1616.2
1740.9,1678,1640.2,1631.3,1621.4,1616.2
1740.9,1678,1640.2,1631.3,1621.3,1616.2
1740.9,1678,1640.2,1631.3,1621.3,1616.2
1740.9,1678,1640.2,1631.3,1621.3,1616.2
1740.9,1678,1640.2,1631.3,1621.3,1616.2
1740.9,1678,1640.2,1631.3,1621.3,1616.2
1740.9,1678,1640.2,1631,1621.3,1616.2
1740.9,1678,1640.2,1631,1621.3,1616.2
1740.9,1678,1640.2,1631,1621.3,1616.2
1740.9,1678,1640.2,1631,1621.3,1616.2
1740.9,1678,1640.2,1630.8,1621.2,1616.2
1740.9,1678,1640.2,1630.8,1621.2,1616.2
1740.1,1678,1640.2,1630.8,1621.2,1616.2
1740.1,1678,1640.2,1630.8,1621.1,1616.2
1740.1,1678,1640.1,1630.8,1621.1,1616.2
1740.1,1678,1640.1,1630.8,1621.1,1616.2
1740.1,1678,1640.1,1630.8,1621.1,1616.2
1737.6,1678,1640.1,1630.8,1621.1,1616.2
1737.6,1674.6,1640.1,1630.8,1621.1,1616.2
1737.6,1674.6,1640.1,1630.8,1621.1,1616.2
1737.6,1674.6,1640.1,1630.8,1621.1,1616.2
1737.6,1674.6,1640.1,1630.8,1621,1616.2
1737.6,1674.6,1640.1,1630.8,1621,1616.2
1737.6,1674.6,1640.1,1630.8,1621,1616.2
1737.6,1674.6,1640.1,1630.8,1621,1616.2
1737.6,1674.6,1640.1,1630.8,1621,1616.2
1737.6,1674.6,1640.1,1630.8,1621,1616.2
1737.6,1674.6,1640.1,1630.8,1621,1616.2
1737.6,1674.6,1640.1,1630.8,1621,1616.2
1737.6,1674.6,1640.1,1630.8,1621,1616.2
1737.6,1674.6,1640.1,1630.8,1621,1616.2
1737.6,1674.6,1640.1,1630.8,1621,1616.2
1737.6,1674.6,1640.1,1630.8,1621,1616.2
1737.6,1674.6,1640.1,1630.8,1621,1616.2
1737.6,1674.6,1640.1,1630.8,1621,1616.2
1737.6,1674.6,1640.1,1630.8,1621,1616.2
1737.6,1674.6,1640.1,1630.8,1621,1616.2
1737.6,1674.6,1640.1,1630.8,1621,1616.2
1737.6,1674.6,1640.1,1630.8,1621,1616.2
1737.6,1674.6,1640.1,1630.8,1621,1616.2
1737.6,1674.6,1640.1,1630.3,1621,1616.2
1737.6,1674.6,1640.1,1630.3,1621,1616.2
1737.6,1674.6,1640.1,1630.3,1621,1616.2
1737.6,1674.6,1640.1,1630.3,1621,1616.2
1737.6,1674.6,1640.1,1630.3,1621,1616.2
1737.6,1674.6,1640.1,1630.3,1621,1616.2
1737.6,1674.6,1640.1,1630.3,1621,1616.2
1737.6,1674.6,1640.1,1630.3,1621,1616.2
1737.6,1674.6,1640.1,1630.3,1621,1616.2
1737.6,1674.6,1640.1,1630.3,1621,1616.2
1737.6,1674.6,1640.1,1630.3,1621,1616.2
1737.6,1674.6,1640.1,1630.3,1621,1616.2
1737.6,1674.6,1640.1,1630.3,1621,1616.2
1737.6,1674.6,1640.1,1630.3,1621,1616.2
1737.6,1674.6,1640.1,1630.3,1621,1616.2
1737.6,1674.6,1640.1,1630.3,1621,1616.2
1737.6,1674.6,1640.1,1630.3,1621,1616.2
1737.6,1674.6,1640.1,1630.3,1621,1616.2
1737.6,1674.6,1640.1,1630.3,1621,1616.2
1737.6,1674.6,1640.1,1630.3,1621,1616.2
1737.6,1674.6,1640.1,1630.3,1621,1616.2
1737.6,1674.6,1640.1,1630.3,1621,1616.2
1737.6,1674.6,1640.1,1630.3,1621,1616.2
1737.6,1674.6,1640.1,1630.3,1621,1616.2
1737.6,1674.6,1640.1,1630.3,1621,1616.2
1737.6,1674.6,1640.1,1630.3,1621,1616.2
1737.6,1674.6,1640.1,1630.3,1621,1616.2
1737.6,1674.6,1640.1,1630.3,1621,1616.2
1737.6,1674.6,1640.1,1630.3,1621,1616.2
1737.6,1674.6,1640.1,1630.3,1621,1616.1
1737.6,1674.6,1640.1,1630.3,1621,1616.1
1737.6,1674.6,1640.1,1630.3,1621,1616.1
1737.6,1674.6,1640.1,1630.3,1621,1616.1
1737.6,1674.6,1640.1,1630.3,1621,1616.1
1737.6,1674.6,1640.1,1630.3,1621,1616.1
1737.6,1674.6,1640.1,1630.3,1621,1616.1
1737.6,1674.6,1640.1,1630.3,1621,1616.1
1737.6,1674.6,1640.1,1630.3,1621,1616.1
1737.6,1674.6,1640.1,1630.3,1621,1616.1
1737.6,1674.6,1640.1,1630.3,1621,1616.1
1737.6,1674.6,1640.1,1630.3,1621,1616.1
1737.6,1674.6,1640.1,1630.3,1621,1616.1
1737.6,1674.6,1640.1,1630.3,1621,1616.1
1737.6,1674.6,1640.1,1630.3,1621,1616.1
1737.6,1674.6,1640.1,1630.3,1621,1616.1
1737.6,1674.6,1640.1,1630.3,1621,1616.1
1737.6,1674.6,1640.1,1630.3,1621,1616.1
1737.6,1674.6,1640.1,1630.3,1621,1616.1
1737.6,1674.6,1640.1,1630.3,1621,1616.1
1737.6,1674.6,1640.1,1630.3,1621,1616.1
1737.6,1674.6,1640.1,1630.3,1621,1616.1
1737.6,1674.6,1640.1,1630.3,1621,1616.1
1737.6,1674.6,1640.1,1630.3,1621,1616.1
1737.6,1674.6,1640.1,1630.3,1621,1616.1
1737.6,1674.6,1640.1,1630.3,1621,1616.1
1737.6,1674.6,1640.1,1630.3,1621,1616.1
1737.6,1674.6,1640.1,1630.3,1621,1616.1
1737.6,1674.6,1640.1,1630.3,1621,1616.1
1737.6,1674.6,1640.1,1630.3,1621,1616.1
1737.6,1674.6,1640.1,1630.3,1621,1616.1
1737.6,1674.6,1640.1,1630.3,1621,1616.1
1737.6,1674.6,1640.1,1630.3,1621,1616.1
1737.6,1674.6,1640.1,1630.3,1621,1616.1
1737.6,1674.6,1640.1,1630.3,1621,1616.1
1737.6,1674.6,1640.1,1630.3,1621,1616.1
1737.6,1674.6,1640.1,1630.3,1621,1616.1
1737.6,1674.6,1640.1,1630.3,1621,1616.1
1737.6,1674.6,1640.1,1630.3,1621,1616.1
1737.6,1674.6,1640.1,1630.3,1621,1616.1
1737.6,1674.6,1639.8,1630.3,1621,1616.1
1737.6,1674.6,1639.8,1630.3,1621,1616.1
1737.6,1674.6,1639.8,1630.3,1621,1616.1
1737.6,1674.6,1639.8,1630.3,1621,1616.1
1737.6,1674.6,1639.8,1630.3,1621,1616.1
1737.6,1674.6,1639.8,1630.3,1621,1616.1
1737.6,1674.6,1639.8,1630.3,1621,1616.1
1737.6,1674.6,1639.8,1630.3,1621,1616.1
1737.6,1674.6,1639.8,1630.3,1621,1616.1
1737.6,1674.6,1639.8,1630.3,1621,1616.1
1737.6,1674.6,1639.8,1630.3,1621,1616.1
1737.6,1674.6,1639.8,1630.3,1621,1616.1
1737.6,1674.6,1639.8,1630.3,1621,1616.1
1737.6,1674.6,1639.8,1630.3,1621,1616.1
1737.6,1674.6,1639.8,1630.3,1621,1616.1
1737.6,1674.6,1639.8,1630.3,1621,1616.1
1737.6,1674.6,1639.8,1630.3,1621,1616.1
1737.6,1674.6,1639.8,1630.3,1621,1616.1
1737.6,1674.6,1639.8,1630.3,1621,1616.1
1737.6,1674.6,1639.8,1630.3,1621,1616.1
1737.6,1674.6,1639.8,1630.3,1621,1616.1
1737.6,1674.6,1639.8,1630.3,1621,1616.1
1737.6,1674.6,1639.8,1630.3,1621,1616.1
1737.6,1674.6,1639.8,1630.3,1621,1616.1
1737.6,1674.6,1639.8,1630.3,1621,1616.1
1737.6,1674.6,1639.8,1630.3,1621,1616.1
1737.6,1674.6,1639.8,1630.3,1621,1616.1
1737.6,1674.6,1639.8,1630.3,1621,1616.1
1737.6,1674.6,1639.8,1630.3,1621,1616.1
1737.6,1674.6,1639.8,1630.3,1621,1616.1
1737.6,1674.6,1639.8,1630.3,1621,1616.1
1737.6,1674.6,1639.8,1630.3,1621,1616.1
1737.6,1674.6,1639.8,1630.3,1621,1616.1
1737.6,1674.6,1639.8,1630.3,1621,1616.1
1737.6,1674.6,1639.8,1630.3,1621,1616.1
1737.6,1674.6,1639.8,1630.3,1621,1616.1
1737.6,1674.6,1639.8,1630.3,1621,1616.1
1737.6,1674.6,1639.8,1630.3,1621,1616.1
1737.6,1674.6,1639.8,1630.3,1621,1616.1
1737.6,1674.6,1639.8,1630.3,1621,1616.1
1737.6,1674.6,1639.8,1630.3,1621,1616.1
1737.6,1674.6,1639.8,1630.3,1621,1616.1
1737.6,1674.6,1639.8,1630.3,1621,1616.1
1737.6,1674.6,1639.8,1630.3,1620.8,1616.1
1737.6,1674.6,1639.8,1630.3,1620.8,1616.1
1737.6,1674.6,1639.8,1630.3,1620.8,1616.1
1737.6,1674.6,1639.8,1630.3,1620.8,1616.1
1737.6,1674.6,1639.8,1630.3,1620.8,1616.1
1737.6,1674.6,1639.8,1630.3,1620.8,1616.1
1737.6,1674.6,1639.8,1630.3,1620.8,1616.1
1737.6,1674.6,1639.8,1630.3,1620.8,1616.1
1737.6,1674.6,1639.8,1630.3,1620.8,1616.1
1737.6,1674.6,1639.8,1630.3,1620.8,1616.1
1737.6,1674.6,1639.8,1630.3,1620.8,1616.1
1737.6,1674.6,1639.8,1630.3,1620.8,1616.1
1737.6,1674.6,1639.8,1630.3,1620.8,1616.1
1737.6,1674.6,1639.8,1630.3,1620.8,1616.1
1737.6,1674.6,1639.8,1630.3,1620.8,1616.1
1737.6,1674.6,1639.8,1630.3,1620.8,1616.1
1737.6,1674.6,1639.8,1630.3,1620.8,1616.1
1737.6,1674.6,1639.8,1630.3,1620.8,1616.1
1737.6,1674.6,1639.8,1630.3,1620.8,1616.1
1737.6,1674.6,1639.8,1630.3,1620.8,1616.1
1737.6,1674.6,1639.8,1630.3,1620.8,1616.1
1737.6,1674.6,1639.8,1630.3,1620.8,1616.1
1737.6,1674.6,1639.8,1630.3,1620.8,1616.1
1737.6,1674.6,1639.8,1630.3,1620.7,1616.1
1737.6,1674.6,1639.8,1630.3,1620.7,1616.1
1737.6,1674.6,1639.8,1630.3,1620.7,1616.1
1737.6,1674.6,1639.8,1630.3,1620.7,1616.1
1737.6,1674.6,1639.8,1630.3,1620.7,1616.1
1737.6,1674.6,1639.8,1630.3,1620.7,1616.1
1737.6,1674.6,1639.8,1630.3,1620.7,1616.1
1737.6,1674.6,1639.8,1630.3,1620.7,1616.1
1737.6,1674.6,1639.8,1630.3,1620.7,1616.1
1737.6,1674.6,1639.8,1630.3,1620.7,1616.1
1737.6,1674.3,1639.8,1630.3,1620.7,1616.1
1737.6,1674.3,1639.8,1630.3,1620.7,1616.1
1737.6,1674.3,1639.8,1630.3,1620.7,1616.1
1737.6,1674.3,1639.8,1630.3,1620.7,1616.1
1737.6,1674.3,1639.8,1630.3,1620.7,1616.1
1737.6,1674.3,1639.8,1630.3,1620.7,1616.1
1737.6,1674.3,1639.8,1630.3,1620.7,1616.1
1737.6,1674.3,1639.8,1630.3,1620.7,1616.1
1737.6,1674.3,1639.8,1630.3,1620.7,1616.1
1737.6,1674.3,1639.8,1630.3,1620.7,1616.1
1737.6,1674.3,1639.8,1630.3,1620.7,1616.1
1737.6,1674.3,1639.8,1630.3,1620.7,1616.1
1737.6,1674.3,1639.8,1630.3,1620.7,1616.1
1737.6,1674.3,1639.8,1630.3,1620.7,1616.1
1737.6,1674.3,1639.8,1630.3,1620.7,1616.1
1737.6,1674.3,1639.8,1630.3,1620.7,1616.1
1737.6,1674.3,1639.8,1630.3,1620.7,1616.1
1737.6,1674.3,1639.8,1630.3,1620.7,1616.1
1737.6,1674.3,1639.8,1630.3,1620.7,1616.1
1737.6,1674.3,1639.8,1630.3,1620.7,1616.1
1737.6,1674.3,1639.8,1630.3,1620.7,1616.1
1737.6,1674.3,1639.8,1630.3,1620.7,1616.1
1737.6,1674.3,1639.8,1630.3,1620.7,1616.1
1737.6,1674.3,1639.8,1630.3,1620.7,1616.1
1737.6,1674.3,1639.8,1630.3,1620.7,1616.1
1737.6,1674.3,1639.8,1630.3,1620.7,1616.1
1737.6,1674.3,1639.8,1630.3,1620.7,1616.1
1737.6,1674.3,1639.8,1630.3,1620.7,1616.1
1737.6,1674.3,1639.8,1630.3,1620.7,1616.1
1737.6,1674.3,1639.8,1630.3,1620.7,1616
1737.6,1674.3,1639.8,1630.3,1620.7,1616
1737.6,1674.3,1639.8,1630.3,1620.7,1616
1737.6,1674.3,1639.8,1630.3,1620.7,1616
1737.6,1674.3,1639.8,1630.3,1620.7,1616
1737.6,1674.3,1639.8,1630.3,1620.7,1616
1737.6,1674.3,1639.8,1630.3,1620.7,1616
1737.6,1674.3,1639.8,1630.3,1620.7,1616
1737.6,1674.3,1639.8,1630.3,1620.7,1616
1737.6,1674.3,1639.8,1630.3,1620.6,1616
1737.6,1674.3,1639.8,1630.3,1620.6,1616
1737.6,1674.3,1639.8,1630.3,1620.6,1616
1737.6,1674.3,1639.8,1630.3,1620.6,1616
1737.6,1674.3,1639.8,1630.3,1620.6,1616
1737.6,1674.3,1639.8,1630.3,1620.6,1616
1737.6,1674.3,1639.8,1630.3,1620.6,1616
1737.6,1674.3,1639.8,1630.3,1620.6,1616
1737.6,1674.3,1639.6,1630.3,1620.6,1616
1737.6,1674.3,1639.6,1630.3,1620.6,1616
1737.6,1674.3,1639.6,1630.3,1620.6,1616
1737.6,1674.3,1639.6,1630.3,1620.6,1616
1737.6,1674.3,1639.6,1630.3,1620.6,1616
1737.6,1674.3,1639.6,1630.3,1620.6,1616
1737.6,1674.3,1639.6,1630.3,1620.6,1616
1737.6,1674.3,1639.6,1630.3,1620.6,1616
1737.6,1674.3,1639.6,1630.3,1620.6,1616
1737.6,1674.3,1639.6,1630.3,1620.6,1616
1737.6,1674.3,1639.6,1630.3,1620.6,1616
1737.6,1674.3,1639.6,1630.3,1620.6,1616
1737.6,1674.3,1639.6,1630.3,1620.6,1616
1737.6,1674.3,1639.6,1630.3,1620.6,1616
1737.6,1674.3,1639.6,1630.3,1620.6,1616
1737.6,1674.3,1639.6,1630.3,1620.6,1616
1737.6,1674.3,1639.6,1630.3,1620.6,1616
1737.6,1674.3,1639.6,1630.3,1620.6,1616
1737.6,1674.3,1639.6,1630.3,1620.6,1616
1737.6,1674.3,1639.6,1630.3,1620.6,1616
1737.6,1674.3,1639.6,1630.3,1620.6,1616
1737.6,1674.3,1639.6,1630.3,1620.6,1616
1737.6,1674.3,1639.6,1630.3,1620.6,1616
1737.6,1674.3,1639.6,1630.3,1620.6,1616
1737.6,1674.3,1639.6,1630.3,1620.6,1616
1737.6,1674.3,1639.6,1630.3,1620.6,1616
1737.6,1674.3,1639.6,1630.2,1620.6,1616
1737.6,1674.3,1639.6,1630.2,1620.6,1616
1737.6,1674.3,1639.6,1630.2,1620.6,1616
1737.6,1674.3,1639.6,1630.2,1620.6,1616
1737.6,1674.3,1639.6,1630.2,1620.6,1616
1737.6,1674.3,1639.6,1630.2,1620.6,1616
1737.6,1674.3,1639.6,1630.2,1620.6,1616
1737.6,1674.3,1639.6,1630.2,1620.6,1616
1737.6,1674.3,1639.6,1630.2,1620.6,1616
1737.6,1674.3,1639.6,1630.2,1620.6,1616
1737.6,1674.3,1639.6,1630.2,1620.6,1616
1737.6,1674.3,1639.6,1630.2,1620.6,1616
1737.6,1674.3,1639.6,1630.2,1620.6,1616
1737.6,1674.3,1639.6,1630.2,1620.6,1616
1737.6,1674.3,1639.6,1630.2,1620.6,1616
1737.6,1674.3,1639.6,1630.2,1620.6,1616
1737.6,1674.3,1639.6,1630.2,1620.6,1616
1737.6,1674.3,1639.6,1630.2,1620.6,1616
1737.6,1674.3,1639.6,1630.2,1620.6,1616
1737.6,1674.3,1639.6,1630.2,1620.6,1616
1737.6,1674.3,1639.6,1630.2,1620.6,1616
1737.6,1674.3,1639.6,1630.2,1620.6,1616
1737.6,1674.3,1639.6,1630.2,1620.6,1616
1737.6,1674.3,1639.6,1630.2,1620.6,1616
1737.6,1674.3,1639.6,1630.2,1620.6,1616
1737.6,1674.3,1639.6,1630.2,1620.6,1616
1737.6,1674.3,1639.6,1630.2,1620.6,1616
1737.6,1674.3,1639.6,1630.2,1620.6,1616
1737.6,1674.3,1639.6,1630.2,1620.6,1616
1737.6,1674.3,1639.6,1630.2,1620.6,1616
1737.6,1674.3,1639.6,1630.2,1620.6,1616
1737.6,1674.3,1639.6,1630.2,1620.6,1616
1737.6,1674.3,1639.6,1630.2,1620.5,1616
1737.6,1674.3,1639.6,1630.2,1620.5,1616
1737.6,1666.6,1639.6,1630.2,1620.5,1616
1737.6,1666.6,1639.6,1630.2,1620.5,1616
1737.6,1666.6,1639.6,1630.2,1620.5,1616
1737.6,1666.6,1639.6,1630.2,1620.5,1616
1737.6,1666.6,1639.6,1630.2,1620.5,1616
1737.6,1666.6,1639.6,1630.2,1620.5,1616
1737.6,1666.6,1639.6,1630.2,1620.5,1616
1737.6,1666.6,1637.9,1630.2,1620.5,1616
1737.6,1666.6,1637.9,1630.2,1620.5,1616
1737.6,1666.6,1637.9,1630.2,1620.5,1616
1737.6,1666.6,1637.9,1630.2,1620.5,1616
1737.6,1666.6,1637.9,1630.2,1620.5,1616
1737.6,1666.6,1637.9,1630.2,1620.5,1616
1737.6,1666.6,1637.9,1630.2,1620.5,1616
1737.6,1666.6,1637.9,1630.2,1620.5,1616
1737.6,1666.6,1637.9,1630.2,1620.5,1616
1737.6,1666.6,1637.9,1630.2,1620,1616
1737.6,1666.6,1637.9,1630.2,1620,1616
1737.6,1666.6,1637.9,1630.2,1620,1616
1737.6,1666.6,1637.9,1630.2,1620,1616
1737.6,1666.6,1637.9,1630.2,1620,1616
1737.6,1666.6,1637.9,1630.2,1620,1616
1737.6,1666.6,1637.9,1630.2,1620,1616
1737.6,1666.6,1637.9,1630.2,1620,1616
1737.6,1666.6,1637.9,1630.2,1620,1616
1737.6,1666.6,1637.9,1630.2,1620,1616
1737.6,1666.6,1637.9,1630.2,1620,1616
1737.6,1666.6,1637.9,1630.2,1620,1616
1737.6,1666.6,1637.9,1630.2,1620,1616
1737.6,1666.6,1637.9,1630.2,1620,1616
1737.6,1666.6,1637.9,1630.2,1620,1616
1737.6,1666.6,1637.9,1630.2,1620,1616
1737.6,1666.6,1637.9,1630.2,1620,1616
1737.6,1666.6,1637.9,1630.2,1620,1616
1737.6,1666.6,1637.9,1630.2,1620,1616
1737.6,1666.6,1637.9,1630.2,1620,1616
1737.6,1666.6,1637.9,1630.2,1620,1616
1737.6,1666.6,1637.9,1630.2,1620,1616
1737.6,1666.6,1637.9,1630.2,1620,1616
1737.6,1666.6,1637.9,1630.2,1620,1616
1737.6,1666.6,1637.9,1630.2,1620,1616
1737.6,1666.6,1637.9,1630.2,1620,1616
1737.6,1666.6,1637.9,1630.2,1620,1616
1737.6,1666.6,1637.9,1630.2,1620,1616
1737.6,1666.6,1637.9,1628.8,1620,1616
1737.6,1666.6,1637.9,1628.8,1620,1616
1737.6,1666.6,1637.9,1628.8,1620,1616
1737.6,1666.6,1637.9,1628.8,1620,1616
1737.6,1666.6,1637.9,1628.8,1620,1616
1737.6,1666.6,1637.9,1628.8,1620,1616
1737.6,1666.6,1637.9,1628.8,1620,1616
1737.6,1666.6,1637.9,1628.3,1620,1616
1737.6,1666.6,1637.9,1628.3,1620,1616
1737.6,1666.6,1637.9,1628.3,1620,1616
1737.6,1666.6,1637.9,1628.3,1620,1616
1737.6,1666.6,1637.9,1628.3,1620,1616
1737.6,1666.6,1637.9,1628.3,1620,1616
1737.6,1666.6,1637.9,1628.3,1620,1616
1737.6,1666.6,1637.9,1628.3,1620,1616
1737.6,1666.6,1637.9,1628.3,1620,1616
1737.6,1666.6,1637.9,1628.3,1620,1616
1737.6,1663.9,1637.9,1628.3,1620,1616
1737.6,1663.9,1637.9,1628.3,1620,1616
1737.6,1663.9,1637.9,1628.3,1620,1616
1737.6,1663.9,1637.9,1628.3,1620,1616
1737.6,1663.9,1637.9,1628.3,1620,1616
1737.6,1663.9,1637.9,1628.3,1620,1616
1737.6,1663.9,1637.9,1628.3,1620,1616
1737.6,1663.9,1637.9,1628.3,1619.9,1616
1737.6,1663.9,1637.9,1628.3,1619.9,1616
1737.6,1663.9,1637.9,1628.3,1619.9,1616
1737.6,1663.9,1637.9,1628.3,1619.9,1616
1737.6,1663.9,1637.9,1628.3,1619.9,1616
1737.6,1663.9,1637.9,1628.3,1619.9,1616
1737.6,1663.9,1637.9,1628.3,1619.9,1616
1737.6,1663.9,1637.9,1628.3,1619.9,1616
1737.6,1663.9,1637.9,1628.3,1619.9,1616
1737.6,1663.9,1637.9,1628.3,1619.9,1616
1737.6,1663.9,1637.9,1628.3,1619.9,1616
1737.6,1663.9,1637.9,1628.3,1619.9,1616
1737.6,1663.9,1637.9,1628.3,1619.9,1616
1737.6,1663.9,1637.9,1628.3,1619.9,1616
1737.6,1663.9,1637.9,1628.3,1619.9,1616
1737.6,1663.9,1637.9,1628.3,1619.9,1616
1737.6,1663.9,1637.9,1628.3,1619.9,1616
1737.6,1663.9,1637.9,1628.3,1619.9,1616
1737.6,1663.9,1637.9,1628.3,1619.9,1616
1737.6,1663.9,1637.9,1628.3,1619.9,1616
1737.6,1663.9,1637.6,1628.3,1619.9,1616
1737.6,1663.9,1637.6,1628.3,1619.9,1616
1737.6,1663.9,1637.6,1628.3,1619.9,1616
1737.6,1663.9,1637.6,1628.3,1619.9,1616
1737.6,1663.9,1637.6,1628.3,1619.9,1616
1737.6,1663.9,1637.6,1628.3,1619.9,1616
1737.6,1663.9,1637.6,1628.3,1619.9,1616
1737.6,1663.9,1637.6,1628.3,1619.9,1616
1737.6,1663.9,1637.6,1628.3,1619.9,1616
1737.6,1663.9,1637.6,1628.3,1619.9,1616
1737.6,1663.9,1637.6,1628.3,1619.9,1616
1737.6,1663.9,1637.6,1628.3,1619.9,1616
1737.6,1663.9,1637.6,1628.3,1619.9,1616
1733.8,1663.9,1637.6,1628.3,1619.9,1616
1733.8,1663.9,1637.6,1628.3,1619.9,1616
1733.8,1663.9,1637.6,1628.3,1619.9,1616
1733.8,1663.9,1637.6,1628.3,1619.9,1616
1733.8,1663.9,1637.6,1628.3,1619.9,1616
1733.8,1663.9,1637.6,1628.3,1619.8,1616
1733.8,1663.9,1637.6,1628.3,1619.8,1616
1733.8,1663.9,1637.6,1628.3,1619.8,1616
1733.8,1663.9,1637.6,1628.3,1619.8,1616
1733.8,1663.9,1637.6,1628.3,1619.8,1616
1733.8,1663.9,1637.6,1628.3,1619.8,1616
1733.8,1663.9,1637.6,1628.3,1619.8,1616
1733.8,1663.9,1637.6,1628.3,1619.7,1616
1733.8,1663.9,1637.6,1628.3,1619.7,1616
1733.8,1663.9,1637.6,1628.3,1619.7,1616
1733.8,1663.9,1637.6,1628.3,1619.7,1616
1733.8,1663.9,1637.6,1628.3,1619.7,1616
1733.8,1663.9,1637.6,1628.3,1619.7,1616
1733.8,1663.9,1637.6,1628.3,1619.7,1616
1733.8,1663.9,1637.6,1628.3,1619.7,1616
1733.8,1663.9,1637.6,1628.3,1619.7,1616
1733.8,1663.9,1637.6,1628.3,1619.7,1616
1733.8,1663.9,1637.6,1628.3,1619.7,1616
1733.8,1663.9,1637.6,1628.3,1619.7,1616
1733.8,1663.9,1637.6,1628.3,1619.7,1616
1733.8,1663.9,1637.6,1628.3,1619.7,1616
1733.8,1663.9,1637.6,1628.3,1619.7,1616
1733.8,1663.9,1637.6,1628.3,1619.7,1616
1733.8,1663.9,1637.6,1628.3,1619.7,1616
1733.8,1663.9,1637.6,1628.3,1619.7,1616
1733.8,1663.9,1637.6,1628.3,1619.7,1616
1733.8,1663.9,1637.6,1628.3,1619.7,1616
1733.8,1663.9,1637.6,1628.3,1619.7,1616
1733.8,1663.9,1637.6,1628.3,1619.7,1616
1733.8,1663.9,1637.6,1628.3,1619.7,1616
1733.8,1663.9,1637.6,1628.2,1619.7,1616
1733.8,1663.9,1637.6,1628.2,1619.7,1616
1733.8,1663.9,1637.6,1628.2,1619.7,1616
1733.8,1663.9,1637.6,1628.2,1619.7,1616
1733.8,1663.9,1637.6,1628.2,1619.7,1616
1733.8,1663.9,1637.6,1628.2,1619.7,1616
1733.8,1663.9,1637.6,1628.2,1619.7,1616
1733.8,1663.9,1637.6,1628.2,1619.7,1616
1733.8,1663.9,1637.6,1628.2,1619.7,1616
1733.8,1663.9,1637.6,1628.2,1619.7,1616
1733.8,1663.9,1637.6,1628.2,1619.7,1616
1733.8,1663.9,1637.6,1628.2,1619.7,1616
1733.8,1663.9,1637.6,1628.2,1619.7,1616
1733.8,1663.9,1637.6,1628.2,1619.7,1616
1733.8,1663.9,1637.6,1628.2,1619.7,1616
1733.8,1663.9,1637.6,1628.2,1619.7,1616
1733.8,1663.9,1637.6,1628.2,1619.7,1616
1733.8,1663.9,1637.6,1628.2,1619.7,1616
1733.8,1663.9,1637.6,1628.2,1619.7,1616
1733.8,1663.9,1637.6,1628.2,1619.7,1616
1733.8,1663.9,1637.6,1628.2,1619.7,1616
1733.8,1663.9,1637.6,1628.2,1619.7,1616
1733.8,1663.9,1637.6,1628.2,1619.7,1616
1733.8,1663.9,1637.6,1628.2,1619.7,1616
1733.8,1663.9,1637.6,1628.2,1619.7,1616
1733.8,1663.9,1637.6,1628.2,1619.7,1616
1733.8,1663.9,1637.6,1628.2,1619.7,1616
1733.8,1663.9,1637.6,1628.2,1619.7,1616
1733.8,1663.9,1637.6,1628.2,1619.7,1616
1730.3,1663.9,1637.6,1628.2,1619.7,1616
1730.3,1663.9,1637.6,1628.2,1619.6,1616
1730.3,1663.9,1637.6,1628.2,1619.6,1616
1730.3,1663.9,1637.6,1628.2,1619.6,1616
1730.3,1663.9,1637.6,1628.2,1619.6,1616
1730.3,1663.9,1637.6,1628.2,1619.6,1616
1730.3,1663.9,1637.6,1628.2,1619.6,1616
1730.3,1663.9,1637.6,1628.2,1619.6,1616
1730.3,1663.9,1637.6,1628.2,1619.6,1616
1730.3,1663.9,1637.6,1628.2,1619.6,1616
1730.3,1663.9,1637.6,1628.2,1619.6,1616
1730.3,1663.9,1637.6,1628,1619.6,1616
1730.3,1663.9,1637.6,1628,1619.6,1616
1730.3,1663.9,1637.6,1628,1619.6,1616
1730.3,1663.9,1637.6,1628,1619.6,1616
1730.3,1663.9,1637.6,1628,1619.6,1616
1730.3,1663.9,1637.6,1628,1619.6,1616
1730.3,1663.9,1637.6,1628,1619.6,1616
1730.3,1663.9,1637.6,1628,1619.6,1616
1730.3,1663.9,1637.6,1628,1619.6,1616
1730.3,1663.9,1637.6,1628,1619.6,1616
1730.3,1663.9,1637.6,1628,1619.6,1616
1730.3,1663.9,1637.6,1628,1619.6,1616
1730.3,1663.9,1637.6,1628,1619.6,1616
1730.3,1663.9,1637.6,1628,1619.6,1616
1730.3,1663.9,1637.6,1628,1619.6,1616
1730.3,1663.9,1637.6,1628,1619.6,1616
1730.3,1663.9,1637.6,1628,1619.6,1616
1730.3,1663.9,1637.6,1628,1619.6,1616
1730.3,1663.9,1637.6,1628,1619.6,1616
1730.3,1663.9,1637.6,1628,1619.6,1616
1730.3,1663.9,1637.6,1628,1619.6,1616
1730.3,1663.9,1637.6,1628,1619.6,1616
1730.3,1663.9,1637.6,1628,1619.6,1616
1730.3,1663.9,1637.6,1628,1619.6,1616
1730.3,1663.9,1637.6,1628,1619.6,1616
1730.3,1663.9,1637.6,1628,1619.6,1616
1730.3,1663.9,1637.6,1628,1619.6,1616
1730.3,1663.9,1637.6,1628,1619.6,1616
1730.3,1663.9,1637.6,1628,1619.6,1616
1730.3,1663.9,1637.6,1628,1619.6,1616
1730.3,1663.9,1637.6,1628,1619.6,1616
1730.3,1663.9,1637.6,1628,1619.6,1616
1730.3,1663.9,1637.6,1628,1619.6,1616
1730.3,1663.9,1637.6,1628,1619.6,1616
1730.3,1663.9,1637.6,1628,1619.6,1616
1730.3,1663.9,1637.6,1628,1619.6,1616
1730.3,1663.9,1637.6,1628,1619.6,1616
1730.3,1663.9,1637.6,1628,1619.6,1616
1730.3,1663.9,1637.6,1628,1619.6,1616
1730.3,1663.9,1637.6,1628,1619.6,1616
1730.3,1663.9,1637.6,1628,1619.6,1616
1730.3,1663.9,1637.6,1628,1619.6,1616
1730.3,1663.9,1637.6,1628,1619.6,1616
1730.3,1663.9,1637.6,1628,1619.6,1616
1730.3,1663.9,1637.6,1628,1619.6,1616
1730.3,1663.9,1637.6,1628,1619.6,1616
1730.3,1663.9,1637.6,1628,1619.6,1616
1730.3,1663.9,1637.6,1628,1619.6,1616
1730.3,1663.9,1637.6,1628,1619.6,1616
1730.3,1663.9,1637.6,1628,1619.6,1616
1730.3,1663.9,1637.6,1628,1619.6,1616
1730.3,1663.9,1637.6,1628,1619.6,1616
1730.3,1663.9,1637.6,1628,1619.6,1616
1730.3,1663.9,1637.6,1628,1619.6,1616
1730.3,1663.9,1637.6,1628,1619.6,1616
1730.3,1663.9,1637.6,1628,1619.6,1616
1730.3,1663.9,1637.6,1628,1619.6,1616
1730.3,1663.9,1637.6,1628,1619.6,1616
1730.3,1663.9,1637.6,1628,1619.6,1616
1730.3,1663.9,1637.6,1628,1619.6,1616
1730.3,1663.9,1637.6,1627.9,1619.6,1616
1730.3,1663.9,1637.6,1627.9,1619.6,1616
1730.3,1663.9,1637.6,1627.9,1619.6,1616
1730.3,1663.9,1637.6,1627.9,1619.6,1616
1730.3,1663.9,1637.6,1627.9,1619.6,1616
1730.3,1663.9,1637.6,1627.9,1619.6,1616
1730.3,1663.9,1637.6,1627.9,1619.6,1616
1730.3,1663.9,1637.6,1627.9,1619.6,1616
1730.3,1663.9,1637.6,1627.9,1619.6,1616
1730.3,1663.9,1637.6,1627.9,1619.6,1616
1730.3,1663.9,1637.6,1627.9,1619.6,1616
1730.3,1663.9,1637.6,1627.9,1619.6,1616
1730.3,1663.9,1637.6,1627.9,1619.5,1616
1730.3,1663.9,1637.6,1627.9,1619.5,1616
1730.3,1663.9,1637.6,1627.9,1619.5,1616
1730.3,1663.9,1637.6,1627.9,1619.5,1616
1730.3,1663.9,1637.6,1627.9,1619.5,1616
1730.3,1663.9,1637.6,1627.9,1619.5,1616
1730.3,1663.9,1637.6,1627.9,1619.5,1616
1730.3,1663.9,1637.6,1627.9,1619.4,1616
1730.3,1663.9,1637.6,1627.9,1619.4,1616
1730.3,1663.9,1637.6,1627.9,1619.4,1616
1730.3,1663.9,1637.6,1627.9,1619.4,1616
1730.3,1663.9,1637.6,1627.9,1619.4,1616
1730.3,1663.9,1637.6,1627.9,1619.4,1616
1730.3,1663.9,1637.6,1627.9,1619.4,1616
1730.3,1663.9,1637.6,1627.9,1619.4,1616
1730.3,1663.9,1637.6,1627.9,1619.4,1616
1730.3,1663.9,1637.6,1627.9,1619.4,1616
1730.3,1663.9,1637.6,1627.9,1619.4,1616
1730.3,1663.9,1637.6,1627.9,1619.4,1616
1730.3,1663.9,1637.6,1627.9,1619.4,1616
1730.3,1663.9,1637.6,1627.9,1619.4,1616
1730.3,1663.9,1637.6,1627.9,1619.4,1616
1730.3,1663.9,1637.6,1627.9,1619.4,1616
1730.3,1663.9,1637.6,1627.9,1619.4,1616
1730.3,1663.9,1637.6,1627.9,1619.4,1616
1730.3,1663.9,1637.6,1627.9,1619.4,1616
1730.3,1663.9,1637.6,1627.9,1619.4,1616
1730.3,1663.9,1637.6,1627.9,1619.4,1616
1730.3,1663.9,1637.6,1627.9,1619.4,1616
1730.3,1663.9,1637.6,1627.9,1619.4,1616
1730.3,1663.9,1637,1627.9,1619.4,1616
1730.3,1663.9,1637,1627.9,1619.4,1616
1730.3,1663.9,1637,1627.9,1619.4,1616
1730.3,1663.9,1637,1627.9,1619.4,1616
1730.3,1663.9,1637,1627.9,1619.4,1616
1730.3,1663.9,1637,1627.9,1619.4,1616
1730.3,1663.9,1637,1627.9,1619.4,1616
1730.3,1663.9,1637,1627.9,1619.4,1616
1730.3,1663.9,1637,1627.9,1619.4,1616
1730.3,1663.9,1637,1627.9,1619.4,1616
1730.3,1663.9,1637,1627.9,1619.4,1616
1730.3,1663.9,1637,1627.9,1619.4,1616
1730.3,1663.9,1637,1627.9,1619.4,1616
1730.3,1663.9,1637,1627.9,1619.4,1616
1730.3,1663.9,1637,1627.9,1619.4,1616
1730.3,1663.9,1637,1627.9,1619.4,1616
1730.3,1663.9,1637,1627.9,1619.4,1616
1730.3,1663.9,1637,1627.9,1619.4,1616
1730.3,1663.9,1637,1627.9,1619.4,1616
1730.3,1663.9,1637,1627.9,1619.4,1616
1730.3,1663.9,1637,1627.8,1619.4,1616
1730.3,1663.9,1637,1627.8,1619.4,1616
1730.3,1663.9,1637,1627.8,1619.4,1616
1730.3,1663.9,1637,1627.2,1619.4,1616
1730.3,1663.9,1637,1627.2,1619.4,1616
1730.3,1663.9,1637,1627.2,1619.4,1616
1730.3,1663.9,1637,1627.2,1619.4,1616
1730.3,1663.9,1637,1627.2,1619.4,1616
1730.3,1663.9,1637,1627.2,1619.4,1616
1730.3,1663.9,1637,1627.2,1619.4,1616
1730.3,1663.9,1637,1627.2,1619.4,1616
1730.3,1663.9,1637,1627.2,1619.4,1616
1730.3,1663.9,1637,1627.2,1619.4,1616
1730.3,1663.9,1637,1627.2,1619.4,1616
1730.3,1663.9,1637,1627.2,1619.4,1616
1730.3,1663.9,1637,1627.2,1619.4,1616
1730.3,1663.9,1637,1627.2,1619.4,1616
1730.3,1663.9,1637,1627.2,1619.4,1616
1730.3,1663.9,1637,1627.2,1619.4,1616
1730.3,1663.9,1637,1627.2,1619.4,1616
1730.3,1663.9,1637,1627.2,1619.4,1616
1730.3,1663.9,1637,1627.2,1619.4,1616
1730.3,1663.9,1637,1627.2,1619.4,1616
1730.3,1663.9,1637,1627.2,1619.4,1616
1730.3,1663.9,1637,1627.2,1619.4,1616
1730.3,1663.9,1637,1627.2,1619.4,1616
1730.3,1663.9,1637,1627.2,1619.3,1616
1730.3,1663.9,1637,1627.2,1619.3,1616
1730.3,1663.9,1637,1627.2,1619.3,1616
1730.3,1663.9,1637,1627.2,1619.2,1616
1730.3,1663.9,1637,1627.2,1619.2,1616
1730.3,1663.9,1637,1627.2,1619.2,1616
1730.3,1663.9,1637,1627.2,1619.2,1616
1730.3,1663.9,1637,1627.2,1619.2,1616
1730.3,1663.9,1637,1627.2,1619.2,1616
1730.3,1663.9,1637,1627.2,1619.2,1616
1730.3,1663.9,1637,1627.2,1619.2,1616
1730.3,1663.9,1637,1627.2,1619.2,1616
1730.3,1663.9,1637,1627.2,1619.2,1616
1730.3,1663.9,1637,1627.2,1619.2,1616
1730.3,1663.9,1637,1627.2,1619.2,1616
1730.3,1663.9,1637,1627.2,1619.2,1616
1730.3,1663.9,1637,1627.2,1619.2,1616
1730.3,1663.9,1637,1627.2,1619.2,1616
1730.3,1663.9,1637,1627.2,1619.2,1616
1730.3,1663.9,1637,1627.2,1619.2,1616
1730.3,1663.9,1637,1627.2,1619.2,1616
1730.3,1663.9,1637,1627.2,1619.2,1616
1730.3,1663.9,1637,1627.2,1619.2,1616
1730.3,1663.9,1637,1627.2,1619.2,1616
1730.3,1663.9,1637,1627.2,1619.2,1616
1730.3,1663.9,1637,1627.2,1619.2,1616
1730.3,1663.9,1637,1627.2,1619.2,1616
1730.3,1663.9,1637,1627.2,1619.2,1616
1730.3,1663.9,1637,1627.2,1619.2,1616
1730.3,1663.9,1637,1627.2,1619.2,1616
1730.3,1663.9,1637,1627.2,1619.2,1616
1730.3,1663.9,1637,1627.2,1619.2,1616
1730.3,1663.9,1637,1627.2,1619.2,1616
1730.3,1663.9,1637,1627.2,1619.2,1616
1730.3,1663.9,1637,1627.2,1619.2,1616
1730.3,1663.9,1637,1627.2,1619.2,1616
1730.3,1663.9,1637,1627.2,1619.2,1616
1730.3,1663.9,1637,1627.2,1619.2,1616
1730.3,1663.9,1637,1627.2,1619.2,1616
1730.3,1663.9,1637,1627.2,1619.2,1616
1730.3,1663.9,1637,1627.2,1619.2,1616
1730.3,1663.9,1637,1627.2,1619.2,1616
1730.3,1663.9,1637,1627.2,1619.2,1616
1730.3,1663.9,1637,1627.2,1619.2,1616
1730.3,1663.9,1637,1627.2,1619.2,1616
1730.3,1663.9,1637,1627.2,1619.2,1616
1730.3,1663.9,1637,1627.2,1619.2,1616
1730.3,1663.9,1637,1627.2,1619.2,1616
1730.3,1663.9,1637,1627.2,1619.2,1616
1730.3,1663.9,1636.7,1627.2,1619.2,1616
1730.3,1663.9,1636.7,1627.2,1619.2,1616
1730.3,1663.9,1636.7,1627.2,1619.2,1616
1730.3,1663.9,1636.7,1627.2,1619.2,1616
1730.3,1663.9,1636.7,1627.2,1619.2,1616
1730.3,1663.9,1636.7,1627.2,1619.2,1616
1730.3,1663.9,1636.7,1627.2,1619.2,1616
1730.3,1663.9,1636.7,1627.2,1619.2,1616
1730.3,1663.9,1636.7,1627.2,1619.2,1616
1730.3,1663.9,1636.7,1627.2,1619.2,1616
1730.3,1663.9,1636.7,1627.2,1619.2,1616
1730.3,1663.9,1636.7,1627.2,1619.2,1616
1730.3,1663.9,1636.7,1627.2,1619.2,1616
1730.3,1663.9,1636.7,1627.2,1619.2,1616
1730.3,1663.9,1636.7,1627.2,1619.2,1616
1730.3,1663.9,1636.7,1627.2,1619.2,1616
1730.3,1663.9,1636.7,1627.2,1619.2,1616
1730.3,1663.9,1636.7,1627.2,1619.2,1616
1730.3,1663.9,1636.7,1627.2,1619.2,1616
1730.3,1663.9,1636.7,1627.2,1619.2,1616
1730.3,1663.9,1636.7,1627.2,1619.2,1616
1730.3,1663.9,1636.7,1627.2,1619.2,1616
1730.3,1663.9,1636.7,1627.2,1619.2,1616
1730.3,1663.9,1636.7,1627.2,1619.2,1616
1730.3,1663.9,1636.7,1627.2,1619.2,1616
1730.3,1663.9,1636.7,1627.2,1619.2,1616
1730.3,1663.9,1636.7,1627.2,1619.2,1616
1730.3,1663.9,1636.7,1627.2,1619.2,1616
1730.3,1663.9,1636.7,1627.2,1619.2,1616
1730.3,1663.9,1636.7,1627.2,1619.2,1616
1730.3,1663.9,1636.7,1627.2,1619.2,1616
1730.3,1663.9,1636.7,1627.2,1619.2,1616
1730.3,1663.9,1636.7,1627.2,1619.2,1616
1730.3,1663.9,1636.7,1627.2,1619.2,1616
1730.3,1663.9,1636.7,1627.2,1619.2,1616
1730.3,1663.9,1636.7,1627.2,1619.2,1616
1730.3,1663.9,1636.7,1627.2,1619.2,1616
1730.3,1663.9,1636.7,1627.2,1619.2,1616
1730.3,1663.9,1636.7,1627.2,1619.2,1616
