0,0.9,0.91,0.92,0.93,0.94,0.95,0.96,0.97,0.98,0.99,1,10
1,0,0,0,0,0,0,0,0,0,0,0,NaN
2,0,0,0,0,0,0,0,0,0,0,0,NaN
3,0,0,0,0,0,0,0,0,0,0,0,NaN
4,0,0,0,0,0,0,0,0,0,0,0,NaN
5,0,0,0,0,0,0,0,0,0,0,0,NaN
6,0,0,0,0,0,0,0,0,0,0,0,NaN
7,0,0,0,0,0,0,0,0,0,0,0,NaN
8,0,0,0,0,0,0,0,0,0,0,0,NaN
9,0,0,0,0,0,0,0,0,0,0,0,NaN
10,0,0,0,0,0,0,0,0,0,0,0,NaN
11,0,0,0,0,0,0,0,0,0,0,0,NaN
12,0,0,0,0,0,0,0,0,0,0,0,NaN
13,0,0,0,0,0,0,0,0,0,0,0,NaN
14,0,0,0,0,0,0,0,0,0,0,0,NaN
15,0,0,0,0,0,0,0,0,0,0,0,NaN
16,0,0,0,0,0,0,0,0,0,0,0,NaN
17,0,0,0,0,0,0,0,0,0,0,0,NaN
18,0,0,0,0,0,0,0,0,0,0,0,NaN
19,0,0,0,0,0,0,0,0,0,0,0,NaN
20,0,0,0,0,0,0,0,0,0,0,0,NaN
21,0,0,0,0,0,0,0,0,0,0,0,NaN
22,0,0,0,0,0,0,0,0,0,0,0,NaN
23,0,0,0,0,0,0,0,0,0,0,0,NaN
24,0,0,0,0,0,0,0,0,0,0,0,NaN
25,0,0,0,0,0,0,0,0,0,0,0,NaN
26,0,0,0,0,0,0,0,0,0,0,0,NaN
27,0,0,0,0,0,0,0,0,0,0,0,NaN
28,0,0,0,0,0,0,0,0,0,0,0,NaN
29,0,0,0,0,0,0,0,0,0,0,0,NaN
30,0,0,0,0,0,0,0,0,0,0,0,NaN
31,0,0,0,0,0,0,0,0,0,0,0,NaN
32,0,0,0,0,0,0,0,0,0,0,0,NaN
33,0,0,0,0,0,0,0,0,0,0,0,NaN
34,0,0,0,0,0,0,0,0,0,0,0,NaN
35,0,0,0,0,0,0,0,0,0,0,0,NaN
36,0,0,0,0,0,0,0,0,0,0,0,NaN
37,0,0,0,0,0,0,0,0,0,0,0,NaN
38,0,0,0,0,0,0,0,0,0,0,0,NaN
39,0,0,0,0,0,0,0,0,0,0,0,NaN
40,0,0,0,0,0,0,0,0,0,0,0,NaN
41,0,0,0,0,0,0,0,0,0,0,0,NaN
42,0,0,0,0,0,0,0,0,0,0,0,NaN
43,0,0,0,0,0,0,0,0,0,0,0,NaN
44,0,0,0,0,0,0,0,0,0,0,0,NaN
45,0,0,0,0,0,0,0,0,0,0,0,NaN
46,0,0,0,0,0,0,0,0,0,0,0,NaN
47,0,0,0,0,0,0,0,0,0,0,0,NaN
48,0,0,0,0,0,0,0,0,0,0,0,NaN
49,0,0,0,0,0,0,0,0,0,0,0,NaN
50,0,0,0,0,0,0,0,0,0,0,0,2997.8
51,0,0,0,0,0,0,0,0,0,0,0,2997.8
52,0,0,0,0,0,0,0,0,0,0,0,2997.8
53,0,0,0,0,0,0,0,0,0,0,0,2997.8
54,0,0,0,0,0,0,0,0,0,0,0,2997.8
55,0,0,0,0,0,0,0,0,0,0,0,2997.8
56,0,0,0,0,0,0,0,0,0,0,0,2997.8
57,0,0,0,0,0,0,0,0,0,0,0,2997.8
58,0,0,0,0,0,0,0,0,0,0,0,2997.8
59,0,0,0,0,0,0,0,0,0,0,0,2997.8
60,0,0,0,0,0,0,0,0,0,0,0,2997.8
61,0,0,0,0,0,0,0,0,0,0,0,2997.8
62,0,0,0,0,0,0,0,0,0,0,0,2997.8
63,0,0,0,0,0,0,0,0,0,0,0,2997.8
64,0,0,0,0,0,0,0,0,0,0,0,2997.8
65,0,0,0,0,0,0,0,0,0,0,0,2997.8
66,0,0,0,0,0,0,0,0,0,0,0,2997.8
67,0,0,0,0,0,0,0,0,0,0,0,2997.8
68,0,0,0,0,0,0,0,0,0,0,0,2997.8
69,0,0,0,0,0,0,0,0,0,0,0,2997.8
70,0,0,0,0,0,0,0,0,0,0,0,2997.8
71,0,0,0,0,0,0,0,0,0,0,0,2997.8
72,0,0,0,0,0,0,0,0,0,0,0,2997.8
73,0,0,0,0,0,0,0,0,0,0,0,2997.8
74,0,0,0,0,0,0,0,0,0,0,0,2997.8
75,0,0,0,0,0,0,0,0,0,0,0,2997.8
76,0,0,0,0,0,0,0,0,0,0,0,2997.8
77,0,0,0,0,0,0,0,0,0,0,0,2997.8
78,0,0,0,0,0,0,0,0,0,0,0,2997.8
79,0,0,0,0,0,0,0,0,0,0,0,2997.8
80,0,0,0,0,0,0,0,0,0,0,0,2997.8
81,0,0,0,0,0,0,0,0,0,0,0,2997.8
82,0,0,0,0,0,0,0,0,0,0,0,2997.8
83,0,0,0,0,0,0,0,0,0,0,0,2997.8
84,0,0,0,0,0,0,0,0,0,0,0,2997.8
85,0,0,0,0,0,0,0,0,0,0,0,2997.8
86,0,0,0,0,0,0,0,0,0,0,0,2997.8
87,0,0,0,0,0,0,0,0,0,0,0,2997.8
88,0,0,0,0,0,0,0,0,0,0,0,2997.8
89,0,0,0,0,0,0,0,0,0,0,0,2997.8
90,0,0,0,0,0,0,0,0,0,0,0,2825.6
91,0,0,0,0,0,0,0,0,0,0,0,2825.6
92,0,0,0,0,0,0,0,0,0,0,0,2825.6
93,0,0,0,0,0,0,0,0,0,0,0,2825.6
94,0,0,0,0,0,0,0,0,0,0,0,2825.6
95,0,0,0,0,0,0,0,0,0,0,0,2825.6
96,0,0,0,0,0,0,0,0,0,0,0,2825.6
97,0,0,0,0,0,0,0,0,0,0,0,2825.6
98,0,0,0,0,0,0,0,0,0,0,0,2825.6
99,0,0,0,0,0,0,0,0,0,0,0,2825.6
100,0,0,0,0,0,0,0,0,0,0,0,2825.6
101,0,0,0,0,0,0,0,0,0,0,0,2825.6
102,0,0,0,0,0,0,0,0,0,0,0,2825.6
103,0,0,0,0,0,0,0,0,0,0,0,2825.6
104,0,0,0,0,0,0,0,0,0,0,0,2825.6
105,0,0,0,0,0,0,0,0,0,0,0,2825.6
106,0,0,0,0,0,0,0,0,0,0,0,2825.6
107,0,0,0,0,0,0,0,0,0,0,0,2825.6
108,0,0,0,0,0,0,0,0,0,0,0,2825.6
109,0,0,0,0,0,0,0,0,0,0,0,2825.6
110,0,0,0,0,0,0,0,0,0,0,0,2825.6
111,0,0,0,0,0,0,0,0,0,0,0,2825.6
112,0,0,0,0,0,0,0,0,0,0,0,2825.6
113,0,0,0,0,0,0,0,0,0,0,0,2825.6
114,0,0,0,0,0,0,0,0,0,0,0,2825.6
115,0,0,0,0,0,0,0,0,0,0,0,2825.6
116,0,0,0,0,0,0,0,0,0,0,0,2825.6
117,0,0,0,0,0,0,0,0,0,0,0,2825.6
118,0,0,0,0,0,0,0,0,0,0,0,2825.6
119,0,0,0,0,0,0,0,0,0,0,0,2825.6
120,0,0,0,0,0,0,0,0,0,0,0,2825.6
121,0,0,0,0,0,0,0,0,0,0,0,2825.6
122,0,0,0,0,0,0,0,0,0,0,0,2825.6
123,0,0,0,0,0,0,0,0,0,0,0,2825.6
124,0,0,0,0,0,0,0,0,0,0,0,2825.6
125,0,0,0,0,0,0,0,0,0,0,0,2825.6
126,0,0,0,0,0,0,0,0,0,0,0,2825.6
127,0,0,0,0,0,0,0,0,0,0,0,2825.6
128,0,0,0,0,0,0,0,0,0,0,0,2825.6
129,0,0,0,0,0,0,0,0,0,0,0,2825.6
130,0,0,0,0,0,0,0,0,0,0,0,2699.7
131,0,0,0,0,0,0,0,0,0,0,0,2699.7
132,0,0,0,0,0,0,0,0,0,0,0,2699.7
133,0,0,0,0,0,0,0,0,0,0,0,2699.7
134,0,0,0,0,0,0,0,0,0,0,0,2699.7
135,0,0,0,0,0,0,0,0,0,0,0,2699.7
136,0,0,0,0,0,0,0,0,0,0,0,2699.7
137,0,0,0,0,0,0,0,0,0,0,0,2699.7
138,0,0,0,0,0,0,0,0,0,0,0,2699.7
139,0,0,0,0,0,0,0,0,0,0,0,2699.7
140,0,0,0,0,0,0,0,0,0,0,0,2699.7
141,0,0,0,0,0,0,0,0,0,0,0,2699.7
142,0,0,0,0,0,0,0,0,0,0,0,2699.7
143,0,0,0,0,0,0,0,0,0,0,0,2699.7
144,0,0,0,0,0,0,0,0,0,0,0,2699.7
145,0,0,0,0,0,0,0,0,0,0,0,2699.7
146,0,0,0,0,0,0,0,0,0,0,0,2699.7
147,0,0,0,0,0,0,0,0,0,0,0,2699.7
148,0,0,0,0,0,0,0,0,0,0,0,2699.7
149,0,0,0,0,0,0,0,0,0,0,0,2699.7
150,0,0,0,0,0,0,0,0,0,0,0,2699.7
151,0,0,0,0,0,0,0,0,0,0,0,2699.7
152,0,0,0,0,0,0,0,0,0,0,0,2699.7
153,0,0,0,0,0,0,0,0,0,0,0,2699.7
154,0,0,0,0,0,0,0,0,0,0,0,2699.7
155,0,0,0,0,0,0,0,0,0,0,0,2699.7
156,0,0,0,0,0,0,0,0,0,0,0,2699.7
157,0,0,0,0,0,0,0,0,0,0,0,2699.7
158,0,0,0,0,0,0,0,0,0,0,0,2699.7
159,0,0,0,0,0,0,0,0,0,0,0,2699.7
160,0,0,0,0,0,0,0,0,0,0,0,2699.7
161,0,0,0,0,0,0,0,0,0,0,0,2699.7
162,0,0,0,0,0,0,0,0,0,0,0,2699.7
163,0,0,0,0,0,0,0,0,0,0,0,2699.7
164,0,0,0,0,0,0,0,0,0,0,0,2699.7
165,0,0,0,0,0,0,0,0,0,0,0,2699.7
166,0,0,0,0,0,0,0,0,0,0,0,2699.7
167,0,0,0,0,0,0,0,0,0,0,0,2699.7
168,0,0,0,0,0,0,0,0,0,0,0,2699.7
169,0,0,0,0,0,0,0,0,0,0,0,2699.7
170,0,0,0,0,0,0,0,0,0,0,0,2527.7
171,0,0,0,0,0,0,0,0,0,0,0,2527.7
172,0,0,0,0,0,0,0,0,0,0,0,2527.7
173,0,0,0,0,0,0,0,0,0,0,0,2527.7
174,0,0,0,0,0,0,0,0,0,0,0,2527.7
175,0,0,0,0,0,0,0,0,0,0,0,2527.7
176,0,0,0,0,0,0,0,0,0,0,0,2527.7
177,0,0,0,0,0,0,0,0,0,0,0,2527.7
178,0,0,0,0,0,0,0,0,0,0,0,2527.7
179,0,0,0,0,0,0,0,0,0,0,0,2527.7
180,0,0,0,0,0,0,0,0,0,0,0,2527.7
181,0,0,0,0,0,0,0,0,0,0,0,2527.7
182,0,0,0,0,0,0,0,0,0,0,0,2527.7
183,0,0,0,0,0,0,0,0,0,0,0,2527.7
184,0,0,0,0,0,0,0,0,0,0,0,2527.7
185,0,0,0,0,0,0,0,0,0,0,0,2527.7
186,0,0,0,0,0,0,0,0,0,0,0,2527.7
187,0,0,0,0,0,0,0,0,0,0,0,2527.7
188,0,0,0,0,0,0,0,0,0,0,0,2527.7
189,0,0,0,0,0,0,0,0,0,0,0,2527.7
190,0,0,0,0,0,0,0,0,0,0,0,2527.7
191,0,0,0,0,0,0,0,0,0,0,0,2527.7
192,0,0,0,0,0,0,0,0,0,0,0,2527.7
193,0,0,0,0,0,0,0,0,0,0,0,2527.7
194,0,0,0,0,0,0,0,0,0,0,0,2527.7
195,0,0,0,0,0,0,0,0,0,0,0,2527.7
196,0,0,0,0,0,0,0,0,0,0,0,2527.7
197,0,0,0,0,0,0,0,0,0,0,0,2527.7
198,0,0,0,0,0,0,0,0,0,0,0,2527.7
199,0,0,0,0,0,0,0,0,0,0,0,2527.7
200,0,0,0,0,0,0,0,0,0,0,0,2527.7
201,0,0,0,0,0,0,0,0,0,0,0,2527.7
202,0,0,0,0,0,0,0,0,0,0,0,2527.7
203,0,0,0,0,0,0,0,0,0,0,0,2527.7
204,0,0,0,0,0,0,0,0,0,0,0,2527.7
205,0,0,0,0,0,0,0,0,0,0,0,2527.7
206,0,0,0,0,0,0,0,0,0,0,0,2527.7
207,0,0,0,0,0,0,0,0,0,0,0,2527.7
208,0,0,0,0,0,0,0,0,0,0,0,2527.7
209,0,0,0,0,0,0,0,0,0,0,0,2527.7
210,0,0,0,0,0,0,0,0,0,0,0,2473.6
211,0,0,0,0,0,0,0,0,0,0,0,2473.6
212,0,0,0,0,0,0,0,0,0,0,0,2473.6
213,0,0,0,0,0,0,0,0,0,0,0,2473.6
214,0,0,0,0,0,0,0,0,0,0,0,2473.6
215,0,0,0,0,0,0,0,0,0,0,0,2473.6
216,0,0,0,0,0,0,0,0,0,0,0,2473.6
217,0,0,0,0,0,0,0,0,0,0,0,2473.6
218,0,0,0,0,0,0,0,0,0,0,0,2473.6
219,0,0,0,0,0,0,0,0,0,0,0,2473.6
220,0,0,0,0,0,0,0,0,0,0,0,2473.6
221,0,0,0,0,0,0,0,0,0,0,0,2473.6
222,0,0,0,0,0,0,0,0,0,0,0,2473.6
223,0,0,0,0,0,0,0,0,0,0,0,2473.6
224,0,0,0,0,0,0,0,0,0,0,0,2473.6
225,0,0,0,0,0,0,0,0,0,0,0,2473.6
226,0,0,0,0,0,0,0,0,0,0,0,2473.6
227,0,0,0,0,0,0,0,0,0,0,0,2473.6
228,0,0,0,0,0,0,0,0,0,0,0,2473.6
229,0,0,0,0,0,0,0,0,0,0,0,2473.6
230,0,0,0,0,0,0,0,0,0,0,0,2473.6
231,0,0,0,0,0,0,0,0,0,0,0,2473.6
232,0,0,0,0,0,0,0,0,0,0,0,2473.6
233,0,0,0,0,0,0,0,0,0,0,0,2473.6
234,0,0,0,0,0,0,0,0,0,0,0,2473.6
235,0,0,0,0,0,0,0,0,0,0,0,2473.6
236,0,0,0,0,0,0,0,0,0,0,0,2473.6
237,0,0,0,0,0,0,0,0,0,0,0,2473.6
238,0,0,0,0,0,0,0,0,0,0,0,2473.6
239,0,0,0,0,0,0,0,0,0,0,0,2473.6
240,0,0,0,0,0,0,0,0,0,0,0,2473.6
241,0,0,0,0,0,0,0,0,0,0,0,2473.6
242,0,0,0,0,0,0,0,0,0,0,0,2473.6
243,0,0,0,0,0,0,0,0,0,0,0,2473.6
244,0,0,0,0,0,0,0,0,0,0,0,2473.6
245,0,0,0,0,0,0,0,0,0,0,0,2473.6
246,0,0,0,0,0,0,0,0,0,0,0,2473.6
247,0,0,0,0,0,0,0,0,0,0,0,2473.6
248,0,0,0,0,0,0,0,0,0,0,0,2473.6
249,0,0,0,0,0,0,0,0,0,0,0,2473.6
250,0,0,0,0,0,0,0,0,0,0,0,2394.3
251,0,0,0,0,0,0,0,0,0,0,0,2394.3
252,0,0,0,0,0,0,0,0,0,0,0,2394.3
253,0,0,0,0,0,0,0,0,0,0,0,2394.3
254,0,0,0,0,0,0,0,0,0,0,0,2394.3
255,0,0,0,0,0,0,0,0,0,0,0,2394.3
256,0,0,0,0,0,0,0,0,0,0,0,2394.3
257,0,0,0,0,0,0,0,0,0,0,0,2394.3
258,0,0,0,0,0,0,0,0,0,0,0,2394.3
259,0,0,0,0,0,0,0,0,0,0,0,2394.3
260,0,0,0,0,0,0,0,0,0,0,0,2394.3
261,0,0,0,0,0,0,0,0,0,0,0,2394.3
262,0,0,0,0,0,0,0,0,0,0,0,2394.3
263,0,0,0,0,0,0,0,0,0,0,0,2394.3
264,0,0,0,0,0,0,0,0,0,0,0,2394.3
265,0,0,0,0,0,0,0,0,0,0,0,2394.3
266,0,0,0,0,0,0,0,0,0,0,0,2394.3
267,0,0,0,0,0,0,0,0,0,0,0,2394.3
268,0,0,0,0,0,0,0,0,0,0,0,2394.3
269,0,0,0,0,0,0,0,0,0,0,0,2394.3
270,0,0,0,0,0,0,0,0,0,0,0,2394.3
271,0,0,0,0,0,0,0,0,0,0,0,2394.3
272,0,0,0,0,0,0,0,0,0,0,0,2394.3
273,0,0,0,0,0,0,0,0,0,0,0,2394.3
274,0,0,0,0,0,0,0,0,0,0,0,2394.3
275,0,0,0,0,0,0,0,0,0,0,0,2394.3
276,0,0,0,0,0,0,0,0,0,0,0,2394.3
277,0,0,0,0,0,0,0,0,0,0,0,2394.3
278,0,0,0,0,0,0,0,0,0,0,0,2394.3
279,0,0,0,0,0,0,0,0,0,0,0,2394.3
280,0,0,0,0,0,0,0,0,0,0,0,2394.3
281,0,0,0,0,0,0,0,0,0,0,0,2394.3
282,0,0,0,0,0,0,0,0,0,0,0,2394.3
283,0,0,0,0,0,0,0,0,0,0,0,2394.3
284,0,0,0,0,0,0,0,0,0,0,0,2394.3
285,0,0,0,0,0,0,0,0,0,0,0,2394.3
286,0,0,0,0,0,0,0,0,0,0,0,2394.3
287,0,0,0,0,0,0,0,0,0,0,0,2394.3
288,0,0,0,0,0,0,0,0,0,0,0,2394.3
289,0,0,0,0,0,0,0,0,0,0,0,2394.3
290,0,0,0,0,0,0,0,0,0,0,0,2355.5
291,0,0,0,0,0,0,0,0,0,0,0,2355.5
292,0,0,0,0,0,0,0,0,0,0,0,2355.5
293,0,0,0,0,0,0,0,0,0,0,0,2355.5
294,0,0,0,0,0,0,0,0,0,0,0,2355.5
295,0,0,0,0,0,0,0,0,0,0,0,2355.5
296,0,0,0,0,0,0,0,0,0,0,0,2355.5
297,0,0,0,0,0,0,0,0,0,0,0,2355.5
298,0,0,0,0,0,0,0,0,0,0,0,2355.5
299,0,0,0,0,0,0,0,0,0,0,0,2355.5
300,0,0,0,0,0,0,0,0,0,0,0,2355.5
301,0,0,0,0,0,0,0,0,0,0,0,2355.5
302,0,0,0,0,0,0,0,0,0,0,0,2355.5
303,0,0,0,0,0,0,0,0,0,0,0,2355.5
304,0,0,0,0,0,0,0,0,0,0,0,2355.5
305,0,0,0,0,0,0,0,0,0,0,0,2355.5
306,0,0,0,0,0,0,0,0,0,0,0,2355.5
307,0,0,0,0,0,0,0,0,0,0,0,2355.5
308,0,0,0,0,0,0,0,0,0,0,0,2355.5
309,0,0,0,0,0,0,0,0,0,0,0,2355.5
310,0,0,0,0,0,0,0,0,0,0,0,2355.5
311,0,0,0,0,0,0,0,0,0,0,0,2355.5
312,0,0,0,0,0,0,0,0,0,0,0,2355.5
313,0,0,0,0,0,0,0,0,0,0,0,2355.5
314,0,0,0,0,0,0,0,0,0,0,0,2355.5
315,0,0,0,0,0,0,0,0,0,0,0,2355.5
316,0,0,0,0,0,0,0,0,0,0,0,2355.5
317,0,0,0,0,0,0,0,0,0,0,0,2355.5
318,0,0,0,0,0,0,0,0,0,0,0,2355.5
319,0,0,0,0,0,0,0,0,0,0,0,2355.5
320,0,0,0,0,0,0,0,0,0,0,0,2355.5
321,0,0,0,0,0,0,0,0,0,0,0,2355.5
322,0,0,0,0,0,0,0,0,0,0,0,2355.5
323,0,0,0,0,0,0,0,0,0,0,0,2355.5
324,0,0,0,0,0,0,0,0,0,0,0,2355.5
325,0,0,0,0,0,0,0,0,0,0,0,2355.5
326,0,0,0,0,0,0,0,0,0,0,0,2355.5
327,0,0,0,0,0,0,0,0,0,0,0,2355.5
328,0,0,0,0,0,0,0,0,0,0,0,2355.5
329,0,0,0,0,0,0,0,0,0,0,0,2355.5
330,0,0,0,0,0,0,0,0,0,0,0,2344.8
331,0,0,0,0,0,0,0,0,0,0,0,2344.8
332,0,0,0,0,0,0,0,0,0,0,0,2344.8
333,0,0,0,0,0,0,0,0,0,0,0,2344.8
334,0,0,0,0,0,0,0,0,0,0,0,2344.8
335,0,0,0,0,0,0,0,0,0,0,0,2344.8
336,0,0,0,0,0,0,0,0,0,0,0,2344.8
337,0,0,0,0,0,0,0,0,0,0,0,2344.8
338,0,0,0,0,0,0,0,0,0,0,0,2344.8
339,0,0,0,0,0,0,0,0,0,0,0,2344.8
340,0,0,0,0,0,0,0,0,0,0,0,2344.8
341,0,0,0,0,0,0,0,0,0,0,0,2344.8
342,0,0,0,0,0,0,0,0,0,0,0,2344.8
343,0,0,0,0,0,0,0,0,0,0,0,2344.8
344,0,0,0,0,0,0,0,0,0,0,0,2344.8
345,0,0,0,0,0,0,0,0,0,0,0,2344.8
346,0,0,0,0,0,0,0,0,0,0,0,2344.8
347,0,0,0,0,0,0,0,0,0,0,0,2344.8
348,0,0,0,0,0,0,0,0,0,0,0,2344.8
349,0,0,0,0,0,0,0,0,0,0,0,2344.8
350,0,0,0,0,0,0,0,0,0,0,0,2344.8
351,0,0,0,0,0,0,0,0,0,0,0,2344.8
352,0,0,0,0,0,0,0,0,0,0,0,2344.8
353,0,0,0,0,0,0,0,0,0,0,0,2344.8
354,0,0,0,0,0,0,0,0,0,0,0,2344.8
355,0,0,0,0,0,0,0,0,0,0,0,2344.8
356,0,0,0,0,0,0,0,0,0,0,0,2344.8
357,0,0,0,0,0,0,0,0,0,0,0,2344.8
358,0,0,0,0,0,0,0,0,0,0,0,2344.8
359,0,0,0,0,0,0,0,0,0,0,0,2344.8
360,0,0,0,0,0,0,0,0,0,0,0,2344.8
361,0,0,0,0,0,0,0,0,0,0,0,2344.8
362,0,0,0,0,0,0,0,0,0,0,0,2344.8
363,0,0,0,0,0,0,0,0,0,0,0,2344.8
364,0,0,0,0,0,0,0,0,0,0,0,2344.8
365,0,0,0,0,0,0,0,0,0,0,0,2344.8
366,0,0,0,0,0,0,0,0,0,0,0,2344.8
367,0,0,0,0,0,0,0,0,0,0,0,2344.8
368,0,0,0,0,0,0,0,0,0,0,0,2344.8
369,0,0,0,0,0,0,0,0,0,0,0,2344.8
370,0,0,0,0,0,0,0,0,0,0,0,2220.6
371,0,0,0,0,0,0,0,0,0,0,0,2220.6
372,0,0,0,0,0,0,0,0,0,0,0,2220.6
373,0,0,0,0,0,0,0,0,0,0,0,2220.6
374,0,0,0,0,0,0,0,0,0,0,0,2220.6
375,0,0,0,0,0,0,0,0,0,0,0,2220.6
376,0,0,0,0,0,0,0,0,0,0,0,2220.6
377,0,0,0,0,0,0,0,0,0,0,0,2220.6
378,0,0,0,0,0,0,0,0,0,0,0,2220.6
379,0,0,0,0,0,0,0,0,0,0,0,2220.6
380,0,0,0,0,0,0,0,0,0,0,0,2220.6
381,0,0,0,0,0,0,0,0,0,0,0,2220.6
382,0,0,0,0,0,0,0,0,0,0,0,2220.6
383,0,0,0,0,0,0,0,0,0,0,0,2220.6
384,0,0,0,0,0,0,0,0,0,0,0,2220.6
385,0,0,0,0,0,0,0,0,0,0,0,2220.6
386,0,0,0,0,0,0,0,0,0,0,0,2220.6
387,0,0,0,0,0,0,0,0,0,0,0,2220.6
388,0,0,0,0,0,0,0,0,0,0,0,2220.6
389,0,0,0,0,0,0,0,0,0,0,0,2220.6
390,0,0,0,0,0,0,0,0,0,0,0,2220.6
391,0,0,0,0,0,0,0,0,0,0,0,2220.6
392,0,0,0,0,0,0,0,0,0,0,0,2220.6
393,0,0,0,0,0,0,0,0,0,0,0,2220.6
394,0,0,0,0,0,0,0,0,0,0,0,2220.6
395,0,0,0,0,0,0,0,0,0,0,0,2220.6
396,0,0,0,0,0,0,0,0,0,0,0,2220.6
397,0,0,0,0,0,0,0,0,0,0,0,2220.6
398,0,0,0,0,0,0,0,0,0,0,0,2220.6
399,0,0,0,0,0,0,0,0,0,0,0,2220.6
400,0,0,0,0,0,0,0,0,0,0,0,2220.6
401,0,0,0,0,0,0,0,0,0,0,0,2220.6
402,0,0,0,0,0,0,0,0,0,0,0,2220.6
403,0,0,0,0,0,0,0,0,0,0,0,2220.6
404,0,0,0,0,0,0,0,0,0,0,0,2220.6
405,0,0,0,0,0,0,0,0,0,0,0,2220.6
406,0,0,0,0,0,0,0,0,0,0,0,2220.6
407,0,0,0,0,0,0,0,0,0,0,0,2220.6
408,0,0,0,0,0,0,0,0,0,0,0,2220.6
409,0,0,0,0,0,0,0,0,0,0,0,2220.6
410,0,0,0,0,0,0,0,0,0,0,0,2086.6
411,0,0,0,0,0,0,0,0,0,0,0,2086.6
412,0,0,0,0,0,0,0,0,0,0,0,2086.6
413,0,0,0,0,0,0,0,0,0,0,0,2086.6
414,0,0,0,0,0,0,0,0,0,0,0,2086.6
415,0,0,0,0,0,0,0,0,0,0,0,2086.6
416,0,0,0,0,0,0,0,0,0,0,0,2086.6
417,0,0,0,0,0,0,0,0,0,0,0,2086.6
418,0,0,0,0,0,0,0,0,0,0,0,2086.6
419,0,0,0,0,0,0,0,0,0,0,0,2086.6
420,0,0,0,0,0,0,0,0,0,0,0,2086.6
421,0,0,0,0,0,0,0,0,0,0,0,2086.6
422,0,0,0,0,0,0,0,0,0,0,0,2086.6
423,0,0,0,0,0,0,0,0,0,0,0,2086.6
424,0,0,0,0,0,0,0,0,0,0,0,2086.6
425,0,0,0,0,0,0,0,0,0,0,0,2086.6
426,0,0,0,0,0,0,0,0,0,0,0,2086.6
427,0,0,0,0,0,0,0,0,0,0,0,2086.6
428,0,0,0,0,0,0,0,0,0,0,0,2086.6
429,0,0,0,0,0,0,0,0,0,0,0,2086.6
430,0,0,0,0,0,0,0,0,0,0,0,2086.6
431,0,0,0,0,0,0,0,0,0,0,0,2086.6
432,0,0,0,0,0,0,0,0,0,0,0,2086.6
433,0,0,0,0,0,0,0,0,0,0,0,2086.6
434,0,0,0,0,0,0,0,0,0,0,0,2086.6
435,0,0,0,0,0,0,0,0,0,0,0,2086.6
436,0,0,0,0,0,0,0,0,0,0,0,2086.6
437,0,0,0,0,0,0,0,0,0,0,0,2086.6
438,0,0,0,0,0,0,0,0,0,0,0,2086.6
439,0,0,0,0,0,0,0,0,0,0,0,2086.6
440,0,0,0,0,0,0,0,0,0,0,0,2086.6
441,0,0,0,0,0,0,0,0,0,0,0,2086.6
442,0,0,0,0,0,0,0,0,0,0,0,2086.6
443,0,0,0,0,0,0,0,0,0,0,0,2086.6
444,0,0,0,0,0,0,0,0,0,0,0,2086.6
445,0,0,0,0,0,0,0,0,0,0,0,2086.6
446,0,0,0,0,0,0,0,0,0,0,0,2086.6
447,0,0,0,0,0,0,0,0,0,0,0,2086.6
448,0,0,0,0,0,0,0,0,0,0,0,2086.6
449,0,0,0,0,0,0,0,0,0,0,0,2086.6
450,0,0,0,0,0,0,0,0,0,0,0,2064.2
451,0,0,0,0,0,0,0,0,0,0,0,2064.2
452,0,0,0,0,0,0,0,0,0,0,0,2064.2
453,0,0,0,0,0,0,0,0,0,0,0,2064.2
454,0,0,0,0,0,0,0,0,0,0,0,2064.2
455,0,0,0,0,0,0,0,0,0,0,0,2064.2
456,0,0,0,0,0,0,0,0,0,0,0,2064.2
457,0,0,0,0,0,0,0,0,0,0,0,2064.2
458,0,0,0,0,0,0,0,0,0,0,0,2064.2
459,0,0,0,0,0,0,0,0,0,0,0,2064.2
460,0,0,0,0,0,0,0,0,0,0,0,2064.2
461,0,0,0,0,0,0,0,0,0,0,0,2064.2
462,0,0,0,0,0,0,0,0,0,0,0,2064.2
463,0,0,0,0,0,0,0,0,0,0,0,2064.2
464,0,0,0,0,0,0,0,0,0,0,0,2064.2
465,0,0,0,0,0,0,0,0,0,0,0,2064.2
466,0,0,0,0,0,0,0,0,0,0,0,2064.2
467,0,0,0,0,0,0,0,0,0,0,0,2064.2
468,0,0,0,0,0,0,0,0,0,0,0,2064.2
469,0,0,0,0,0,0,0,0,0,0,0,2064.2
470,0,0,0,0,0,0,0,0,0,0,0,2064.2
471,0,0,0,0,0,0,0,0,0,0,0,2064.2
472,0,0,0,0,0,0,0,0,0,0,0,2064.2
473,0,0,0,0,0,0,0,0,0,0,0,2064.2
474,0,0,0,0,0,0,0,0,0,0,0,2064.2
475,0,0,0,0,0,0,0,0,0,0,0,2064.2
476,0,0,0,0,0,0,0,0,0,0,0,2064.2
477,0,0,0,0,0,0,0,0,0,0,0,2064.2
478,0,0,0,0,0,0,0,0,0,0,0,2064.2
479,0,0,0,0,0,0,0,0,0,0,0,2064.2
480,0,0,0,0,0,0,0,0,0,0,0,2064.2
481,0,0,0,0,0,0,0,0,0,0,0,2064.2
482,0,0,0,0,0,0,0,0,0,0,0,2064.2
483,0,0,0,0,0,0,0,0,0,0,0,2064.2
484,0,0,0,0,0,0,0,0,0,0,0,2064.2
485,0,0,0,0,0,0,0,0,0,0,0,2064.2
486,0,0,0,0,0,0,0,0,0,0,0,2064.2
487,0,0,0,0,0,0,0,0,0,0,0,2064.2
488,0,0,0,0,0,0,0,0,0,0,0,2064.2
489,0,0,0,0,0,0,0,0,0,0,0,2064.2
490,0,0,0,0,0,0,0,0,0,0,0,2058
491,0,0,0,0,0,0,0,0,0,0,0,2058
492,0,0,0,0,0,0,0,0,0,0,0,2058
493,0,0,0,0,0,0,0,0,0,0,0,2058
494,0,0,0,0,0,0,0,0,0,0,0,2058
495,0,0,0,0,0,0,0,0,0,0,0,2058
496,0,0,0,0,0,0,0,0,0,0,0,2058
497,0,0,0,0,0,0,0,0,0,0,0,2058
498,0,0,0,0,0,0,0,0,0,0,0,2058
499,0,0,0,0,0,0,0,0,0,0,0,2058
500,0,0,0,0,0,0,0,0,0,0,0,2058
501,0,0,0,0,0,0,0,0,0,0,0,2058
502,0,0,0,0,0,0,0,0,0,0,0,2058
503,0,0,0,0,0,0,0,0,0,0,0,2058
504,0,0,0,0,0,0,0,0,0,0,0,2058
505,0,0,0,0,0,0,0,0,0,0,0,2058
506,0,0,0,0,0,0,0,0,0,0,0,2058
507,0,0,0,0,0,0,0,0,0,0,0,2058
508,0,0,0,0,0,0,0,0,0,0,0,2058
509,0,0,0,0,0,0,0,0,0,0,0,2058
510,0,0,0,0,0,0,0,0,0,0,0,2058
511,0,0,0,0,0,0,0,0,0,0,0,2058
512,0,0,0,0,0,0,0,0,0,0,0,2058
513,0,0,0,0,0,0,0,0,0,0,0,2058
514,0,0,0,0,0,0,0,0,0,0,0,2058
515,0,0,0,0,0,0,0,0,0,0,0,2058
516,0,0,0,0,0,0,0,0,0,0,0,2058
517,0,0,0,0,0,0,0,0,0,0,0,2058
518,0,0,0,0,0,0,0,0,0,0,0,2058
519,0,0,0,0,0,0,0,0,0,0,0,2058
520,0,0,0,0,0,0,0,0,0,0,0,2058
521,0,0,0,0,0,0,0,0,0,0,0,2058
522,0,0,0,0,0,0,0,0,0,0,0,2058
523,0,0,0,0,0,0,0,0,0,0,0,2058
524,0,0,0,0,0,0,0,0,0,0,0,2058
525,0,0,0,0,0,0,0,0,0,0,0,2058
526,0,0,0,0,0,0,0,0,0,0,0,2058
527,0,0,0,0,0,0,0,0,0,0,0,2058
528,0,0,0,0,0,0,0,0,0,0,0,2058
529,0,0,0,0,0,0,0,0,0,0,0,2058
530,0,0,0,0,0,0,0,0,0,0,0,2026.8
531,0,0,0,0,0,0,0,0,0,0,0,2026.8
532,0,0,0,0,0,0,0,0,0,0,0,2026.8
533,0,0,0,0,0,0,0,0,0,0,0,2026.8
534,0,0,0,0,0,0,0,0,0,0,0,2026.8
535,0,0,0,0,0,0,0,0,0,0,0,2026.8
536,0,0,0,0,0,0,0,0,0,0,0,2026.8
537,0,0,0,0,0,0,0,0,0,0,0,2026.8
538,0,0,0,0,0,0,0,0,0,0,0,2026.8
539,0,0,0,0,0,0,0,0,0,0,0,2026.8
540,0,0,0,0,0,0,0,0,0,0,0,2026.8
541,0,0,0,0,0,0,0,0,0,0,0,2026.8
542,0,0,0,0,0,0,0,0,0,0,0,2026.8
543,0,0,0,0,0,0,0,0,0,0,0,2026.8
544,0,0,0,0,0,0,0,0,0,0,0,2026.8
545,0,0,0,0,0,0,0,0,0,0,0,2026.8
546,0,0,0,0,0,0,0,0,0,0,0,2026.8
547,0,0,0,0,0,0,0,0,0,0,0,2026.8
548,0,0,0,0,0,0,0,0,0,0,0,2026.8
549,0,0,0,0,0,0,0,0,0,0,0,2026.8
550,0,0,0,0,0,0,0,0,0,0,0,2026.8
551,0,0,0,0,0,0,0,0,0,0,0,2026.8
552,0,0,0,0,0,0,0,0,0,0,0,2026.8
553,0,0,0,0,0,0,0,0,0,0,0,2026.8
554,0,0,0,0,0,0,0,0,0,0,0,2026.8
555,0,0,0,0,0,0,0,0,0,0,0,2026.8
556,0,0,0,0,0,0,0,0,0,0,0,2026.8
557,0,0,0,0,0,0,0,0,0,0,0,2026.8
558,0,0,0,0,0,0,0,0,0,0,0,2026.8
559,0,0,0,0,0,0,0,0,0,0,0,2026.8
560,0,0,0,0,0,0,0,0,0,0,0,2026.8
561,0,0,0,0,0,0,0,0,0,0,0,2026.8
562,0,0,0,0,0,0,0,0,0,0,0,2026.8
563,0,0,0,0,0,0,0,0,0,0,0,2026.8
564,0,0,0,0,0,0,0,0,0,0,0,2026.8
565,0,0,0,0,0,0,0,0,0,0,0,2026.8
566,0,0,0,0,0,0,0,0,0,0,0,2026.8
567,0,0,0,0,0,0,0,0,0,0,0,2026.8
568,0,0,0,0,0,0,0,0,0,0,0,2026.8
569,0,0,0,0,0,0,0,0,0,0,0,2026.8
570,0,0,0,0,0,0,0,0,0,0,0,1943.4
571,0,0,0,0,0,0,0,0,0,0,0,1943.4
572,0,0,0,0,0,0,0,0,0,0,0,1943.4
573,0,0,0,0,0,0,0,0,0,0,0,1943.4
574,0,0,0,0,0,0,0,0,0,0,0,1943.4
575,0,0,0,0,0,0,0,0,0,0,0,1943.4
576,0,0,0,0,0,0,0,0,0,0,0,1943.4
577,0,0,0,0,0,0,0,0,0,0,0,1943.4
578,0,0,0,0,0,0,0,0,0,0,0,1943.4
579,0,0,0,0,0,0,0,0,0,0,0,1943.4
580,0,0,0,0,0,0,0,0,0,0,0,1943.4
581,0,0,0,0,0,0,0,0,0,0,0,1943.4
582,0,0,0,0,0,0,0,0,0,0,0,1943.4
583,0,0,0,0,0,0,0,0,0,0,0,1943.4
584,0,0,0,0,0,0,0,0,0,0,0,1943.4
585,0,0,0,0,0,0,0,0,0,0,0,1943.4
586,0,0,0,0,0,0,0,0,0,0,0,1943.4
587,0,0,0,0,0,0,0,0,0,0,0,1943.4
588,0,0,0,0,0,0,0,0,0,0,0,1943.4
589,0,0,0,0,0,0,0,0,0,0,0,1943.4
590,0,0,0,0,0,0,0,0,0,0,0,1943.4
591,0,0,0,0,0,0,0,0,0,0,0,1943.4
592,0,0,0,0,0,0,0,0,0,0,0,1943.4
593,0,0,0,0,0,0,0,0,0,0,0,1943.4
594,0,0,0,0,0,0,0,0,0,0,0,1943.4
595,0,0,0,0,0,0,0,0,0,0,0,1943.4
596,0,0,0,0,0,0,0,0,0,0,0,1943.4
597,0,0,0,0,0,0,0,0,0,0,0,1943.4
598,0,0,0,0,0,0,0,0,0,0,0,1943.4
599,0,0,0,0,0,0,0,0,0,0,0,1943.4
600,0,0,0,0,0,0,0,0,0,0,0,1943.4
601,0,0,0,0,0,0,0,0,0,0,0,1943.4
602,0,0,0,0,0,0,0,0,0,0,0,1943.4
603,0,0,0,0,0,0,0,0,0,0,0,1943.4
604,0,0,0,0,0,0,0,0,0,0,0,1943.4
605,0,0,0,0,0,0,0,0,0,0,0,1943.4
606,0,0,0,0,0,0,0,0,0,0,0,1943.4
607,0,0,0,0,0,0,0,0,0,0,0,1943.4
608,0,0,0,0,0,0,0,0,0,0,0,1943.4
609,0,0,0,0,0,0,0,0,0,0,0,1943.4
610,0,0,0,0,0,0,0,0,0,0,0,1941.5
611,0,0,0,0,0,0,0,0,0,0,0,1941.5
612,0,0,0,0,0,0,0,0,0,0,0,1941.5
613,0,0,0,0,0,0,0,0,0,0,0,1941.5
614,0,0,0,0,0,0,0,0,0,0,0,1941.5
615,0,0,0,0,0,0,0,0,0,0,0,1941.5
616,0,0,0,0,0,0,0,0,0,0,0,1941.5
617,0,0,0,0,0,0,0,0,0,0,0,1941.5
618,0,0,0,0,0,0,0,0,0,0,0,1941.5
619,0,0,0,0,0,0,0,0,0,0,0,1941.5
620,0,0,0,0,0,0,0,0,0,0,0,1941.5
621,0,0,0,0,0,0,0,0,0,0,0,1941.5
622,0,0,0,0,0,0,0,0,0,0,0,1941.5
623,0,0,0,0,0,0,0,0,0,0,0,1941.5
624,0,0,0,0,0,0,0,0,0,0,0,1941.5
625,0,0,0,0,0,0,0,0,0,0,0,1941.5
626,0,0,0,0,0,0,0,0,0,0,0,1941.5
627,0,0,0,0,0,0,0,0,0,0,0,1941.5
628,0,0,0,0,0,0,0,0,0,0,0,1941.5
629,0,0,0,0,0,0,0,0,0,0,0,1941.5
630,0,0,0,0,0,0,0,0,0,0,0,1941.5
631,0,0,0,0,0,0,0,0,0,0,0,1941.5
632,0,0,0,0,0,0,0,0,0,0,0,1941.5
633,0,0,0,0,0,0,0,0,0,0,0,1941.5
634,0,0,0,0,0,0,0,0,0,0,0,1941.5
635,0,0,0,0,0,0,0,0,0,0,0,1941.5
636,0,0,0,0,0,0,0,0,0,0,0,1941.5
637,0,0,0,0,0,0,0,0,0,0,0,1941.5
638,0,0,0,0,0,0,0,0,0,0,0,1941.5
639,0,0,0,0,0,0,0,0,0,0,0,1941.5
640,0,0,0,0,0,0,0,0,0,0,0,1941.5
641,0,0,0,0,0,0,0,0,0,0,0,1941.5
642,0,0,0,0,0,0,0,0,0,0,0,1941.5
643,0,0,0,0,0,0,0,0,0,0,0,1941.5
644,0,0,0,0,0,0,0,0,0,0,0,1941.5
645,0,0,0,0,0,0,0,0,0,0,0,1941.5
646,0,0,0,0,0,0,0,0,0,0,0,1941.5
647,0,0,0,0,0,0,0,0,0,0,0,1941.5
648,0,0,0,0,0,0,0,0,0,0,0,1941.5
649,0,0,0,0,0,0,0,0,0,0,0,1941.5
650,0,0,0,0,0,0,0,0,0,0,0,1922.5
651,0,0,0,0,0,0,0,0,0,0,0,1922.5
652,0,0,0,0,0,0,0,0,0,0,0,1922.5
653,0,0,0,0,0,0,0,0,0,0,0,1922.5
654,0,0,0,0,0,0,0,0,0,0,0,1922.5
655,0,0,0,0,0,0,0,0,0,0,0,1922.5
656,0,0,0,0,0,0,0,0,0,0,0,1922.5
657,0,0,0,0,0,0,0,0,0,0,0,1922.5
658,0,0,0,0,0,0,0,0,0,0,0,1922.5
659,0,0,0,0,0,0,0,0,0,0,0,1922.5
660,0,0,0,0,0,0,0,0,0,0,0,1922.5
661,0,0,0,0,0,0,0,0,0,0,0,1922.5
662,0,0,0,0,0,0,0,0,0,0,0,1922.5
663,0,0,0,0,0,0,0,0,0,0,0,1922.5
664,0,0,0,0,0,0,0,0,0,0,0,1922.5
665,0,0,0,0,0,0,0,0,0,0,0,1922.5
666,0,0,0,0,0,0,0,0,0,0,0,1922.5
667,0,0,0,0,0,0,0,0,0,0,0,1922.5
668,0,0,0,0,0,0,0,0,0,0,0,1922.5
669,0,0,0,0,0,0,0,0,0,0,0,1922.5
670,0,0,0,0,0,0,0,0,0,0,0,1922.5
671,0,0,0,0,0,0,0,0,0,0,0,1922.5
672,0,0,0,0,0,0,0,0,0,0,0,1922.5
673,0,0,0,0,0,0,0,0,0,0,0,1922.5
674,0,0,0,0,0,0,0,0,0,0,0,1922.5
675,0,0,0,0,0,0,0,0,0,0,0,1922.5
676,0,0,0,0,0,0,0,0,0,0,0,1922.5
677,0,0,0,0,0,0,0,0,0,0,0,1922.5
678,0,0,0,0,0,0,0,0,0,0,0,1922.5
679,0,0,0,0,0,0,0,0,0,0,0,1922.5
680,0,0,0,0,0,0,0,0,0,0,0,1922.5
681,0,0,0,0,0,0,0,0,0,0,0,1922.5
682,0,0,0,0,0,0,0,0,0,0,0,1922.5
683,0,0,0,0,0,0,0,0,0,0,0,1922.5
684,0,0,0,0,0,0,0,0,0,0,0,1922.5
685,0,0,0,0,0,0,0,0,0,0,0,1922.5
686,0,0,0,0,0,0,0,0,0,0,0,1922.5
687,0,0,0,0,0,0,0,0,0,0,0,1922.5
688,0,0,0,0,0,0,0,0,0,0,0,1922.5
689,0,0,0,0,0,0,0,0,0,0,0,1922.5
690,0,0,0,0,0,0,0,0,0,0,0,1904.7
691,0,0,0,0,0,0,0,0,0,0,0,1904.7
692,0,0,0,0,0,0,0,0,0,0,0,1904.7
693,0,0,0,0,0,0,0,0,0,0,0,1904.7
694,0,0,0,0,0,0,0,0,0,0,0,1904.7
695,0,0,0,0,0,0,0,0,0,0,0,1904.7
696,0,0,0,0,0,0,0,0,0,0,0,1904.7
697,0,0,0,0,0,0,0,0,0,0,0,1904.7
698,0,0,0,0,0,0,0,0,0,0,0,1904.7
699,0,0,0,0,0,0,0,0,0,0,0,1904.7
700,0,0,0,0,0,0,0,0,0,0,0,1904.7
701,0,0,0,0,0,0,0,0,0,0,0,1904.7
702,0,0,0,0,0,0,0,0,0,0,0,1904.7
703,0,0,0,0,0,0,0,0,0,0,0,1904.7
704,0,0,0,0,0,0,0,0,0,0,0,1904.7
705,0,0,0,0,0,0,0,0,0,0,0,1904.7
706,0,0,0,0,0,0,0,0,0,0,0,1904.7
707,0,0,0,0,0,0,0,0,0,0,0,1904.7
708,0,0,0,0,0,0,0,0,0,0,0,1904.7
709,0,0,0,0,0,0,0,0,0,0,0,1904.7
710,0,0,0,0,0,0,0,0,0,0,0,1904.7
711,0,0,0,0,0,0,0,0,0,0,0,1904.7
712,0,0,0,0,0,0,0,0,0,0,0,1904.7
713,0,0,0,0,0,0,0,0,0,0,0,1904.7
714,0,0,0,0,0,0,0,0,0,0,0,1904.7
715,0,0,0,0,0,0,0,0,0,0,0,1904.7
716,0,0,0,0,0,0,0,0,0,0,0,1904.7
717,0,0,0,0,0,0,0,0,0,0,0,1904.7
718,0,0,0,0,0,0,0,0,0,0,0,1904.7
719,0,0,0,0,0,0,0,0,0,0,0,1904.7
720,0,0,0,0,0,0,0,0,0,0,0,1904.7
721,0,0,0,0,0,0,0,0,0,0,0,1904.7
722,0,0,0,0,0,0,0,0,0,0,0,1904.7
723,0,0,0,0,0,0,0,0,0,0,0,1904.7
724,0,0,0,0,0,0,0,0,0,0,0,1904.7
725,0,0,0,0,0,0,0,0,0,0,0,1904.7
726,0,0,0,0,0,0,0,0,0,0,0,1904.7
727,0,0,0,0,0,0,0,0,0,0,0,1904.7
728,0,0,0,0,0,0,0,0,0,0,0,1904.7
729,0,0,0,0,0,0,0,0,0,0,0,1904.7
730,0,0,0,0,0,0,0,0,0,0,0,1860.3
731,0,0,0,0,0,0,0,0,0,0,0,1860.3
732,0,0,0,0,0,0,0,0,0,0,0,1860.3
733,0,0,0,0,0,0,0,0,0,0,0,1860.3
734,0,0,0,0,0,0,0,0,0,0,0,1860.3
735,0,0,0,0,0,0,0,0,0,0,0,1860.3
736,0,0,0,0,0,0,0,0,0,0,0,1860.3
737,0,0,0,0,0,0,0,0,0,0,0,1860.3
738,0,0,0,0,0,0,0,0,0,0,0,1860.3
739,0,0,0,0,0,0,0,0,0,0,0,1860.3
740,0,0,0,0,0,0,0,0,0,0,0,1860.3
741,0,0,0,0,0,0,0,0,0,0,0,1860.3
742,0,0,0,0,0,0,0,0,0,0,0,1860.3
743,0,0,0,0,0,0,0,0,0,0,0,1860.3
744,0,0,0,0,0,0,0,0,0,0,0,1860.3
745,0,0,0,0,0,0,0,0,0,0,0,1860.3
746,0,0,0,0,0,0,0,0,0,0,0,1860.3
747,0,0,0,0,0,0,0,0,0,0,0,1860.3
748,0,0,0,0,0,0,0,0,0,0,0,1860.3
749,0,0,0,0,0,0,0,0,0,0,0,1860.3
750,0,0,0,0,0,0,0,0,0,0,0,1860.3
751,0,0,0,0,0,0,0,0,0,0,0,1860.3
752,0,0,0,0,0,0,0,0,0,0,0,1860.3
753,0,0,0,0,0,0,0,0,0,0,0,1860.3
754,0,0,0,0,0,0,0,0,0,0,0,1860.3
755,0,0,0,0,0,0,0,0,0,0,0,1860.3
756,0,0,0,0,0,0,0,0,0,0,0,1860.3
757,0,0,0,0,0,0,0,0,0,0,0,1860.3
758,0,0,0,0,0,0,0,0,0,0,0,1860.3
759,0,0,0,0,0,0,0,0,0,0,0,1860.3
760,0,0,0,0,0,0,0,0,0,0,0,1860.3
761,0,0,0,0,0,0,0,0,0,0,0,1860.3
762,0,0,0,0,0,0,0,0,0,0,0,1860.3
763,0,0,0,0,0,0,0,0,0,0,0,1860.3
764,0,0,0,0,0,0,0,0,0,0,0,1860.3
765,0,0,0,0,0,0,0,0,0,0,0,1860.3
766,0,0,0,0,0,0,0,0,0,0,0,1860.3
767,0,0,0,0,0,0,0,0,0,0,0,1860.3
768,0,0,0,0,0,0,0,0,0,0,0,1860.3
769,0,0,0,0,0,0,0,0,0,0,0,1860.3
770,0,0,0,0,0,0,0,0,0,0,0,1842.2
771,0,0,0,0,0,0,0,0,0,0,0,1842.2
772,0,0,0,0,0,0,0,0,0,0,0,1842.2
773,0,0,0,0,0,0,0,0,0,0,0,1842.2
774,0,0,0,0,0,0,0,0,0,0,0,1842.2
775,0,0,0,0,0,0,0,0,0,0,0,1842.2
776,0,0,0,0,0,0,0,0,0,0,0,1842.2
777,0,0,0,0,0,0,0,0,0,0,0,1842.2
778,0,0,0,0,0,0,0,0,0,0,0,1842.2
779,0,0,0,0,0,0,0,0,0,0,0,1842.2
780,0,0,0,0,0,0,0,0,0,0,0,1842.2
781,0,0,0,0,0,0,0,0,0,0,0,1842.2
782,0,0,0,0,0,0,0,0,0,0,0,1842.2
783,0,0,0,0,0,0,0,0,0,0,0,1842.2
784,0,0,0,0,0,0,0,0,0,0,0,1842.2
785,0,0,0,0,0,0,0,0,0,0,0,1842.2
786,0,0,0,0,0,0,0,0,0,0,0,1842.2
787,0,0,0,0,0,0,0,0,0,0,0,1842.2
788,0,0,0,0,0,0,0,0,0,0,0,1842.2
789,0,0,0,0,0,0,0,0,0,0,0,1842.2
790,0,0,0,0,0,0,0,0,0,0,0,1842.2
791,0,0,0,0,0,0,0,0,0,0,0,1842.2
792,0,0,0,0,0,0,0,0,0,0,0,1842.2
793,0,0,0,0,0,0,0,0,0,0,0,1842.2
794,0,0,0,0,0,0,0,0,0,0,0,1842.2
795,0,0,0,0,0,0,0,0,0,0,0,1842.2
796,0,0,0,0,0,0,0,0,0,0,0,1842.2
797,0,0,0,0,0,0,0,0,0,0,0,1842.2
798,0,0,0,0,0,0,0,0,0,0,0,1842.2
799,0,0,0,0,0,0,0,0,0,0,0,1842.2
800,0,0,0,0,0,0,0,0,0,0,0,1842.2
801,0,0,0,0,0,0,0,0,0,0,0,1842.2
802,0,0,0,0,0,0,0,0,0,0,0,1842.2
803,0,0,0,0,0,0,0,0,0,0,0,1842.2
804,0,0,0,0,0,0,0,0,0,0,0,1842.2
805,0,0,0,0,0,0,0,0,0,0,0,1842.2
806,0,0,0,0,0,0,0,0,0,0,0,1842.2
807,0,0,0,0,0,0,0,0,0,0,0,1842.2
808,0,0,0,0,0,0,0,0,0,0,0,1842.2
809,0,0,0,0,0,0,0,0,0,0,0,1842.2
810,0,0,0,0,0,0,0,0,0,0,0,1821.1
811,0,0,0,0,0,0,0,0,0,0,0,1821.1
812,0,0,0,0,0,0,0,0,0,0,0,1821.1
813,0,0,0,0,0,0,0,0,0,0,0,1821.1
814,0,0,0,0,0,0,0,0,0,0,0,1821.1
815,0,0,0,0,0,0,0,0,0,0,0,1821.1
816,0,0,0,0,0,0,0,0,0,0,0,1821.1
817,0,0,0,0,0,0,0,0,0,0,0,1821.1
818,0,0,0,0,0,0,0,0,0,0,0,1821.1
819,0,0,0,0,0,0,0,0,0,0,0,1821.1
820,0,0,0,0,0,0,0,0,0,0,0,1821.1
821,0,0,0,0,0,0,0,0,0,0,0,1821.1
822,0,0,0,0,0,0,0,0,0,0,0,1821.1
823,0,0,0,0,0,0,0,0,0,0,0,1821.1
824,0,0,0,0,0,0,0,0,0,0,0,1821.1
825,0,0,0,0,0,0,0,0,0,0,0,1821.1
826,0,0,0,0,0,0,0,0,0,0,0,1821.1
827,0,0,0,0,0,0,0,0,0,0,0,1821.1
828,0,0,0,0,0,0,0,0,0,0,0,1821.1
829,0,0,0,0,0,0,0,0,0,0,0,1821.1
830,0,0,0,0,0,0,0,0,0,0,0,1821.1
831,0,0,0,0,0,0,0,0,0,0,0,1821.1
832,0,0,0,0,0,0,0,0,0,0,0,1821.1
833,0,0,0,0,0,0,0,0,0,0,0,1821.1
834,0,0,0,0,0,0,0,0,0,0,0,1821.1
835,0,0,0,0,0,0,0,0,0,0,0,1821.1
836,0,0,0,0,0,0,0,0,0,0,0,1821.1
837,0,0,0,0,0,0,0,0,0,0,0,1821.1
838,0,0,0,0,0,0,0,0,0,0,0,1821.1
839,0,0,0,0,0,0,0,0,0,0,0,1821.1
840,0,0,0,0,0,0,0,0,0,0,0,1821.1
841,0,0,0,0,0,0,0,0,0,0,0,1821.1
842,0,0,0,0,0,0,0,0,0,0,0,1821.1
843,0,0,0,0,0,0,0,0,0,0,0,1821.1
844,0,0,0,0,0,0,0,0,0,0,0,1821.1
845,0,0,0,0,0,0,0,0,0,0,0,1821.1
846,0,0,0,0,0,0,0,0,0,0,0,1821.1
847,0,0,0,0,0,0,0,0,0,0,0,1821.1
848,0,0,0,0,0,0,0,0,0,0,0,1821.1
849,0,0,0,0,0,0,0,0,0,0,0,1821.1
850,0,0,0,0,0,0,0,0,0,0,0,1754.2
851,0,0,0,0,0,0,0,0,0,0,0,1754.2
852,0,0,0,0,0,0,0,0,0,0,0,1754.2
853,0,0,0,0,0,0,0,0,0,0,0,1754.2
854,0,0,0,0,0,0,0,0,0,0,0,1754.2
855,0,0,0,0,0,0,0,0,0,0,0,1754.2
856,0,0,0,0,0,0,0,0,0,0,0,1754.2
857,0,0,0,0,0,0,0,0,0,0,0,1754.2
858,0,0,0,0,0,0,0,0,0,0,0,1754.2
859,0,0,0,0,0,0,0,0,0,0,0,1754.2
860,0,0,0,0,0,0,0,0,0,0,0,1754.2
861,0,0,0,0,0,0,0,0,0,0,0,1754.2
862,0,0,0,0,0,0,0,0,0,0,0,1754.2
863,0,0,0,0,0,0,0,0,0,0,0,1754.2
864,0,0,0,0,0,0,0,0,0,0,0,1754.2
865,0,0,0,0,0,0,0,0,0,0,0,1754.2
866,0,0,0,0,0,0,0,0,0,0,0,1754.2
867,0,0,0,0,0,0,0,0,0,0,0,1754.2
868,0,0,0,0,0,0,0,0,0,0,0,1754.2
869,0,0,0,0,0,0,0,0,0,0,0,1754.2
870,0,0,0,0,0,0,0,0,0,0,0,1754.2
871,0,0,0,0,0,0,0,0,0,0,0,1754.2
872,0,0,0,0,0,0,0,0,0,0,0,1754.2
873,0,0,0,0,0,0,0,0,0,0,0,1754.2
874,0,0,0,0,0,0,0,0,0,0,0,1754.2
875,0,0,0,0,0,0,0,0,0,0,0,1754.2
876,0,0,0,0,0,0,0,0,0,0,0,1754.2
877,0,0,0,0,0,0,0,0,0,0,0,1754.2
878,0,0,0,0,0,0,0,0,0,0,0,1754.2
879,0,0,0,0,0,0,0,0,0,0,0,1754.2
880,0,0,0,0,0,0,0,0,0,0,0,1754.2
881,0,0,0,0,0,0,0,0,0,0,0,1754.2
882,0,0,0,0,0,0,0,0,0,0,0,1754.2
883,0,0,0,0,0,0,0,0,0,0,0,1754.2
884,0,0,0,0,0,0,0,0,0,0,0,1754.2
885,0,0,0,0,0,0,0,0,0,0,0,1754.2
886,0,0,0,0,0,0,0,0,0,0,0,1754.2
887,0,0,0,0,0,0,0,0,0,0,0,1754.2
888,0,0,0,0,0,0,0,0,0,0,0,1754.2
889,0,0,0,0,0,0,0,0,0,0,0,1754.2
890,0,0,0,0,0,0,0,0,0,0,0,1748.7
891,0,0,0,0,0,0,0,0,0,0,0,1748.7
892,0,0,0,0,0,0,0,0,0,0,0,1748.7
893,0,0,0,0,0,0,0,0,0,0,0,1748.7
894,0,0,0,0,0,0,0,0,0,0,0,1748.7
895,0,0,0,0,0,0,0,0,0,0,0,1748.7
896,0,0,0,0,0,0,0,0,0,0,0,1748.7
897,0,0,0,0,0,0,0,0,0,0,0,1748.7
898,0,0,0,0,0,0,0,0,0,0,0,1748.7
899,0,0,0,0,0,0,0,0,0,0,0,1748.7
900,0,0,0,0,0,0,0,0,0,0,0,1748.7
901,0,0,0,0,0,0,0,0,0,0,0,1748.7
902,0,0,0,0,0,0,0,0,0,0,0,1748.7
903,0,0,0,0,0,0,0,0,0,0,0,1748.7
904,0,0,0,0,0,0,0,0,0,0,0,1748.7
905,0,0,0,0,0,0,0,0,0,0,0,1748.7
906,0,0,0,0,0,0,0,0,0,0,0,1748.7
907,0,0,0,0,0,0,0,0,0,0,0,1748.7
908,0,0,0,0,0,0,0,0,0,0,0,1748.7
909,0,0,0,0,0,0,0,0,0,0,0,1748.7
910,0,0,0,0,0,0,0,0,0,0,0,1748.7
911,0,0,0,0,0,0,0,0,0,0,0,1748.7
912,0,0,0,0,0,0,0,0,0,0,0,1748.7
913,0,0,0,0,0,0,0,0,0,0,0,1748.7
914,0,0,0,0,0,0,0,0,0,0,0,1748.7
915,0,0,0,0,0,0,0,0,0,0,0,1748.7
916,0,0,0,0,0,0,0,0,0,0,0,1748.7
917,0,0,0,0,0,0,0,0,0,0,0,1748.7
918,0,0,0,0,0,0,0,0,0,0,0,1748.7
919,0,0,0,0,0,0,0,0,0,0,0,1748.7
920,0,0,0,0,0,0,0,0,0,0,0,1748.7
921,0,0,0,0,0,0,0,0,0,0,0,1748.7
922,0,0,0,0,0,0,0,0,0,0,0,1748.7
923,0,0,0,0,0,0,0,0,0,0,0,1748.7
924,0,0,0,0,0,0,0,0,0,0,0,1748.7
925,0,0,0,0,0,0,0,0,0,0,0,1748.7
926,0,0,0,0,0,0,0,0,0,0,0,1748.7
927,0,0,0,0,0,0,0,0,0,0,0,1748.7
928,0,0,0,0,0,0,0,0,0,0,0,1748.7
929,0,0,0,0,0,0,0,0,0,0,0,1748.7
930,0,0,0,0,0,0,0,0,0,0,0,1684.4
931,0,0,0,0,0,0,0,0,0,0,0,1684.4
932,0,0,0,0,0,0,0,0,0,0,0,1684.4
933,0,0,0,0,0,0,0,0,0,0,0,1684.4
934,0,0,0,0,0,0,0,0,0,0,0,1684.4
935,0,0,0,0,0,0,0,0,0,0,0,1684.4
936,0,0,0,0,0,0,0,0,0,0,0,1684.4
937,0,0,0,0,0,0,0,0,0,0,0,1684.4
938,0,0,0,0,0,0,0,0,0,0,0,1684.4
939,0,0,0,0,0,0,0,0,0,0,0,1684.4
940,0,0,0,0,0,0,0,0,0,0,0,1684.4
941,0,0,0,0,0,0,0,0,0,0,0,1684.4
942,0,0,0,0,0,0,0,0,0,0,0,1684.4
943,0,0,0,0,0,0,0,0,0,0,0,1684.4
944,0,0,0,0,0,0,0,0,0,0,0,1684.4
945,0,0,0,0,0,0,0,0,0,0,0,1684.4
946,0,0,0,0,0,0,0,0,0,0,0,1684.4
947,0,0,0,0,0,0,0,0,0,0,0,1684.4
948,0,0,0,0,0,0,0,0,0,0,0,1684.4
949,0,0,0,0,0,0,0,0,0,0,0,1684.4
950,0,0,0,0,0,0,0,0,0,0,0,1684.4
951,0,0,0,0,0,0,0,0,0,0,0,1684.4
952,0,0,0,0,0,0,0,0,0,0,0,1684.4
953,0,0,0,0,0,0,0,0,0,0,0,1684.4
954,0,0,0,0,0,0,0,0,0,0,0,1684.4
955,0,0,0,0,0,0,0,0,0,0,0,1684.4
956,0,0,0,0,0,0,0,0,0,0,0,1684.4
957,0,0,0,0,0,0,0,0,0,0,0,1684.4
958,0,0,0,0,0,0,0,0,0,0,0,1684.4
959,0,0,0,0,0,0,0,0,0,0,0,1684.4
960,0,0,0,0,0,0,0,0,0,0,0,1684.4
961,0,0,0,0,0,0,0,0,0,0,0,1684.4
962,0,0,0,0,0,0,0,0,0,0,0,1684.4
963,0,0,0,0,0,0,0,0,0,0,0,1684.4
964,0,0,0,0,0,0,0,0,0,0,0,1684.4
965,0,0,0,0,0,0,0,0,0,0,0,1684.4
966,0,0,0,0,0,0,0,0,0,0,0,1684.4
967,0,0,0,0,0,0,0,0,0,0,0,1684.4
968,0,0,0,0,0,0,0,0,0,0,0,1684.4
969,0,0,0,0,0,0,0,0,0,0,0,1684.4
970,0,0,0,0,0,0,0,0,0,0,0,1676.1
971,0,0,0,0,0,0,0,0,0,0,0,1676.1
972,0,0,0,0,0,0,0,0,0,0,0,1676.1
973,0,0,0,0,0,0,0,0,0,0,0,1676.1
974,0,0,0,0,0,0,0,0,0,0,0,1676.1
975,0,0,0,0,0,0,0,0,0,0,0,1676.1
976,0,0,0,0,0,0,0,0,0,0,0,1676.1
977,0,0,0,0,0,0,0,0,0,0,0,1676.1
978,0,0,0,0,0,0,0,0,0,0,0,1676.1
979,0,0,0,0,0,0,0,0,0,0,0,1676.1
980,0,0,0,0,0,0,0,0,0,0,0,1676.1
981,0,0,0,0,0,0,0,0,0,0,0,1676.1
982,0,0,0,0,0,0,0,0,0,0,0,1676.1
983,0,0,0,0,0,0,0,0,0,0,0,1676.1
984,0,0,0,0,0,0,0,0,0,0,0,1676.1
985,0,0,0,0,0,0,0,0,0,0,0,1676.1
986,0,0,0,0,0,0,0,0,0,0,0,1676.1
987,0,0,0,0,0,0,0,0,0,0,0,1676.1
988,0,0,0,0,0,0,0,0,0,0,0,1676.1
989,0,0,0,0,0,0,0,0,0,0,0,1676.1
990,0,0,0,0,0,0,0,0,0,0,0,1676.1
991,0,0,0,0,0,0,0,0,0,0,0,1676.1
992,0,0,0,0,0,0,0,0,0,0,0,1676.1
993,0,0,0,0,0,0,0,0,0,0,0,1676.1
994,0,0,0,0,0,0,0,0,0,0,0,1676.1
995,0,0,0,0,0,0,0,0,0,0,0,1676.1
996,0,0,0,0,0,0,0,0,0,0,0,1676.1
997,0,0,0,0,0,0,0,0,0,0,0,1676.1
998,0,0,0,0,0,0,0,0,0,0,0,1676.1
999,0,0,0,0,0,0,0,0,0,0,0,1676.1
1000,0,0,0,0,0,0,0,0,0,0,0,1676.1
1001,0,0,0,0,0,0,0,0,0,0,0,1676.1
1002,0,0,0,0,0,0,0,0,0,0,0,1676.1
1003,0,0,0,0,0,0,0,0,0,0,0,1676.1
1004,0,0,0,0,0,0,0,0,0,0,0,1676.1
1005,0,0,0,0,0,0,0,0,0,0,0,1676.1
1006,0,0,0,0,0,0,0,0,0,0,0,1676.1
1007,0,0,0,0,0,0,0,0,0,0,0,1676.1
1008,0,0,0,0,0,0,0,0,0,0,0,1676.1
1009,0,0,0,0,0,0,0,0,0,0,0,1676.1
1010,0,0,0,0,0,0,0,0,0,0,0,1654.7
1011,0,0,0,0,0,0,0,0,0,0,0,1654.7
1012,0,0,0,0,0,0,0,0,0,0,0,1654.7
1013,0,0,0,0,0,0,0,0,0,0,0,1654.7
1014,0,0,0,0,0,0,0,0,0,0,0,1654.7
1015,0,0,0,0,0,0,0,0,0,0,0,1654.7
1016,0,0,0,0,0,0,0,0,0,0,0,1654.7
1017,0,0,0,0,0,0,0,0,0,0,0,1654.7
1018,0,0,0,0,0,0,0,0,0,0,0,1654.7
1019,0,0,0,0,0,0,0,0,0,0,0,1654.7
1020,0,0,0,0,0,0,0,0,0,0,0,1654.7
1021,0,0,0,0,0,0,0,0,0,0,0,1654.7
1022,0,0,0,0,0,0,0,0,0,0,0,1654.7
1023,0,0,0,0,0,0,0,0,0,0,0,1654.7
1024,0,0,0,0,0,0,0,0,0,0,0,1654.7
1025,0,0,0,0,0,0,0,0,0,0,0,1654.7
1026,0,0,0,0,0,0,0,0,0,0,0,1654.7
1027,0,0,0,0,0,0,0,0,0,0,0,1654.7
1028,0,0,0,0,0,0,0,0,0,0,0,1654.7
1029,0,0,0,0,0,0,0,0,0,0,0,1654.7
1030,0,0,0,0,0,0,0,0,0,0,0,1654.7
1031,0,0,0,0,0,0,0,0,0,0,0,1654.7
1032,0,0,0,0,0,0,0,0,0,0,0,1654.7
1033,0,0,0,0,0,0,0,0,0,0,0,1654.7
1034,0,0,0,0,0,0,0,0,0,0,0,1654.7
1035,0,0,0,0,0,0,0,0,0,0,0,1654.7
1036,0,0,0,0,0,0,0,0,0,0,0,1654.7
1037,0,0,0,0,0,0,0,0,0,0,0,1654.7
1038,0,0,0,0,0,0,0,0,0,0,0,1654.7
1039,0,0,0,0,0,0,0,0,0,0,0,1654.7
1040,0,0,0,0,0,0,0,0,0,0,0,1654.7
1041,0,0,0,0,0,0,0,0,0,0,0,1654.7
1042,0,0,0,0,0,0,0,0,0,0,0,1654.7
1043,0,0,0,0,0,0,0,0,0,0,0,1654.7
1044,0,0,0,0,0,0,0,0,0,0,0,1654.7
1045,0,0,0,0,0,0,0,0,0,0,0,1654.7
1046,0,0,0,0,0,0,0,0,0,0,0,1654.7
1047,0,0,0,0,0,0,0,0,0,0,0,1654.7
1048,0,0,0,0,0,0,0,0,0,0,0,1654.7
1049,0,0,0,0,0,0,0,0,0,0,0,1654.7
1050,0,0,0,0,0,0,0,0,0,0,0,1644.3
1051,0,0,0,0,0,0,0,0,0,0,0,1644.3
1052,0,0,0,0,0,0,0,0,0,0,0,1644.3
1053,0,0,0,0,0,0,0,0,0,0,0,1644.3
1054,0,0,0,0,0,0,0,0,0,0,0,1644.3
1055,0,0,0,0,0,0,0,0,0,0,0,1644.3
1056,0,0,0,0,0,0,0,0,0,0,0,1644.3
1057,0,0,0,0,0,0,0,0,0,0,0,1644.3
1058,0,0,0,0,0,0,0,0,0,0,0,1644.3
1059,0,0,0,0,0,0,0,0,0,0,0,1644.3
1060,0,0,0,0,0,0,0,0,0,0,0,1644.3
1061,0,0,0,0,0,0,0,0,0,0,0,1644.3
1062,0,0,0,0,0,0,0,0,0,0,0,1644.3
1063,0,0,0,0,0,0,0,0,0,0,0,1644.3
1064,0,0,0,0,0,0,0,0,0,0,0,1644.3
1065,0,0,0,0,0,0,0,0,0,0,0,1644.3
1066,0,0,0,0,0,0,0,0,0,0,0,1644.3
1067,0,0,0,0,0,0,0,0,0,0,0,1644.3
1068,0,0,0,0,0,0,0,0,0,0,0,1644.3
1069,0,0,0,0,0,0,0,0,0,0,0,1644.3
1070,0,0,0,0,0,0,0,0,0,0,0,1644.3
1071,0,0,0,0,0,0,0,0,0,0,0,1644.3
1072,0,0,0,0,0,0,0,0,0,0,0,1644.3
1073,0,0,0,0,0,0,0,0,0,0,0,1644.3
1074,0,0,0,0,0,0,0,0,0,0,0,1644.3
1075,0,0,0,0,0,0,0,0,0,0,0,1644.3
1076,0,0,0,0,0,0,0,0,0,0,0,1644.3
1077,0,0,0,0,0,0,0,0,0,0,0,1644.3
1078,0,0,0,0,0,0,0,0,0,0,0,1644.3
1079,0,0,0,0,0,0,0,0,0,0,0,1644.3
1080,0,0,0,0,0,0,0,0,0,0,0,1644.3
1081,0,0,0,0,0,0,0,0,0,0,0,1644.3
1082,0,0,0,0,0,0,0,0,0,0,0,1644.3
1083,0,0,0,0,0,0,0,0,0,0,0,1644.3
1084,0,0,0,0,0,0,0,0,0,0,0,1644.3
1085,0,0,0,0,0,0,0,0,0,0,0,1644.3
1086,0,0,0,0,0,0,0,0,0,0,0,1644.3
1087,0,0,0,0,0,0,0,0,0,0,0,1644.3
1088,0,0,0,0,0,0,0,0,0,0,0,1644.3
1089,0,0,0,0,0,0,0,0,0,0,0,1644.3
1090,0,0,0,0,0,0,0,0,0,0,0,1642
1091,0,0,0,0,0,0,0,0,0,0,0,1642
1092,0,0,0,0,0,0,0,0,0,0,0,1642
1093,0,0,0,0,0,0,0,0,0,0,0,1642
1094,0,0,0,0,0,0,0,0,0,0,0,1642
1095,0,0,0,0,0,0,0,0,0,0,0,1642
1096,0,0,0,0,0,0,0,0,0,0,0,1642
1097,0,0,0,0,0,0,0,0,0,0,0,1642
1098,0,0,0,0,0,0,0,0,0,0,0,1642
1099,0,0,0,0,0,0,0,0,0,0,0,1642
1100,0,0,0,0,0,0,0,0,0,0,0,1642
1101,0,0,0,0,0,0,0,0,0,0,0,1642
1102,0,0,0,0,0,0,0,0,0,0,0,1642
1103,0,0,0,0,0,0,0,0,0,0,0,1642
1104,0,0,0,0,0,0,0,0,0,0,0,1642
1105,0,0,0,0,0,0,0,0,0,0,0,1642
1106,0,0,0,0,0,0,0,0,0,0,0,1642
1107,0,0,0,0,0,0,0,0,0,0,0,1642
1108,0,0,0,0,0,0,0,0,0,0,0,1642
1109,0,0,0,0,0,0,0,0,0,0,0,1642
1110,0,0,0,0,0,0,0,0,0,0,0,1642
1111,0,0,0,0,0,0,0,0,0,0,0,1642
1112,0,0,0,0,0,0,0,0,0,0,0,1642
1113,0,0,0,0,0,0,0,0,0,0,0,1642
1114,0,0,0,0,0,0,0,0,0,0,0,1642
1115,0,0,0,0,0,0,0,0,0,0,0,1642
1116,0,0,0,0,0,0,0,0,0,0,0,1642
1117,0,0,0,0,0,0,0,0,0,0,0,1642
1118,0,0,0,0,0,0,0,0,0,0,0,1642
1119,0,0,0,0,0,0,0,0,0,0,0,1642
1120,0,0,0,0,0,0,0,0,0,0,0,1642
1121,0,0,0,0,0,0,0,0,0,0,0,1642
1122,0,0,0,0,0,0,0,0,0,0,0,1642
1123,0,0,0,0,0,0,0,0,0,0,0,1642
1124,0,0,0,0,0,0,0,0,0,0,0,1642
1125,0,0,0,0,0,0,0,0,0,0,0,1642
1126,0,0,0,0,0,0,0,0,0,0,0,1642
1127,0,0,0,0,0,0,0,0,0,0,0,1642
1128,0,0,0,0,0,0,0,0,0,0,0,1642
1129,0,0,0,0,0,0,0,0,0,0,0,1642
1130,0,0,0,0,0,0,0,0,0,0,0,1631.3
1131,0,0,0,0,0,0,0,0,0,0,0,1631.3
1132,0,0,0,0,0,0,0,0,0,0,0,1631.3
1133,0,0,0,0,0,0,0,0,0,0,0,1631.3
1134,0,0,0,0,0,0,0,0,0,0,0,1631.3
1135,0,0,0,0,0,0,0,0,0,0,0,1631.3
1136,0,0,0,0,0,0,0,0,0,0,0,1631.3
1137,0,0,0,0,0,0,0,0,0,0,0,1631.3
1138,0,0,0,0,0,0,0,0,0,0,0,1631.3
1139,0,0,0,0,0,0,0,0,0,0,0,1631.3
1140,0,0,0,0,0,0,0,0,0,0,0,1631.3
1141,0,0,0,0,0,0,0,0,0,0,0,1631.3
1142,0,0,0,0,0,0,0,0,0,0,0,1631.3
1143,0,0,0,0,0,0,0,0,0,0,0,1631.3
1144,0,0,0,0,0,0,0,0,0,0,0,1631.3
1145,0,0,0,0,0,0,0,0,0,0,0,1631.3
1146,0,0,0,0,0,0,0,0,0,0,0,1631.3
1147,0,0,0,0,0,0,0,0,0,0,0,1631.3
1148,0,0,0,0,0,0,0,0,0,0,0,1631.3
1149,0,0,0,0,0,0,0,0,0,0,0,1631.3
1150,0,0,0,0,0,0,0,0,0,0,0,1631.3
1151,0,0,0,0,0,0,0,0,0,0,0,1631.3
1152,0,0,0,0,0,0,0,0,0,0,0,1631.3
1153,0,0,0,0,0,0,0,0,0,0,0,1631.3
1154,0,0,0,0,0,0,0,0,0,0,0,1631.3
1155,0,0,0,0,0,0,0,0,0,0,0,1631.3
1156,0,0,0,0,0,0,0,0,0,0,0,1631.3
1157,0,0,0,0,0,0,0,0,0,0,0,1631.3
1158,0,0,0,0,0,0,0,0,0,0,0,1631.3
1159,0,0,0,0,0,0,0,0,0,0,0,1631.3
1160,0,0,0,0,0,0,0,0,0,0,0,1631.3
1161,0,0,0,0,0,0,0,0,0,0,0,1631.3
1162,0,0,0,0,0,0,0,0,0,0,0,1631.3
1163,0,0,0,0,0,0,0,0,0,0,0,1631.3
1164,0,0,0,0,0,0,0,0,0,0,0,1631.3
1165,0,0,0,0,0,0,0,0,0,0,0,1631.3
1166,0,0,0,0,0,0,0,0,0,0,0,1631.3
1167,0,0,0,0,0,0,0,0,0,0,0,1631.3
1168,0,0,0,0,0,0,0,0,0,0,0,1631.3
1169,0,0,0,0,0,0,0,0,0,0,0,1631.3
1170,0,0,0,0,0,0,0,0,0,0,0,1608.9
1171,0,0,0,0,0,0,0,0,0,0,0,1608.9
1172,0,0,0,0,0,0,0,0,0,0,0,1608.9
1173,0,0,0,0,0,0,0,0,0,0,0,1608.9
1174,0,0,0,0,0,0,0,0,0,0,0,1608.9
1175,0,0,0,0,0,0,0,0,0,0,0,1608.9
1176,0,0,0,0,0,0,0,0,0,0,0,1608.9
1177,0,0,0,0,0,0,0,0,0,0,0,1608.9
1178,0,0,0,0,0,0,0,0,0,0,0,1608.9
1179,0,0,0,0,0,0,0,0,0,0,0,1608.9
1180,0,0,0,0,0,0,0,0,0,0,0,1608.9
1181,0,0,0,0,0,0,0,0,0,0,0,1608.9
1182,0,0,0,0,0,0,0,0,0,0,0,1608.9
1183,0,0,0,0,0,0,0,0,0,0,0,1608.9
1184,0,0,0,0,0,0,0,0,0,0,0,1608.9
1185,0,0,0,0,0,0,0,0,0,0,0,1608.9
1186,0,0,0,0,0,0,0,0,0,0,0,1608.9
1187,0,0,0,0,0,0,0,0,0,0,0,1608.9
1188,0,0,0,0,0,0,0,0,0,0,0,1608.9
1189,0,0,0,0,0,0,0,0,0,0,0,1608.9
1190,0,0,0,0,0,0,0,0,0,0,0,1608.9
1191,0,0,0,0,0,0,0,0,0,0,0,1608.9
1192,0,0,0,0,0,0,0,0,0,0,0,1608.9
1193,0,0,0,0,0,0,0,0,0,0,0,1608.9
1194,0,0,0,0,0,0,0,0,0,0,0,1608.9
1195,0,0,0,0,0,0,0,0,0,0,0,1608.9
1196,0,0,0,0,0,0,0,0,0,0,0,1608.9
1197,0,0,0,0,0,0,0,0,0,0,0,1608.9
1198,0,0,0,0,0,0,0,0,0,0,0,1608.9
1199,0,0,0,0,0,0,0,0,0,0,0,1608.9
1200,0,0,0,0,0,0,0,0,0,0,0,1608.9
1201,0,0,0,0,0,0,0,0,0,0,0,1608.9
1202,0,0,0,0,0,0,0,0,0,0,0,1608.9
1203,0,0,0,0,0,0,0,0,0,0,0,1608.9
1204,0,0,0,0,0,0,0,0,0,0,0,1608.9
1205,0,0,0,0,0,0,0,0,0,0,0,1608.9
1206,0,0,0,0,0,0,0,0,0,0,0,1608.9
1207,0,0,0,0,0,0,0,0,0,0,0,1608.9
1208,0,0,0,0,0,0,0,0,0,0,0,1608.9
1209,0,0,0,0,0,0,0,0,0,0,0,1608.9
1210,0,0,0,0,0,0,0,0,0,0,0,1565.9
1211,0,0,0,0,0,0,0,0,0,0,0,1565.9
1212,0,0,0,0,0,0,0,0,0,0,0,1565.9
1213,0,0,0,0,0,0,0,0,0,0,0,1565.9
1214,0,0,0,0,0,0,0,0,0,0,0,1565.9
1215,0,0,0,0,0,0,0,0,0,0,0,1565.9
1216,0,0,0,0,0,0,0,0,0,0,0,1565.9
1217,0,0,0,0,0,0,0,0,0,0,0,1565.9
1218,0,0,0,0,0,0,0,0,0,0,0,1565.9
1219,0,0,0,0,0,0,0,0,0,0,0,1565.9
1220,0,0,0,0,0,0,0,0,0,0,0,1565.9
1221,0,0,0,0,0,0,0,0,0,0,0,1565.9
1222,0,0,0,0,0,0,0,0,0,0,0,1565.9
1223,0,0,0,0,0,0,0,0,0,0,0,1565.9
1224,0,0,0,0,0,0,0,0,0,0,0,1565.9
1225,0,0,0,0,0,0,0,0,0,0,0,1565.9
1226,0,0,0,0,0,0,0,0,0,0,0,1565.9
1227,0,0,0,0,0,0,0,0,0,0,0,1565.9
1228,0,0,0,0,0,0,0,0,0,0,0,1565.9
1229,0,0,0,0,0,0,0,0,0,0,0,1565.9
1230,0,0,0,0,0,0,0,0,0,0,0,1565.9
1231,0,0,0,0,0,0,0,0,0,0,0,1565.9
1232,0,0,0,0,0,0,0,0,0,0,0,1565.9
1233,0,0,0,0,0,0,0,0,0,0,0,1565.9
1234,0,0,0,0,0,0,0,0,0,0,0,1565.9
1235,0,0,0,0,0,0,0,0,0,0,0,1565.9
1236,0,0,0,0,0,0,0,0,0,0,0,1565.9
1237,0,0,0,0,0,0,0,0,0,0,0,1565.9
1238,0,0,0,0,0,0,0,0,0,0,0,1565.9
1239,0,0,0,0,0,0,0,0,0,0,0,1565.9
1240,0,0,0,0,0,0,0,0,0,0,0,1565.9
1241,0,0,0,0,0,0,0,0,0,0,0,1565.9
1242,0,0,0,0,0,0,0,0,0,0,0,1565.9
1243,0,0,0,0,0,0,0,0,0,0,0,1565.9
1244,0,0,0,0,0,0,0,0,0,0,0,1565.9
1245,0,0,0,0,0,0,0,0,0,0,0,1565.9
1246,0,0,0,0,0,0,0,0,0,0,0,1565.9
1247,0,0,0,0,0,0,0,0,0,0,0,1565.9
1248,0,0,0,0,0,0,0,0,0,0,0,1565.9
1249,0,0,0,0,0,0,0,0,0,0,0,1565.9
1250,0,0,0,0,0,0,0,0,0,0,0,1549.7
1251,0,0,0,0,0,0,0,0,0,0,0,1549.7
1252,0,0,0,0,0,0,0,0,0,0,0,1549.7
1253,0,0,0,0,0,0,0,0,0,0,0,1549.7
1254,0,0,0,0,0,0,0,0,0,0,0,1549.7
1255,0,0,0,0,0,0,0,0,0,0,0,1549.7
1256,0,0,0,0,0,0,0,0,0,0,0,1549.7
1257,0,0,0,0,0,0,0,0,0,0,0,1549.7
1258,0,0,0,0,0,0,0,0,0,0,0,1549.7
1259,0,0,0,0,0,0,0,0,0,0,0,1549.7
1260,0,0,0,0,0,0,0,0,0,0,0,1549.7
1261,0,0,0,0,0,0,0,0,0,0,0,1549.7
1262,0,0,0,0,0,0,0,0,0,0,0,1549.7
1263,0,0,0,0,0,0,0,0,0,0,0,1549.7
1264,0,0,0,0,0,0,0,0,0,0,0,1549.7
1265,0,0,0,0,0,0,0,0,0,0,0,1549.7
1266,0,0,0,0,0,0,0,0,0,0,0,1549.7
1267,0,0,0,0,0,0,0,0,0,0,0,1549.7
1268,0,0,0,0,0,0,0,0,0,0,0,1549.7
1269,0,0,0,0,0,0,0,0,0,0,0,1549.7
1270,0,0,0,0,0,0,0,0,0,0,0,1549.7
1271,0,0,0,0,0,0,0,0,0,0,0,1549.7
1272,0,0,0,0,0,0,0,0,0,0,0,1549.7
1273,0,0,0,0,0,0,0,0,0,0,0,1549.7
1274,0,0,0,0,0,0,0,0,0,0,0,1549.7
1275,0,0,0,0,0,0,0,0,0,0,0,1549.7
1276,0,0,0,0,0,0,0,0,0,0,0,1549.7
1277,0,0,0,0,0,0,0,0,0,0,0,1549.7
1278,0,0,0,0,0,0,0,0,0,0,0,1549.7
1279,0,0,0,0,0,0,0,0,0,0,0,1549.7
1280,0,0,0,0,0,0,0,0,0,0,0,1549.7
1281,0,0,0,0,0,0,0,0,0,0,0,1549.7
1282,0,0,0,0,0,0,0,0,0,0,0,1549.7
1283,0,0,0,0,0,0,0,0,0,0,0,1549.7
1284,0,0,0,0,0,0,0,0,0,0,0,1549.7
1285,0,0,0,0,0,0,0,0,0,0,0,1549.7
1286,0,0,0,0,0,0,0,0,0,0,0,1549.7
1287,0,0,0,0,0,0,0,0,0,0,0,1549.7
1288,0,0,0,0,0,0,0,0,0,0,0,1549.7
1289,0,0,0,0,0,0,0,0,0,0,0,1549.7
1290,0,0,0,0,0,0,0,0,0,0,0,1510
1291,0,0,0,0,0,0,0,0,0,0,0,1510
1292,0,0,0,0,0,0,0,0,0,0,0,1510
1293,0,0,0,0,0,0,0,0,0,0,0,1510
1294,0,0,0,0,0,0,0,0,0,0,0,1510
1295,0,0,0,0,0,0,0,0,0,0,0,1510
1296,0,0,0,0,0,0,0,0,0,0,0,1510
1297,0,0,0,0,0,0,0,0,0,0,0,1510
1298,0,0,0,0,0,0,0,0,0,0,0,1510
1299,0,0,0,0,0,0,0,0,0,0,0,1510
1300,0,0,0,0,0,0,0,0,0,0,0,1510
1301,0,0,0,0,0,0,0,0,0,0,0,1510
1302,0,0,0,0,0,0,0,0,0,0,0,1510
1303,0,0,0,0,0,0,0,0,0,0,0,1510
1304,0,0,0,0,0,0,0,0,0,0,0,1510
1305,0,0,0,0,0,0,0,0,0,0,0,1510
1306,0,0,0,0,0,0,0,0,0,0,0,1510
1307,0,0,0,0,0,0,0,0,0,0,0,1510
1308,0,0,0,0,0,0,0,0,0,0,0,1510
1309,0,0,0,0,0,0,0,0,0,0,0,1510
1310,0,0,0,0,0,0,0,0,0,0,0,1510
1311,0,0,0,0,0,0,0,0,0,0,0,1510
1312,0,0,0,0,0,0,0,0,0,0,0,1510
1313,0,0,0,0,0,0,0,0,0,0,0,1510
1314,0,0,0,0,0,0,0,0,0,0,0,1510
1315,0,0,0,0,0,0,0,0,0,0,0,1510
1316,0,0,0,0,0,0,0,0,0,0,0,1510
1317,0,0,0,0,0,0,0,0,0,0,0,1510
1318,0,0,0,0,0,0,0,0,0,0,0,1510
1319,0,0,0,0,0,0,0,0,0,0,0,1510
1320,0,0,0,0,0,0,0,0,0,0,0,1510
1321,0,0,0,0,0,0,0,0,0,0,0,1510
1322,0,0,0,0,0,0,0,0,0,0,0,1510
1323,0,0,0,0,0,0,0,0,0,0,0,1510
1324,0,0,0,0,0,0,0,0,0,0,0,1510
1325,0,0,0,0,0,0,0,0,0,0,0,1510
1326,0,0,0,0,0,0,0,0,0,0,0,1510
1327,0,0,0,0,0,0,0,0,0,0,0,1510
1328,0,0,0,0,0,0,0,0,0,0,0,1510
1329,0,0,0,0,0,0,0,0,0,0,0,1510
1330,0,0,0,0,0,0,0,0,0,0,0,1499.2
1331,0,0,0,0,0,0,0,0,0,0,0,1499.2
1332,0,0,0,0,0,0,0,0,0,0,0,1499.2
1333,0,0,0,0,0,0,0,0,0,0,0,1499.2
1334,0,0,0,0,0,0,0,0,0,0,0,1499.2
1335,0,0,0,0,0,0,0,0,0,0,0,1499.2
1336,0,0,0,0,0,0,0,0,0,0,0,1499.2
1337,0,0,0,0,0,0,0,0,0,0,0,1499.2
1338,0,0,0,0,0,0,0,0,0,0,0,1499.2
1339,0,0,0,0,0,0,0,0,0,0,0,1499.2
1340,0,0,0,0,0,0,0,0,0,0,0,1499.2
1341,0,0,0,0,0,0,0,0,0,0,0,1499.2
1342,0,0,0,0,0,0,0,0,0,0,0,1499.2
1343,0,0,0,0,0,0,0,0,0,0,0,1499.2
1344,0,0,0,0,0,0,0,0,0,0,0,1499.2
1345,0,0,0,0,0,0,0,0,0,0,0,1499.2
1346,0,0,0,0,0,0,0,0,0,0,0,1499.2
1347,0,0,0,0,0,0,0,0,0,0,0,1499.2
1348,0,0,0,0,0,0,0,0,0,0,0,1499.2
1349,0,0,0,0,0,0,0,0,0,0,0,1499.2
1350,0,0,0,0,0,0,0,0,0,0,0,1499.2
1351,0,0,0,0,0,0,0,0,0,0,0,1499.2
1352,0,0,0,0,0,0,0,0,0,0,0,1499.2
1353,0,0,0,0,0,0,0,0,0,0,0,1499.2
1354,0,0,0,0,0,0,0,0,0,0,0,1499.2
1355,0,0,0,0,0,0,0,0,0,0,0,1499.2
1356,0,0,0,0,0,0,0,0,0,0,0,1499.2
1357,0,0,0,0,0,0,0,0,0,0,0,1499.2
1358,0,0,0,0,0,0,0,0,0,0,0,1499.2
1359,0,0,0,0,0,0,0,0,0,0,0,1499.2
1360,0,0,0,0,0,0,0,0,0,0,0,1499.2
1361,0,0,0,0,0,0,0,0,0,0,0,1499.2
1362,0,0,0,0,0,0,0,0,0,0,0,1499.2
1363,0,0,0,0,0,0,0,0,0,0,0,1499.2
1364,0,0,0,0,0,0,0,0,0,0,0,1499.2
1365,0,0,0,0,0,0,0,0,0,0,0,1499.2
1366,0,0,0,0,0,0,0,0,0,0,0,1499.2
1367,0,0,0,0,0,0,0,0,0,0,0,1499.2
1368,0,0,0,0,0,0,0,0,0,0,0,1499.2
1369,0,0,0,0,0,0,0,0,0,0,0,1499.2
1370,0,0,0,0,0,0,0,0,0,0,0,1451.4
1371,0,0,0,0,0,0,0,0,0,0,0,1451.4
1372,0,0,0,0,0,0,0,0,0,0,0,1451.4
1373,0,0,0,0,0,0,0,0,0,0,0,1451.4
1374,0,0,0,0,0,0,0,0,0,0,0,1451.4
1375,0,0,0,0,0,0,0,0,0,0,0,1451.4
1376,0,0,0,0,0,0,0,0,0,0,0,1451.4
1377,0,0,0,0,0,0,0,0,0,0,0,1451.4
1378,0,0,0,0,0,0,0,0,0,0,0,1451.4
1379,0,0,0,0,0,0,0,0,0,0,0,1451.4
1380,0,0,0,0,0,0,0,0,0,0,0,1451.4
1381,0,0,0,0,0,0,0,0,0,0,0,1451.4
1382,0,0,0,0,0,0,0,0,0,0,0,1451.4
1383,0,0,0,0,0,0,0,0,0,0,0,1451.4
1384,0,0,0,0,0,0,0,0,0,0,0,1451.4
1385,0,0,0,0,0,0,0,0,0,0,0,1451.4
1386,0,0,0,0,0,0,0,0,0,0,0,1451.4
1387,0,0,0,0,0,0,0,0,0,0,0,1451.4
1388,0,0,0,0,0,0,0,0,0,0,0,1451.4
1389,0,0,0,0,0,0,0,0,0,0,0,1451.4
1390,0,0,0,0,0,0,0,0,0,0,0,1451.4
1391,0,0,0,0,0,0,0,0,0,0,0,1451.4
1392,0,0,0,0,0,0,0,0,0,0,0,1451.4
1393,0,0,0,0,0,0,0,0,0,0,0,1451.4
1394,0,0,0,0,0,0,0,0,0,0,0,1451.4
1395,0,0,0,0,0,0,0,0,0,0,0,1451.4
1396,0,0,0,0,0,0,0,0,0,0,0,1451.4
1397,0,0,0,0,0,0,0,0,0,0,0,1451.4
1398,0,0,0,0,0,0,0,0,0,0,0,1451.4
1399,0,0,0,0,0,0,0,0,0,0,0,1451.4
1400,0,0,0,0,0,0,0,0,0,0,0,1451.4
1401,0,0,0,0,0,0,0,0,0,0,0,1451.4
1402,0,0,0,0,0,0,0,0,0,0,0,1451.4
1403,0,0,0,0,0,0,0,0,0,0,0,1451.4
1404,0,0,0,0,0,0,0,0,0,0,0,1451.4
1405,0,0,0,0,0,0,0,0,0,0,0,1451.4
1406,0,0,0,0,0,0,0,0,0,0,0,1451.4
1407,0,0,0,0,0,0,0,0,0,0,0,1451.4
1408,0,0,0,0,0,0,0,0,0,0,0,1451.4
1409,0,0,0,0,0,0,0,0,0,0,0,1451.4
1410,0,0,0,0,0,0,0,0,0,0,0,1419.9
1411,0,0,0,0,0,0,0,0,0,0,0,1419.9
1412,0,0,0,0,0,0,0,0,0,0,0,1419.9
1413,0,0,0,0,0,0,0,0,0,0,0,1419.9
1414,0,0,0,0,0,0,0,0,0,0,0,1419.9
1415,0,0,0,0,0,0,0,0,0,0,0,1419.9
1416,0,0,0,0,0,0,0,0,0,0,0,1419.9
1417,0,0,0,0,0,0,0,0,0,0,0,1419.9
1418,0,0,0,0,0,0,0,0,0,0,0,1419.9
1419,0,0,0,0,0,0,0,0,0,0,0,1419.9
1420,0,0,0,0,0,0,0,0,0,0,0,1419.9
1421,0,0,0,0,0,0,0,0,0,0,0,1419.9
1422,0,0,0,0,0,0,0,0,0,0,0,1419.9
1423,0,0,0,0,0,0,0,0,0,0,0,1419.9
1424,0,0,0,0,0,0,0,0,0,0,0,1419.9
1425,0,0,0,0,0,0,0,0,0,0,0,1419.9
1426,0,0,0,0,0,0,0,0,0,0,0,1419.9
1427,0,0,0,0,0,0,0,0,0,0,0,1419.9
1428,0,0,0,0,0,0,0,0,0,0,0,1419.9
1429,0,0,0,0,0,0,0,0,0,0,0,1419.9
1430,0,0,0,0,0,0,0,0,0,0,0,1419.9
1431,0,0,0,0,0,0,0,0,0,0,0,1419.9
1432,0,0,0,0,0,0,0,0,0,0,0,1419.9
1433,0,0,0,0,0,0,0,0,0,0,0,1419.9
1434,0,0,0,0,0,0,0,0,0,0,0,1419.9
1435,0,0,0,0,0,0,0,0,0,0,0,1419.9
1436,0,0,0,0,0,0,0,0,0,0,0,1419.9
1437,0,0,0,0,0,0,0,0,0,0,0,1419.9
1438,0,0,0,0,0,0,0,0,0,0,0,1419.9
1439,0,0,0,0,0,0,0,0,0,0,0,1419.9
1440,0,0,0,0,0,0,0,0,0,0,0,1419.9
1441,0,0,0,0,0,0,0,0,0,0,0,1419.9
1442,0,0,0,0,0,0,0,0,0,0,0,1419.9
1443,0,0,0,0,0,0,0,0,0,0,0,1419.9
1444,0,0,0,0,0,0,0,0,0,0,0,1419.9
1445,0,0,0,0,0,0,0,0,0,0,0,1419.9
1446,0,0,0,0,0,0,0,0,0,0,0,1419.9
1447,0,0,0,0,0,0,0,0,0,0,0,1419.9
1448,0,0,0,0,0,0,0,0,0,0,0,1419.9
1449,0,0,0,0,0,0,0,0,0,0,0,1419.9
1450,0,0,0,0,0,0,0,0,0,0,0,1403.2
1451,0,0,0,0,0,0,0,0,0,0,0,1403.2
1452,0,0,0,0,0,0,0,0,0,0,0,1403.2
1453,0,0,0,0,0,0,0,0,0,0,0,1403.2
1454,0,0,0,0,0,0,0,0,0,0,0,1403.2
1455,0,0,0,0,0,0,0,0,0,0,0,1403.2
1456,0,0,0,0,0,0,0,0,0,0,0,1403.2
1457,0,0,0,0,0,0,0,0,0,0,0,1403.2
1458,0,0,0,0,0,0,0,0,0,0,0,1403.2
1459,0,0,0,0,0,0,0,0,0,0,0,1403.2
1460,0,0,0,0,0,0,0,0,0,0,0,1403.2
1461,0,0,0,0,0,0,0,0,0,0,0,1403.2
1462,0,0,0,0,0,0,0,0,0,0,0,1403.2
1463,0,0,0,0,0,0,0,0,0,0,0,1403.2
1464,0,0,0,0,0,0,0,0,0,0,0,1403.2
1465,0,0,0,0,0,0,0,0,0,0,0,1403.2
1466,0,0,0,0,0,0,0,0,0,0,0,1403.2
1467,0,0,0,0,0,0,0,0,0,0,0,1403.2
1468,0,0,0,0,0,0,0,0,0,0,0,1403.2
1469,0,0,0,0,0,0,0,0,0,0,0,1403.2
1470,0,0,0,0,0,0,0,0,0,0,0,1403.2
1471,0,0,0,0,0,0,0,0,0,0,0,1403.2
1472,0,0,0,0,0,0,0,0,0,0,0,1403.2
1473,0,0,0,0,0,0,0,0,0,0,0,1403.2
1474,0,0,0,0,0,0,0,0,0,0,0,1403.2
1475,0,0,0,0,0,0,0,0,0,0,0,1403.2
1476,0,0,0,0,0,0,0,0,0,0,0,1403.2
1477,0,0,0,0,0,0,0,0,0,0,0,1403.2
1478,0,0,0,0,0,0,0,0,0,0,0,1403.2
1479,0,0,0,0,0,0,0,0,0,0,0,1403.2
1480,0,0,0,0,0,0,0,0,0,0,0,1403.2
1481,0,0,0,0,0,0,0,0,0,0,0,1403.2
1482,0,0,0,0,0,0,0,0,0,0,0,1403.2
1483,0,0,0,0,0,0,0,0,0,0,0,1403.2
1484,0,0,0,0,0,0,0,0,0,0,0,1403.2
1485,0,0,0,0,0,0,0,0,0,0,0,1403.2
1486,0,0,0,0,0,0,0,0,0,0,0,1403.2
1487,0,0,0,0,0,0,0,0,0,0,0,1403.2
1488,0,0,0,0,0,0,0,0,0,0,0,1403.2
1489,0,0,0,0,0,0,0,0,0,0,0,1403.2
1490,0,0,0,0,0,0,0,0,0,0,0,1385
1491,0,0,0,0,0,0,0,0,0,0,0,1385
1492,0,0,0,0,0,0,0,0,0,0,0,1385
1493,0,0,0,0,0,0,0,0,0,0,0,1385
1494,0,0,0,0,0,0,0,0,0,0,0,1385
1495,0,0,0,0,0,0,0,0,0,0,0,1385
1496,0,0,0,0,0,0,0,0,0,0,0,1385
1497,0,0,0,0,0,0,0,0,0,0,0,1385
1498,0,0,0,0,0,0,0,0,0,0,0,1385
1499,0,0,0,0,0,0,0,0,0,0,0,1385
1500,0,0,0,0,0,0,0,0,0,0,0,1385
1501,0,0,0,0,0,0,0,0,0,0,0,1385
1502,0,0,0,0,0,0,0,0,0,0,0,1385
1503,0,0,0,0,0,0,0,0,0,0,0,1385
1504,0,0,0,0,0,0,0,0,0,0,0,1385
1505,0,0,0,0,0,0,0,0,0,0,0,1385
1506,0,0,0,0,0,0,0,0,0,0,0,1385
1507,0,0,0,0,0,0,0,0,0,0,0,1385
1508,0,0,0,0,0,0,0,0,0,0,0,1385
1509,0,0,0,0,0,0,0,0,0,0,0,1385
1510,0,0,0,0,0,0,0,0,0,0,0,1385
1511,0,0,0,0,0,0,0,0,0,0,0,1385
1512,0,0,0,0,0,0,0,0,0,0,0,1385
1513,0,0,0,0,0,0,0,0,0,0,0,1385
1514,0,0,0,0,0,0,0,0,0,0,0,1385
1515,0,0,0,0,0,0,0,0,0,0,0,1385
1516,0,0,0,0,0,0,0,0,0,0,0,1385
1517,0,0,0,0,0,0,0,0,0,0,0,1385
1518,0,0,0,0,0,0,0,0,0,0,0,1385
1519,0,0,0,0,0,0,0,0,0,0,0,1385
1520,0,0,0,0,0,0,0,0,0,0,0,1385
1521,0,0,0,0,0,0,0,0,0,0,0,1385
1522,0,0,0,0,0,0,0,0,0,0,0,1385
1523,0,0,0,0,0,0,0,0,0,0,0,1385
1524,0,0,0,0,0,0,0,0,0,0,0,1385
1525,0,0,0,0,0,0,0,0,0,0,0,1385
1526,0,0,0,0,0,0,0,0,0,0,0,1385
1527,0,0,0,0,0,0,0,0,0,0,0,1385
1528,0,0,0,0,0,0,0,0,0,0,0,1385
1529,0,0,0,0,0,0,0,0,0,0,0,1385
1530,0,0,0,0,0,0,0,0,0,0,0,1384.3
1531,0,0,0,0,0,0,0,0,0,0,0,1384.3
1532,0,0,0,0,0,0,0,0,0,0,0,1384.3
1533,0,0,0,0,0,0,0,0,0,0,0,1384.3
1534,0,0,0,0,0,0,0,0,0,0,0,1384.3
1535,0,0,0,0,0,0,0,0,0,0,0,1384.3
1536,0,0,0,0,0,0,0,0,0,0,0,1384.3
1537,0,0,0,0,0,0,0,0,0,0,0,1384.3
1538,0,0,0,0,0,0,0,0,0,0,0,1384.3
1539,0,0,0,0,0,0,0,0,0,0,0,1384.3
1540,0,0,0,0,0,0,0,0,0,0,0,1384.3
1541,0,0,0,0,0,0,0,0,0,0,0,1384.3
1542,0,0,0,0,0,0,0,0,0,0,0,1384.3
1543,0,0,0,0,0,0,0,0,0,0,0,1384.3
1544,0,0,0,0,0,0,0,0,0,0,0,1384.3
1545,0,0,0,0,0,0,0,0,0,0,0,1384.3
1546,0,0,0,0,0,0,0,0,0,0,0,1384.3
1547,0,0,0,0,0,0,0,0,0,0,0,1384.3
1548,0,0,0,0,0,0,0,0,0,0,0,1384.3
1549,0,0,0,0,0,0,0,0,0,0,0,1384.3
1550,0,0,0,0,0,0,0,0,0,0,0,1384.3
1551,0,0,0,0,0,0,0,0,0,0,0,1384.3
1552,0,0,0,0,0,0,0,0,0,0,0,1384.3
1553,0,0,0,0,0,0,0,0,0,0,0,1384.3
1554,0,0,0,0,0,0,0,0,0,0,0,1384.3
1555,0,0,0,0,0,0,0,0,0,0,0,1384.3
1556,0,0,0,0,0,0,0,0,0,0,0,1384.3
1557,0,0,0,0,0,0,0,0,0,0,0,1384.3
1558,0,0,0,0,0,0,0,0,0,0,0,1384.3
1559,0,0,0,0,0,0,0,0,0,0,0,1384.3
1560,0,0,0,0,0,0,0,0,0,0,0,1384.3
1561,0,0,0,0,0,0,0,0,0,0,0,1384.3
1562,0,0,0,0,0,0,0,0,0,0,0,1384.3
1563,0,0,0,0,0,0,0,0,0,0,0,1384.3
1564,0,0,0,0,0,0,0,0,0,0,0,1384.3
1565,0,0,0,0,0,0,0,0,0,0,0,1384.3
1566,0,0,0,0,0,0,0,0,0,0,0,1384.3
1567,0,0,0,0,0,0,0,0,0,0,0,1384.3
1568,0,0,0,0,0,0,0,0,0,0,0,1384.3
1569,0,0,0,0,0,0,0,0,0,0,0,1384.3
1570,0,0,0,0,0,0,0,0,0,0,0,1346.8
1571,0,0,0,0,0,0,0,0,0,0,0,1346.8
1572,0,0,0,0,0,0,0,0,0,0,0,1346.8
1573,0,0,0,0,0,0,0,0,0,0,0,1346.8
1574,0,0,0,0,0,0,0,0,0,0,0,1346.8
1575,0,0,0,0,0,0,0,0,0,0,0,1346.8
1576,0,0,0,0,0,0,0,0,0,0,0,1346.8
1577,0,0,0,0,0,0,0,0,0,0,0,1346.8
1578,0,0,0,0,0,0,0,0,0,0,0,1346.8
1579,0,0,0,0,0,0,0,0,0,0,0,1346.8
1580,0,0,0,0,0,0,0,0,0,0,0,1346.8
1581,0,0,0,0,0,0,0,0,0,0,0,1346.8
1582,0,0,0,0,0,0,0,0,0,0,0,1346.8
1583,0,0,0,0,0,0,0,0,0,0,0,1346.8
1584,0,0,0,0,0,0,0,0,0,0,0,1346.8
1585,0,0,0,0,0,0,0,0,0,0,0,1346.8
1586,0,0,0,0,0,0,0,0,0,0,0,1346.8
1587,0,0,0,0,0,0,0,0,0,0,0,1346.8
1588,0,0,0,0,0,0,0,0,0,0,0,1346.8
1589,0,0,0,0,0,0,0,0,0,0,0,1346.8
1590,0,0,0,0,0,0,0,0,0,0,0,1346.8
1591,0,0,0,0,0,0,0,0,0,0,0,1346.8
1592,0,0,0,0,0,0,0,0,0,0,0,1346.8
1593,0,0,0,0,0,0,0,0,0,0,0,1346.8
1594,0,0,0,0,0,0,0,0,0,0,0,1346.8
1595,0,0,0,0,0,0,0,0,0,0,0,1346.8
1596,0,0,0,0,0,0,0,0,0,0,0,1346.8
1597,0,0,0,0,0,0,0,0,0,0,0,1346.8
1598,0,0,0,0,0,0,0,0,0,0,0,1346.8
1599,0,0,0,0,0,0,0,0,0,0,0,1346.8
1600,0,0,0,0,0,0,0,0,0,0,0,1346.8
1601,0,0,0,0,0,0,0,0,0,0,0,1346.8
1602,0,0,0,0,0,0,0,0,0,0,0,1346.8
1603,0,0,0,0,0,0,0,0,0,0,0,1346.8
1604,0,0,0,0,0,0,0,0,0,0,0,1346.8
1605,0,0,0,0,0,0,0,0,0,0,0,1346.8
1606,0,0,0,0,0,0,0,0,0,0,0,1346.8
1607,0,0,0,0,0,0,0,0,0,0,0,1346.8
1608,0,0,0,0,0,0,0,0,0,0,0,1346.8
1609,0,0,0,0,0,0,0,0,0,0,0,1346.8
1610,0,0,0,0,0,0,0,0,0,0,0,1312.4
1611,0,0,0,0,0,0,0,0,0,0,0,1312.4
1612,0,0,0,0,0,0,0,0,0,0,0,1312.4
1613,0,0,0,0,0,0,0,0,0,0,0,1312.4
1614,0,0,0,0,0,0,0,0,0,0,0,1312.4
1615,0,0,0,0,0,0,0,0,0,0,0,1312.4
1616,0,0,0,0,0,0,0,0,0,0,0,1312.4
1617,0,0,0,0,0,0,0,0,0,0,0,1312.4
1618,0,0,0,0,0,0,0,0,0,0,0,1312.4
1619,0,0,0,0,0,0,0,0,0,0,0,1312.4
1620,0,0,0,0,0,0,0,0,0,0,0,1312.4
1621,0,0,0,0,0,0,0,0,0,0,0,1312.4
1622,0,0,0,0,0,0,0,0,0,0,0,1312.4
1623,0,0,0,0,0,0,0,0,0,0,0,1312.4
1624,0,0,0,0,0,0,0,0,0,0,0,1312.4
1625,0,0,0,0,0,0,0,0,0,0,0,1312.4
1626,0,0,0,0,0,0,0,0,0,0,0,1312.4
1627,0,0,0,0,0,0,0,0,0,0,0,1312.4
1628,0,0,0,0,0,0,0,0,0,0,0,1312.4
1629,0,0,0,0,0,0,0,0,0,0,0,1312.4
1630,0,0,0,0,0,0,0,0,0,0,0,1312.4
1631,0,0,0,0,0,0,0,0,0,0,0,1312.4
1632,0,0,0,0,0,0,0,0,0,0,0,1312.4
1633,0,0,0,0,0,0,0,0,0,0,0,1312.4
1634,0,0,0,0,0,0,0,0,0,0,0,1312.4
1635,0,0,0,0,0,0,0,0,0,0,0,1312.4
1636,0,0,0,0,0,0,0,0,0,0,0,1312.4
1637,0,0,0,0,0,0,0,0,0,0,0,1312.4
1638,0,0,0,0,0,0,0,0,0,0,0,1312.4
1639,0,0,0,0,0,0,0,0,0,0,0,1312.4
1640,0,0,0,0,0,0,0,0,0,0,0,1312.4
1641,0,0,0,0,0,0,0,0,0,0,0,1312.4
1642,0,0,0,0,0,0,0,0,0,0,0,1312.4
1643,0,0,0,0,0,0,0,0,0,0,0,1312.4
1644,0,0,0,0,0,0,0,0,0,0,0,1312.4
1645,0,0,0,0,0,0,0,0,0,0,0,1312.4
1646,0,0,0,0,0,0,0,0,0,0,0,1312.4
1647,0,0,0,0,0,0,0,0,0,0,0,1312.4
1648,0,0,0,0,0,0,0,0,0,0,0,1312.4
1649,0,0,0,0,0,0,0,0,0,0,0,1312.4
1650,0,0,0,0,0,0,0,0,0,0,0,1284.7
1651,0,0,0,0,0,0,0,0,0,0,0,1284.7
1652,0,0,0,0,0,0,0,0,0,0,0,1284.7
1653,0,0,0,0,0,0,0,0,0,0,0,1284.7
1654,0,0,0,0,0,0,0,0,0,0,0,1284.7
1655,0,0,0,0,0,0,0,0,0,0,0,1284.7
1656,0,0,0,0,0,0,0,0,0,0,0,1284.7
1657,0,0,0,0,0,0,0,0,0,0,0,1284.7
1658,0,0,0,0,0,0,0,0,0,0,0,1284.7
1659,0,0,0,0,0,0,0,0,0,0,0,1284.7
1660,0,0,0,0,0,0,0,0,0,0,0,1284.7
1661,0,0,0,0,0,0,0,0,0,0,0,1284.7
1662,0,0,0,0,0,0,0,0,0,0,0,1284.7
1663,0,0,0,0,0,0,0,0,0,0,0,1284.7
1664,0,0,0,0,0,0,0,0,0,0,0,1284.7
1665,0,0,0,0,0,0,0,0,0,0,0,1284.7
1666,0,0,0,0,0,0,0,0,0,0,0,1284.7
1667,0,0,0,0,0,0,0,0,0,0,0,1284.7
1668,0,0,0,0,0,0,0,0,0,0,0,1284.7
1669,0,0,0,0,0,0,0,0,0,0,0,1284.7
1670,0,0,0,0,0,0,0,0,0,0,0,1284.7
1671,0,0,0,0,0,0,0,0,0,0,0,1284.7
1672,0,0,0,0,0,0,0,0,0,0,0,1284.7
1673,0,0,0,0,0,0,0,0,0,0,0,1284.7
1674,0,0,0,0,0,0,0,0,0,0,0,1284.7
1675,0,0,0,0,0,0,0,0,0,0,0,1284.7
1676,0,0,0,0,0,0,0,0,0,0,0,1284.7
1677,0,0,0,0,0,0,0,0,0,0,0,1284.7
1678,0,0,0,0,0,0,0,0,0,0,0,1284.7
1679,0,0,0,0,0,0,0,0,0,0,0,1284.7
1680,0,0,0,0,0,0,0,0,0,0,0,1284.7
1681,0,0,0,0,0,0,0,0,0,0,0,1284.7
1682,0,0,0,0,0,0,0,0,0,0,0,1284.7
1683,0,0,0,0,0,0,0,0,0,0,0,1284.7
1684,0,0,0,0,0,0,0,0,0,0,0,1284.7
1685,0,0,0,0,0,0,0,0,0,0,0,1284.7
1686,0,0,0,0,0,0,0,0,0,0,0,1284.7
1687,0,0,0,0,0,0,0,0,0,0,0,1284.7
1688,0,0,0,0,0,0,0,0,0,0,0,1284.7
1689,0,0,0,0,0,0,0,0,0,0,0,1284.7
1690,0,0,0,0,0,0,0,0,0,0,0,1204.2
1691,0,0,0,0,0,0,0,0,0,0,0,1204.2
1692,0,0,0,0,0,0,0,0,0,0,0,1204.2
1693,0,0,0,0,0,0,0,0,0,0,0,1204.2
1694,0,0,0,0,0,0,0,0,0,0,0,1204.2
1695,0,0,0,0,0,0,0,0,0,0,0,1204.2
1696,0,0,0,0,0,0,0,0,0,0,0,1204.2
1697,0,0,0,0,0,0,0,0,0,0,0,1204.2
1698,0,0,0,0,0,0,0,0,0,0,0,1204.2
1699,0,0,0,0,0,0,0,0,0,0,0,1204.2
1700,0,0,0,0,0,0,0,0,0,0,0,1204.2
1701,0,0,0,0,0,0,0,0,0,0,0,1204.2
1702,0,0,0,0,0,0,0,0,0,0,0,1204.2
1703,0,0,0,0,0,0,0,0,0,0,0,1204.2
1704,0,0,0,0,0,0,0,0,0,0,0,1204.2
1705,0,0,0,0,0,0,0,0,0,0,0,1204.2
1706,0,0,0,0,0,0,0,0,0,0,0,1204.2
1707,0,0,0,0,0,0,0,0,0,0,0,1204.2
1708,0,0,0,0,0,0,0,0,0,0,0,1204.2
1709,0,0,0,0,0,0,0,0,0,0,0,1204.2
1710,0,0,0,0,0,0,0,0,0,0,0,1204.2
1711,0,0,0,0,0,0,0,0,0,0,0,1204.2
1712,0,0,0,0,0,0,0,0,0,0,0,1204.2
1713,0,0,0,0,0,0,0,0,0,0,0,1204.2
1714,0,0,0,0,0,0,0,0,0,0,0,1204.2
1715,0,0,0,0,0,0,0,0,0,0,0,1204.2
1716,0,0,0,0,0,0,0,0,0,0,0,1204.2
1717,0,0,0,0,0,0,0,0,0,0,0,1204.2
1718,0,0,0,0,0,0,0,0,0,0,0,1204.2
1719,0,0,0,0,0,0,0,0,0,0,0,1204.2
1720,0,0,0,0,0,0,0,0,0,0,0,1204.2
1721,0,0,0,0,0,0,0,0,0,0,0,1204.2
1722,0,0,0,0,0,0,0,0,0,0,0,1204.2
1723,0,0,0,0,0,0,0,0,0,0,0,1204.2
1724,0,0,0,0,0,0,0,0,0,0,0,1204.2
1725,0,0,0,0,0,0,0,0,0,0,0,1204.2
1726,0,0,0,0,0,0,0,0,0,0,0,1204.2
1727,0,0,0,0,0,0,0,0,0,0,0,1204.2
1728,0,0,0,0,0,0,0,0,0,0,0,1204.2
1729,0,0,0,0,0,0,0,0,0,0,0,1204.2
1730,0,0,0,0,0,0,0,0,0,0,0,1170.3
1731,0,0,0,0,0,0,0,0,0,0,0,1170.3
1732,0,0,0,0,0,0,0,0,0,0,0,1170.3
1733,0,0,0,0,0,0,0,0,0,0,0,1170.3
1734,0,0,0,0,0,0,0,0,0,0,0,1170.3
1735,0,0,0,0,0,0,0,0,0,0,0,1170.3
1736,0,0,0,0,0,0,0,0,0,0,0,1170.3
1737,0,0,0,0,0,0,0,0,0,0,0,1170.3
1738,0,0,0,0,0,0,0,0,0,0,0,1170.3
1739,0,0,0,0,0,0,0,0,0,0,0,1170.3
1740,0,0,0,0,0,0,0,0,0,0,0,1170.3
1741,0,0,0,0,0,0,0,0,0,0,0,1170.3
1742,0,0,0,0,0,0,0,0,0,0,0,1170.3
1743,0,0,0,0,0,0,0,0,0,0,0,1170.3
1744,0,0,0,0,0,0,0,0,0,0,0,1170.3
1745,0,0,0,0,0,0,0,0,0,0,0,1170.3
1746,0,0,0,0,0,0,0,0,0,0,0,1170.3
1747,0,0,0,0,0,0,0,0,0,0,0,1170.3
1748,0,0,0,0,0,0,0,0,0,0,0,1170.3
1749,0,0,0,0,0,0,0,0,0,0,0,1170.3
1750,0,0,0,0,0,0,0,0,0,0,0,1170.3
1751,0,0,0,0,0,0,0,0,0,0,0,1170.3
1752,0,0,0,0,0,0,0,0,0,0,0,1170.3
1753,0,0,0,0,0,0,0,0,0,0,0,1170.3
1754,0,0,0,0,0,0,0,0,0,0,0,1170.3
1755,0,0,0,0,0,0,0,0,0,0,0,1170.3
1756,0,0,0,0,0,0,0,0,0,0,0,1170.3
1757,0,0,0,0,0,0,0,0,0,0,0,1170.3
1758,0,0,0,0,0,0,0,0,0,0,0,1170.3
1759,0,0,0,0,0,0,0,0,0,0,0,1170.3
1760,0,0,0,0,0,0,0,0,0,0,0,1170.3
1761,0,0,0,0,0,0,0,0,0,0,0,1170.3
1762,0,0,0,0,0,0,0,0,0,0,0,1170.3
1763,0,0,0,0,0,0,0,0,0,0,0,1170.3
1764,0,0,0,0,0,0,0,0,0,0,0,1170.3
1765,0,0,0,0,0,0,0,0,0,0,0,1170.3
1766,0,0,0,0,0,0,0,0,0,0,0,1170.3
1767,0,0,0,0,0,0,0,0,0,0,0,1170.3
1768,0,0,0,0,0,0,0,0,0,0,0,1170.3
1769,0,0,0,0,0,0,0,0,0,0,0,1170.3
1770,0,0,0,0,0,0,0,0,0,0,0,1163.7
1771,0,0,0,0,0,0,0,0,0,0,0,1163.7
1772,0,0,0,0,0,0,0,0,0,0,0,1163.7
1773,0,0,0,0,0,0,0,0,0,0,0,1163.7
1774,0,0,0,0,0,0,0,0,0,0,0,1163.7
1775,0,0,0,0,0,0,0,0,0,0,0,1163.7
1776,0,0,0,0,0,0,0,0,0,0,0,1163.7
1777,0,0,0,0,0,0,0,0,0,0,0,1163.7
1778,0,0,0,0,0,0,0,0,0,0,0,1163.7
1779,0,0,0,0,0,0,0,0,0,0,0,1163.7
1780,0,0,0,0,0,0,0,0,0,0,0,1163.7
1781,0,0,0,0,0,0,0,0,0,0,0,1163.7
1782,0,0,0,0,0,0,0,0,0,0,0,1163.7
1783,0,0,0,0,0,0,0,0,0,0,0,1163.7
1784,0,0,0,0,0,0,0,0,0,0,0,1163.7
1785,0,0,0,0,0,0,0,0,0,0,0,1163.7
1786,0,0,0,0,0,0,0,0,0,0,0,1163.7
1787,0,0,0,0,0,0,0,0,0,0,0,1163.7
1788,0,0,0,0,0,0,0,0,0,0,0,1163.7
1789,0,0,0,0,0,0,0,0,0,0,0,1163.7
1790,0,0,0,0,0,0,0,0,0,0,0,1163.7
1791,0,0,0,0,0,0,0,0,0,0,0,1163.7
1792,0,0,0,0,0,0,0,0,0,0,0,1163.7
1793,0,0,0,0,0,0,0,0,0,0,0,1163.7
1794,0,0,0,0,0,0,0,0,0,0,0,1163.7
1795,0,0,0,0,0,0,0,0,0,0,0,1163.7
1796,0,0,0,0,0,0,0,0,0,0,0,1163.7
1797,0,0,0,0,0,0,0,0,0,0,0,1163.7
1798,0,0,0,0,0,0,0,0,0,0,0,1163.7
1799,0,0,0,0,0,0,0,0,0,0,0,1163.7
1800,0,0,0,0,0,0,0,0,0,0,0,1163.7
1801,0,0,0,0,0,0,0,0,0,0,0,1163.7
1802,0,0,0,0,0,0,0,0,0,0,0,1163.7
1803,0,0,0,0,0,0,0,0,0,0,0,1163.7
1804,0,0,0,0,0,0,0,0,0,0,0,1163.7
1805,0,0,0,0,0,0,0,0,0,0,0,1163.7
1806,0,0,0,0,0,0,0,0,0,0,0,1163.7
1807,0,0,0,0,0,0,0,0,0,0,0,1163.7
1808,0,0,0,0,0,0,0,0,0,0,0,1163.7
1809,0,0,0,0,0,0,0,0,0,0,0,1163.7
1810,0,0,0,0,0,0,0,0,0,0,0,1157.1
1811,0,0,0,0,0,0,0,0,0,0,0,1157.1
1812,0,0,0,0,0,0,0,0,0,0,0,1157.1
1813,0,0,0,0,0,0,0,0,0,0,0,1157.1
1814,0,0,0,0,0,0,0,0,0,0,0,1157.1
1815,0,0,0,0,0,0,0,0,0,0,0,1157.1
1816,0,0,0,0,0,0,0,0,0,0,0,1157.1
1817,0,0,0,0,0,0,0,0,0,0,0,1157.1
1818,0,0,0,0,0,0,0,0,0,0,0,1157.1
1819,0,0,0,0,0,0,0,0,0,0,0,1157.1
1820,0,0,0,0,0,0,0,0,0,0,0,1157.1
1821,0,0,0,0,0,0,0,0,0,0,0,1157.1
1822,0,0,0,0,0,0,0,0,0,0,0,1157.1
1823,0,0,0,0,0,0,0,0,0,0,0,1157.1
1824,0,0,0,0,0,0,0,0,0,0,0,1157.1
1825,0,0,0,0,0,0,0,0,0,0,0,1157.1
1826,0,0,0,0,0,0,0,0,0,0,0,1157.1
1827,0,0,0,0,0,0,0,0,0,0,0,1157.1
1828,0,0,0,0,0,0,0,0,0,0,0,1157.1
1829,0,0,0,0,0,0,0,0,0,0,0,1157.1
1830,0,0,0,0,0,0,0,0,0,0,0,1157.1
1831,0,0,0,0,0,0,0,0,0,0,0,1157.1
1832,0,0,0,0,0,0,0,0,0,0,0,1157.1
1833,0,0,0,0,0,0,0,0,0,0,0,1157.1
1834,0,0,0,0,0,0,0,0,0,0,0,1157.1
1835,0,0,0,0,0,0,0,0,0,0,0,1157.1
1836,0,0,0,0,0,0,0,0,0,0,0,1157.1
1837,0,0,0,0,0,0,0,0,0,0,0,1157.1
1838,0,0,0,0,0,0,0,0,0,0,0,1157.1
1839,0,0,0,0,0,0,0,0,0,0,0,1157.1
1840,0,0,0,0,0,0,0,0,0,0,0,1157.1
1841,0,0,0,0,0,0,0,0,0,0,0,1157.1
1842,0,0,0,0,0,0,0,0,0,0,0,1157.1
1843,0,0,0,0,0,0,0,0,0,0,0,1157.1
1844,0,0,0,0,0,0,0,0,0,0,0,1157.1
1845,0,0,0,0,0,0,0,0,0,0,0,1157.1
1846,0,0,0,0,0,0,0,0,0,0,0,1157.1
1847,0,0,0,0,0,0,0,0,0,0,0,1157.1
1848,0,0,0,0,0,0,0,0,0,0,0,1157.1
1849,0,0,0,0,0,0,0,0,0,0,0,1157.1
1850,0,0,0,0,0,0,0,0,0,0,0,1141.8
1851,0,0,0,0,0,0,0,0,0,0,0,1141.8
1852,0,0,0,0,0,0,0,0,0,0,0,1141.8
1853,0,0,0,0,0,0,0,0,0,0,0,1141.8
1854,0,0,0,0,0,0,0,0,0,0,0,1141.8
1855,0,0,0,0,0,0,0,0,0,0,0,1141.8
1856,0,0,0,0,0,0,0,0,0,0,0,1141.8
1857,0,0,0,0,0,0,0,0,0,0,0,1141.8
1858,0,0,0,0,0,0,0,0,0,0,0,1141.8
1859,0,0,0,0,0,0,0,0,0,0,0,1141.8
1860,0,0,0,0,0,0,0,0,0,0,0,1141.8
1861,0,0,0,0,0,0,0,0,0,0,0,1141.8
1862,0,0,0,0,0,0,0,0,0,0,0,1141.8
1863,0,0,0,0,0,0,0,0,0,0,0,1141.8
1864,0,0,0,0,0,0,0,0,0,0,0,1141.8
1865,0,0,0,0,0,0,0,0,0,0,0,1141.8
1866,0,0,0,0,0,0,0,0,0,0,0,1141.8
1867,0,0,0,0,0,0,0,0,0,0,0,1141.8
1868,0,0,0,0,0,0,0,0,0,0,0,1141.8
1869,0,0,0,0,0,0,0,0,0,0,0,1141.8
1870,0,0,0,0,0,0,0,0,0,0,0,1141.8
1871,0,0,0,0,0,0,0,0,0,0,0,1141.8
1872,0,0,0,0,0,0,0,0,0,0,0,1141.8
1873,0,0,0,0,0,0,0,0,0,0,0,1141.8
1874,0,0,0,0,0,0,0,0,0,0,0,1141.8
1875,0,0,0,0,0,0,0,0,0,0,0,1141.8
1876,0,0,0,0,0,0,0,0,0,0,0,1141.8
1877,0,0,0,0,0,0,0,0,0,0,0,1141.8
1878,0,0,0,0,0,0,0,0,0,0,0,1141.8
1879,0,0,0,0,0,0,0,0,0,0,0,1141.8
1880,0,0,0,0,0,0,0,0,0,0,0,1141.8
1881,0,0,0,0,0,0,0,0,0,0,0,1141.8
1882,0,0,0,0,0,0,0,0,0,0,0,1141.8
1883,0,0,0,0,0,0,0,0,0,0,0,1141.8
1884,0,0,0,0,0,0,0,0,0,0,0,1141.8
1885,0,0,0,0,0,0,0,0,0,0,0,1141.8
1886,0,0,0,0,0,0,0,0,0,0,0,1141.8
1887,0,0,0,0,0,0,0,0,0,0,0,1141.8
1888,0,0,0,0,0,0,0,0,0,0,0,1141.8
1889,0,0,0,0,0,0,0,0,0,0,0,1141.8
1890,0,0,0,0,0,0,0,0,0,0,0,1114.7
1891,0,0,0,0,0,0,0,0,0,0,0,1114.7
1892,0,0,0,0,0,0,0,0,0,0,0,1114.7
1893,0,0,0,0,0,0,0,0,0,0,0,1114.7
1894,0,0,0,0,0,0,0,0,0,0,0,1114.7
1895,0,0,0,0,0,0,0,0,0,0,0,1114.7
1896,0,0,0,0,0,0,0,0,0,0,0,1114.7
1897,0,0,0,0,0,0,0,0,0,0,0,1114.7
1898,0,0,0,0,0,0,0,0,0,0,0,1114.7
1899,0,0,0,0,0,0,0,0,0,0,0,1114.7
1900,0,0,0,0,0,0,0,0,0,0,0,1114.7
1901,0,0,0,0,0,0,0,0,0,0,0,1114.7
1902,0,0,0,0,0,0,0,0,0,0,0,1114.7
1903,0,0,0,0,0,0,0,0,0,0,0,1114.7
1904,0,0,0,0,0,0,0,0,0,0,0,1114.7
1905,0,0,0,0,0,0,0,0,0,0,0,1114.7
1906,0,0,0,0,0,0,0,0,0,0,0,1114.7
1907,0,0,0,0,0,0,0,0,0,0,0,1114.7
1908,0,0,0,0,0,0,0,0,0,0,0,1114.7
1909,0,0,0,0,0,0,0,0,0,0,0,1114.7
1910,0,0,0,0,0,0,0,0,0,0,0,1114.7
1911,0,0,0,0,0,0,0,0,0,0,0,1114.7
1912,0,0,0,0,0,0,0,0,0,0,0,1114.7
1913,0,0,0,0,0,0,0,0,0,0,0,1114.7
1914,0,0,0,0,0,0,0,0,0,0,0,1114.7
1915,0,0,0,0,0,0,0,0,0,0,0,1114.7
1916,0,0,0,0,0,0,0,0,0,0,0,1114.7
1917,0,0,0,0,0,0,0,0,0,0,0,1114.7
1918,0,0,0,0,0,0,0,0,0,0,0,1114.7
1919,0,0,0,0,0,0,0,0,0,0,0,1114.7
1920,0,0,0,0,0,0,0,0,0,0,0,1114.7
1921,0,0,0,0,0,0,0,0,0,0,0,1114.7
1922,0,0,0,0,0,0,0,0,0,0,0,1114.7
1923,0,0,0,0,0,0,0,0,0,0,0,1114.7
1924,0,0,0,0,0,0,0,0,0,0,0,1114.7
1925,0,0,0,0,0,0,0,0,0,0,0,1114.7
1926,0,0,0,0,0,0,0,0,0,0,0,1114.7
1927,0,0,0,0,0,0,0,0,0,0,0,1114.7
1928,0,0,0,0,0,0,0,0,0,0,0,1114.7
1929,0,0,0,0,0,0,0,0,0,0,0,1114.7
1930,0,0,0,0,0,0,0,0,0,0,0,1093.7
1931,0,0,0,0,0,0,0,0,0,0,0,1093.7
1932,0,0,0,0,0,0,0,0,0,0,0,1093.7
1933,0,0,0,0,0,0,0,0,0,0,0,1093.7
1934,0,0,0,0,0,0,0,0,0,0,0,1093.7
1935,0,0,0,0,0,0,0,0,0,0,0,1093.7
1936,0,0,0,0,0,0,0,0,0,0,0,1093.7
1937,0,0,0,0,0,0,0,0,0,0,0,1093.7
1938,0,0,0,0,0,0,0,0,0,0,0,1093.7
1939,0,0,0,0,0,0,0,0,0,0,0,1093.7
1940,0,0,0,0,0,0,0,0,0,0,0,1093.7
1941,0,0,0,0,0,0,0,0,0,0,0,1093.7
1942,0,0,0,0,0,0,0,0,0,0,0,1093.7
1943,0,0,0,0,0,0,0,0,0,0,0,1093.7
1944,0,0,0,0,0,0,0,0,0,0,0,1093.7
1945,0,0,0,0,0,0,0,0,0,0,0,1093.7
1946,0,0,0,0,0,0,0,0,0,0,0,1093.7
1947,0,0,0,0,0,0,0,0,0,0,0,1093.7
1948,0,0,0,0,0,0,0,0,0,0,0,1093.7
1949,0,0,0,0,0,0,0,0,0,0,0,1093.7
1950,0,0,0,0,0,0,0,0,0,0,0,1093.7
1951,0,0,0,0,0,0,0,0,0,0,0,1093.7
1952,0,0,0,0,0,0,0,0,0,0,0,1093.7
1953,0,0,0,0,0,0,0,0,0,0,0,1093.7
1954,0,0,0,0,0,0,0,0,0,0,0,1093.7
1955,0,0,0,0,0,0,0,0,0,0,0,1093.7
1956,0,0,0,0,0,0,0,0,0,0,0,1093.7
1957,0,0,0,0,0,0,0,0,0,0,0,1093.7
1958,0,0,0,0,0,0,0,0,0,0,0,1093.7
1959,0,0,0,0,0,0,0,0,0,0,0,1093.7
1960,0,0,0,0,0,0,0,0,0,0,0,1093.7
1961,0,0,0,0,0,0,0,0,0,0,0,1093.7
1962,0,0,0,0,0,0,0,0,0,0,0,1093.7
1963,0,0,0,0,0,0,0,0,0,0,0,1093.7
1964,0,0,0,0,0,0,0,0,0,0,0,1093.7
1965,0,0,0,0,0,0,0,0,0,0,0,1093.7
1966,0,0,0,0,0,0,0,0,0,0,0,1093.7
1967,0,0,0,0,0,0,0,0,0,0,0,1093.7
1968,0,0,0,0,0,0,0,0,0,0,0,1093.7
1969,0,0,0,0,0,0,0,0,0,0,0,1093.7
1970,0,0,0,0,0,0,0,0,0,0,0,1072.4
1971,0,0,0,0,0,0,0,0,0,0,0,1072.4
1972,0,0,0,0,0,0,0,0,0,0,0,1072.4
1973,0,0,0,0,0,0,0,0,0,0,0,1072.4
1974,0,0,0,0,0,0,0,0,0,0,0,1072.4
1975,0,0,0,0,0,0,0,0,0,0,0,1072.4
1976,0,0,0,0,0,0,0,0,0,0,0,1072.4
1977,0,0,0,0,0,0,0,0,0,0,0,1072.4
1978,0,0,0,0,0,0,0,0,0,0,0,1072.4
1979,0,0,0,0,0,0,0,0,0,0,0,1072.4
1980,0,0,0,0,0,0,0,0,0,0,0,1072.4
1981,0,0,0,0,0,0,0,0,0,0,0,1072.4
1982,0,0,0,0,0,0,0,0,0,0,0,1072.4
1983,0,0,0,0,0,0,0,0,0,0,0,1072.4
1984,0,0,0,0,0,0,0,0,0,0,0,1072.4
1985,0,0,0,0,0,0,0,0,0,0,0,1072.4
1986,0,0,0,0,0,0,0,0,0,0,0,1072.4
1987,0,0,0,0,0,0,0,0,0,0,0,1072.4
1988,0,0,0,0,0,0,0,0,0,0,0,1072.4
1989,0,0,0,0,0,0,0,0,0,0,0,1072.4
1990,0,0,0,0,0,0,0,0,0,0,0,1072.4
1991,0,0,0,0,0,0,0,0,0,0,0,1072.4
1992,0,0,0,0,0,0,0,0,0,0,0,1072.4
1993,0,0,0,0,0,0,0,0,0,0,0,1072.4
1994,0,0,0,0,0,0,0,0,0,0,0,1072.4
1995,0,0,0,0,0,0,0,0,0,0,0,1072.4
1996,0,0,0,0,0,0,0,0,0,0,0,1072.4
1997,0,0,0,0,0,0,0,0,0,0,0,1072.4
1998,0,0,0,0,0,0,0,0,0,0,0,1072.4
1999,0,0,0,0,0,0,0,0,0,0,0,1072.4
2000,0,0,0,0,0,0,0,0,0,0,0,1072.4
